line_id,claim_id,rendering_provider_id,ordering_provider_id,dos_from,dos_to,code_system,code,modifiers,units,minutes,mileage,dx,pos,charge,allowed,paid
LN-3QPB4C5F29,CLM-KKSTQ4UZ7U,PRV-CYX8UDJJ75,PRV-CYX8UDJJ75,2024-05-26,2024-05-26,SYNTH,EM-EST-4,[],1.0,,,['SYN-DX-01'],11,160.35,131.49,118.34
LN-XBFX3LRQ27,CLM-FNAPVNSGCC,PRV-52P4GQD2DS,PRV-52P4GQD2DS,2024-08-26,2024-08-26,SYNTH,EM-EST-3,[],1.0,,,['SYN-DX-01'],11,163.12,133.76,120.38
LN-BC6YP8SN7Z,CLM-NB89QZ8RFD,PRV-LVGM3QWE3V,PRV-LVGM3QWE3V,2024-01-17,2024-01-17,SYNTH,DME-CATH,[],1.0,,,['SYN-DX-01'],12,177.98,145.94,131.35
LN-4VW3HRGVPW,CLM-XQY6TBZBTE,PRV-EWJD2QDPA6,PRV-EWJD2QDPA6,2024-07-12,2024-07-12,SYNTH,EM-EST-1,[],1.0,,,['SYN-DX-01'],11,142.3,116.69,105.02
LN-QXQYT2RVBF,CLM-REHTAZGSLH,PRV-H9LG5VAJ3J,PRV-H9LG5VAJ3J,2024-08-15,2024-08-15,SYNTH,FAC-DAY,[],1.0,,,['SYN-DX-01'],21,169.68,139.14,125.23
LN-3BQ67L8DYV,CLM-YMUSW75LQC,PRV-6LZYWNNT2J,PRV-6LZYWNNT2J,2024-01-07,2024-01-07,SYNTH,LAB-GEN-01,[],1.0,,,['SYN-DX-01'],11,193.92,159.01,143.11
LN-69F4SJ2GQS,CLM-QAV8RQQET6,PRV-DVP5UVKXMG,PRV-DVP5UVKXMG,2024-03-28,2024-03-28,SYNTH,EM-EST-3,[],1.0,,,['SYN-DX-01'],11,179.32,147.04,132.34
LN-D9KQKLYMCE,CLM-U9DUS7CPD2,PRV-ZU6YL2HNHH,PRV-ZU6YL2HNHH,2024-03-23,2024-03-23,SYNTH,HH-VISIT,[],1.0,45.0,,['SYN-DX-01'],12,184.11,150.97,135.87
LN-2ZHGMSYJYP,CLM-QXNTEZACHG,PRV-EGMCSQWZE2,PRV-EGMCSQWZE2,2024-07-31,2024-07-31,SYNTH,PSY-30,[],1.0,30.0,,['SYN-DX-01'],11,188.3,154.41,138.97
LN-3X96BTLYE4,CLM-CXVQF5NY49,PRV-E2KQR2ZK3Q,PRV-E2KQR2ZK3Q,2024-01-19,2024-01-19,NDC-SYN,NDC-OPIOID-01,[],1.0,,,['SYN-DX-01'],11,159.62,130.89,117.8
LN-72PB4HPBL6,CLM-3BY47TM5RL,PRV-KGZA99WKKT,PRV-KGZA99WKKT,2024-01-14,2024-01-14,HCPCS2,A0425,[],13.0,,13.0,['SYN-DX-01'],41,111.6,91.51,82.36
LN-XZKRGSHFYE,CLM-DNBFAM79CL,PRV-5AE63K9XH5,PRV-5AE63K9XH5,2024-08-21,2024-08-21,SYNTH,HH-VISIT,[],1.0,45.0,,['SYN-DX-01'],12,165.34,135.58,122.02
LN-47HTD4LW6T,CLM-VWLWNLFLLQ,PRV-AEV55VW98C,PRV-AEV55VW98C,2024-02-09,2024-02-09,HCPCS2,A0425,[],38.0,,38.0,['SYN-DX-01'],41,389.64,319.5,287.55
LN-YDK2VXXKA5,CLM-C5XNT4J8DU,PRV-EGMCSQWZE2,PRV-EGMCSQWZE2,2024-07-19,2024-07-19,SYNTH,PSY-30,[],1.0,30.0,,['SYN-DX-01'],11,187.08,153.41,138.07
LN-LQT4E7N8K2,CLM-M4CDHAJVXP,PRV-52P4GQD2DS,PRV-52P4GQD2DS,2024-03-27,2024-03-27,SYNTH,EM-EST-1,[],1.0,,,['SYN-DX-01'],11,172.34,141.32,127.19
LN-HDDKTCQXYR,CLM-SDNWPMJNJG,PRV-4TYA4STMB7,PRV-4TYA4STMB7,2024-01-20,2024-01-20,SYNTH,DME-CATH,[],1.0,,,['SYN-DX-01'],12,164.33,134.75,121.28
LN-NDFTHDNHNV,CLM-HXA3VNAQTW,PRV-GZWKQRABYX,PRV-GZWKQRABYX,2024-01-01,2024-01-01,SYNTH,FAC-DAY,[],1.0,,,['SYN-DX-01'],21,169.63,139.1,125.19
LN-TXQ7D8H9V5,CLM-D2EYNTNV2U,PRV-GG7BBL7G9L,PRV-GG7BBL7G9L,2024-02-26,2024-02-26,SYNTH,LAB-PNL-01,[],1.0,,,['SYN-DX-01'],11,164.27,134.7,121.23
LN-6H552LXN83,CLM-5BSGRNNC6P,PRV-ZU6YL2HNHH,PRV-ZU6YL2HNHH,2024-03-07,2024-03-07,SYNTH,HH-VISIT,[],1.0,45.0,,['SYN-DX-01'],12,171.73,140.82,126.74
LN-TRW3B4JDK2,CLM-GZH6VRRFJL,PRV-52P4GQD2DS,PRV-52P4GQD2DS,2024-05-26,2024-05-26,SYNTH,EM-EST-1,[],1.0,,,['SYN-DX-01'],11,213.77,175.29,157.76
LN-7KB3ECUQZS,CLM-ABZ5WY9GZ7,PRV-HC5CWNTSHD,PRV-HC5CWNTSHD,2024-05-25,2024-05-25,SYNTH,EM-EST-4,[],1.0,,,['SYN-DX-01'],11,194.29,159.32,143.39
LN-26DE4EXCPB,CLM-N59CXZNNMN,PRV-CYX8UDJJ75,PRV-CYX8UDJJ75,2024-04-13,2024-04-13,SYNTH,EM-EST-3,[],1.0,,,['SYN-DX-01'],11,177.05,145.18,130.66
LN-K4266XKUFU,CLM-KQZ4DGMSE9,PRV-Z84M5CG5BX,PRV-Z84M5CG5BX,2024-07-21,2024-07-21,NDC-SYN,NDC-OPIOID-01,[],1.0,,,['SYN-DX-01'],11,151.52,124.25,111.83
LN-46BT7QWMTL,CLM-C7MX2UT3FC,PRV-QJ8CAJLGGT,PRV-QJ8CAJLGGT,2024-02-27,2024-02-27,SYNTH,FAC-DAY,[],1.0,,,['SYN-DX-01'],21,174.16,142.81,128.53
LN-Z5TKXLZA9J,CLM-TQB79BX2DM,PRV-QJ8CAJLGGT,PRV-QJ8CAJLGGT,2024-04-06,2024-04-06,SYNTH,FAC-DAY,[],1.0,,,['SYN-DX-01'],21,198.1,162.44,146.2
LN-BF5S6SA3RD,CLM-S9CPYLRF4J,PRV-LEVZRZGE33,PRV-LEVZRZGE33,2024-08-02,2024-08-02,SYNTH,FAC-DAY,[],1.0,,,['SYN-DX-01'],21,184.29,151.12,136.01
LN-7LHUQMEDKU,CLM-VL7GW7WBGJ,PRV-HC5CWNTSHD,PRV-HC5CWNTSHD,2024-07-01,2024-07-01,SYNTH,EM-EST-4,[],1.0,,,['SYN-DX-01'],11,206.7,169.49,152.54
LN-4EZN6P7FHQ,CLM-TDWHQR8VGK,PRV-QJ8CAJLGGT,PRV-QJ8CAJLGGT,2024-01-03,2024-01-03,SYNTH,FAC-DAY,[],1.0,,,['SYN-DX-01'],21,176.47,144.71,130.24
LN-MWNZ2FEKC6,CLM-MV2HKN2NC9,PRV-KGZA99WKKT,PRV-KGZA99WKKT,2024-07-16,2024-07-16,HCPCS2,A0425,[],14.0,,14.0,['SYN-DX-01'],41,131.26,107.63,96.87
LN-7P4CYQ6RE3,CLM-GRVP5Y6JRF,PRV-NNZAMXRZ52,PRV-NNZAMXRZ52,2024-06-05,2024-06-05,NDC-SYN,NDC-OPIOID-01,[],1.0,,,['SYN-DX-01'],11,162.14,132.95,119.65
LN-SDXR9CXST9,CLM-4BY4BNN32U,PRV-R6UGAZC4XJ,PRV-R6UGAZC4XJ,2024-03-22,2024-03-22,SYNTH,HH-VISIT,[],1.0,45.0,,['SYN-DX-01'],12,173.11,141.95,127.75
LN-UHDTKM4DVY,CLM-98YVKKR92N,PRV-HC5CWNTSHD,PRV-HC5CWNTSHD,2024-05-07,2024-05-07,SYNTH,EM-EST-3,[],1.0,,,['SYN-DX-01'],11,172.33,141.31,127.18
LN-42F3RDQJ6M,CLM-J9RGWULZDV,PRV-5AE63K9XH5,PRV-5AE63K9XH5,2024-07-10,2024-07-10,SYNTH,HH-VISIT,[],1.0,45.0,,['SYN-DX-01'],12,174.29,142.92,128.63
LN-YHJWB72KJA,CLM-CH72U2L43R,PRV-KB3DDTGVSY,PRV-KB3DDTGVSY,2024-03-23,2024-03-23,SYNTH,DME-CATH,[],1.0,,,['SYN-DX-01'],12,188.31,154.41,138.97
LN-PEZ5QPT6KL,CLM-DG6ZNEYKY4,PRV-EWJD2QDPA6,PRV-EWJD2QDPA6,2024-01-13,2024-01-13,SYNTH,EM-EST-3,[],1.0,,,['SYN-DX-01'],11,182.15,149.36,134.42
LN-EV5JT953MS,CLM-QDGWBTSBRM,PRV-HC5CWNTSHD,PRV-HC5CWNTSHD,2024-08-11,2024-08-11,SYNTH,EM-EST-4,[],1.0,,,['SYN-DX-01'],11,188.0,154.16,138.74
LN-BEPQACC7WL,CLM-FWURZJV4BP,PRV-5AE63K9XH5,PRV-5AE63K9XH5,2024-05-02,2024-05-02,SYNTH,HH-VISIT,[],1.0,45.0,,['SYN-DX-01'],12,192.54,157.88,142.09
LN-WJQ5EG9NRZ,CLM-8VYVSPMXHH,PRV-5AE63K9XH5,PRV-5AE63K9XH5,2024-04-21,2024-04-21,SYNTH,HH-VISIT,[],1.0,45.0,,['SYN-DX-01'],12,162.62,133.35,120.02
LN-LB9S4P5UHA,CLM-HE67JVLE6A,PRV-R6UGAZC4XJ,PRV-R6UGAZC4XJ,2024-02-19,2024-02-19,SYNTH,HH-VISIT,[],1.0,45.0,,['SYN-DX-01'],12,179.73,147.38,132.64
LN-ABPGHD9JXF,CLM-6H3ENPZS4W,PRV-GQ36BNJZ2W,PRV-GQ36BNJZ2W,2024-04-06,2024-04-06,SYNTH,HH-VISIT,[],1.0,45.0,,['SYN-DX-01'],12,163.59,134.14,120.73
LN-KH3M3WRZ5E,CLM-9K3KWWNGNL,PRV-HC5CWNTSHD,PRV-HC5CWNTSHD,2024-06-08,2024-06-08,SYNTH,EM-EST-3,[],1.0,,,['SYN-DX-01'],11,176.91,145.07,130.56
LN-K2CFFWQBN8,CLM-G3R6T463NP,PRV-DVP5UVKXMG,PRV-DVP5UVKXMG,2024-07-29,2024-07-29,SYNTH,EM-EST-4,[],1.0,,,['SYN-DX-01'],11,185.67,152.25,137.03
LN-GMTAT4A5E4,CLM-UEPNVX6BZH,PRV-ZU6YL2HNHH,PRV-ZU6YL2HNHH,2024-01-11,2024-01-11,SYNTH,HH-VISIT,[],1.0,45.0,,['SYN-DX-01'],12,185.98,152.5,137.25
LN-TAK5XFBFGS,CLM-TQYW726X7X,PRV-52P4GQD2DS,PRV-52P4GQD2DS,2024-06-23,2024-06-23,SYNTH,EM-EST-3,[],1.0,,,['SYN-DX-01'],11,178.87,146.67,132.0
LN-PWQ7LQFYRJ,CLM-5XRMCMA8WT,PRV-KB3DDTGVSY,PRV-KB3DDTGVSY,2024-05-30,2024-05-30,SYNTH,DME-CATH,[],1.0,,,['SYN-DX-01'],12,176.78,144.96,130.46
LN-T43GY6RB9A,CLM-2NK2UUBQ23,PRV-CYX8UDJJ75,PRV-CYX8UDJJ75,2024-05-22,2024-05-22,SYNTH,EM-EST-3,[],1.0,,,['SYN-DX-01'],11,187.77,153.97,138.57
LN-GANPYZAR28,CLM-7Y7HM3KUWK,PRV-96KL4VD67A,PRV-96KL4VD67A,2024-04-22,2024-04-22,SYNTH,LAB-GEN-01,[],1.0,,,['SYN-DX-01'],11,180.27,147.82,133.04
LN-PJRJ89LZQ3,CLM-UZKN3VVGEH,PRV-QJ8CAJLGGT,PRV-QJ8CAJLGGT,2024-07-16,2024-07-16,SYNTH,FAC-DAY,[],1.0,,,['SYN-DX-01'],21,168.71,138.34,124.51
LN-R6ZPKJFSMR,CLM-TKGFCCPUD6,PRV-HC5CWNTSHD,PRV-HC5CWNTSHD,2024-07-31,2024-07-31,SYNTH,EM-EST-4,[],1.0,,,['SYN-DX-01'],11,190.03,155.82,140.24
LN-FWFLBFDZZ4,CLM-P2JEQ2K8KU,PRV-YHCS7YKNYQ,PRV-YHCS7YKNYQ,2024-08-19,2024-08-19,SYNTH,PSY-45,[],1.0,45.0,,['SYN-DX-01'],11,172.44,141.4,127.26
LN-X8HBTU5FD3,CLM-D8H377VV42,PRV-GZWKQRABYX,PRV-GZWKQRABYX,2024-05-20,2024-05-20,SYNTH,FAC-DAY,[],1.0,,,['SYN-DX-01'],21,167.09,137.01,123.31
LN-YG76ZASGWX,CLM-5YQAY9FEDH,PRV-YHCS7YKNYQ,PRV-YHCS7YKNYQ,2024-08-06,2024-08-06,SYNTH,PSY-60,[],1.0,60.0,,['SYN-DX-01'],11,175.1,143.58,129.22
LN-9XSHNBZR89,CLM-693C3B4Z94,PRV-R6UGAZC4XJ,PRV-R6UGAZC4XJ,2024-03-29,2024-03-29,SYNTH,HH-VISIT,[],1.0,45.0,,['SYN-DX-01'],12,177.64,145.66,131.09
LN-RAYSJSW59F,CLM-Y69NES8S9D,PRV-52P4GQD2DS,PRV-52P4GQD2DS,2024-07-09,2024-07-09,SYNTH,EM-EST-4,[],1.0,,,['SYN-DX-01'],11,182.43,149.59,134.63
LN-XX6KG6DL3J,CLM-8Q8W9TAFW8,PRV-EGMCSQWZE2,PRV-EGMCSQWZE2,2024-02-04,2024-02-04,SYNTH,PSY-45,[],1.0,45.0,,['SYN-DX-01'],11,190.67,156.35,140.72
LN-7H2BNYH87M,CLM-ZE3UAR7R6B,PRV-9HWCXGYGRP,PRV-9HWCXGYGRP,2024-05-08,2024-05-08,SYNTH,PSY-45,[],1.0,45.0,,['SYN-DX-01'],11,194.26,159.29,143.36
LN-7S5BYQF5B9,CLM-VVST2GNVJ3,PRV-EGMCSQWZE2,PRV-EGMCSQWZE2,2024-06-15,2024-06-15,SYNTH,ABA-60,[],1.0,60.0,,['SYN-DX-01'],11,195.91,160.65,144.59
LN-EMYANEF5M3,CLM-NKY9MJ3N72,PRV-YHCS7YKNYQ,PRV-YHCS7YKNYQ,2024-01-05,2024-01-05,SYNTH,PSY-45,[],1.0,45.0,,['SYN-DX-01'],11,177.18,145.29,130.76
LN-TGUFH22EG7,CLM-9FTBVJMB49,PRV-DVP5UVKXMG,PRV-DVP5UVKXMG,2024-01-14,2024-01-14,SYNTH,EM-EST-3,[],1.0,,,['SYN-DX-01'],11,157.32,129.0,116.1
LN-7DLS4JQG59,CLM-2V32WEQT7T,PRV-H9LG5VAJ3J,PRV-H9LG5VAJ3J,2024-07-04,2024-07-04,SYNTH,FAC-DAY,[],1.0,,,['SYN-DX-01'],21,198.45,162.73,146.46
LN-PAZC5KGW9Y,CLM-HDPL7Y9S7Y,PRV-DVP5UVKXMG,PRV-DVP5UVKXMG,2024-07-26,2024-07-26,SYNTH,EM-EST-3,[],1.0,,,['SYN-DX-01'],11,152.11,124.73,112.26
LN-S98CM58KH8,CLM-2EL79F7LEG,PRV-CYX8UDJJ75,PRV-CYX8UDJJ75,2024-03-11,2024-03-11,SYNTH,EM-EST-4,[],1.0,,,['SYN-DX-01'],11,178.63,146.48,131.83
LN-8SDCLDAJN4,CLM-AKXUU6JBA6,PRV-CYX8UDJJ75,PRV-CYX8UDJJ75,2024-04-07,2024-04-07,SYNTH,EM-EST-3,[],1.0,,,['SYN-DX-01'],11,193.71,158.84,142.96
LN-ELYPDJU4HM,CLM-FLWRDJSZUC,PRV-52P4GQD2DS,PRV-52P4GQD2DS,2024-05-12,2024-05-12,SYNTH,EM-EST-3,[],1.0,,,['SYN-DX-01'],11,189.71,155.56,140.0
LN-HKCFVH7E64,CLM-8UJEFT3XLK,PRV-EWJD2QDPA6,PRV-EWJD2QDPA6,2024-07-17,2024-07-17,SYNTH,EM-EST-3,[],1.0,,,['SYN-DX-01'],11,172.0,141.04,126.94
LN-S7F9CVVE5D,CLM-SYLY6E6JBC,PRV-F63QP3FKES,PRV-F63QP3FKES,2024-03-25,2024-03-25,SYNTH,PSY-30,[],1.0,30.0,,['SYN-DX-01'],11,178.38,146.27,131.64
LN-HVNPD56NKK,CLM-P3WCNKLK3T,PRV-DVP5UVKXMG,PRV-DVP5UVKXMG,2024-05-18,2024-05-18,SYNTH,EM-EST-4,[],1.0,,,['SYN-DX-01'],11,165.2,135.46,121.91
LN-9SFBTFXR3C,CLM-QG8JVUV5LQ,PRV-EWJD2QDPA6,PRV-EWJD2QDPA6,2024-02-17,2024-02-17,SYNTH,EM-EST-3,[],1.0,,,['SYN-DX-01'],11,181.27,148.64,133.78
LN-SXW94UT326,CLM-FED3T5QU8N,PRV-FYQT8W8H8G,PRV-FYQT8W8H8G,2024-05-31,2024-05-31,SYNTH,DME-CATH,[],1.0,,,['SYN-DX-01'],12,181.55,148.87,133.98
LN-4DC6VEJF9K,CLM-4W8AE4DKWP,PRV-CYX8UDJJ75,PRV-CYX8UDJJ75,2024-06-16,2024-06-16,SYNTH,EM-EST-2,[],1.0,,,['SYN-DX-01'],11,184.13,150.99,135.89
LN-AXR6GUBAQ8,CLM-2LHE3JVUNK,PRV-H9LG5VAJ3J,PRV-H9LG5VAJ3J,2024-06-26,2024-06-26,SYNTH,FAC-DAY,[],1.0,,,['SYN-DX-01'],21,192.66,157.98,142.18
LN-KSVKSLPSYC,CLM-WNQGKUPANT,PRV-QJ8CAJLGGT,PRV-QJ8CAJLGGT,2024-04-15,2024-04-15,SYNTH,FAC-DAY,[],1.0,,,['SYN-DX-01'],21,185.16,151.83,136.65
LN-KDNS92PCNT,CLM-YNE4EWN9M6,PRV-DVP5UVKXMG,PRV-DVP5UVKXMG,2024-06-28,2024-06-28,SYNTH,EM-EST-5,[],1.0,,,['SYN-DX-01'],11,191.44,156.98,141.28
LN-DQCW8XMY8T,CLM-K3PE4HSAUY,PRV-GZWKQRABYX,PRV-GZWKQRABYX,2024-03-23,2024-03-23,SYNTH,FAC-DAY,[],1.0,,,['SYN-DX-01'],21,177.55,145.59,131.03
LN-LSRXXNBT97,CLM-K3G4LZQLKK,PRV-P8SZX5BYHL,PRV-P8SZX5BYHL,2024-01-31,2024-01-31,NDC-SYN,NDC-OPIOID-01,[],1.0,,,['SYN-DX-01'],11,176.55,144.77,130.29
LN-YM2LJQD2VC,CLM-F7UPE5RYBC,PRV-CYX8UDJJ75,PRV-CYX8UDJJ75,2024-07-01,2024-07-01,SYNTH,EM-EST-5,[],1.0,,,['SYN-DX-01'],11,201.34,165.1,148.59
LN-5ZU8PN2G7B,CLM-YWP8RNGPGK,PRV-YHCS7YKNYQ,PRV-YHCS7YKNYQ,2024-03-07,2024-03-07,SYNTH,PSY-30,[],1.0,30.0,,['SYN-DX-01'],11,169.53,139.01,125.11
LN-8SFSHRVGPA,CLM-JARMVZPQYY,PRV-AEV55VW98C,PRV-AEV55VW98C,2024-03-04,2024-03-04,HCPCS2,A0427,[],1.0,,,['SYN-DX-01'],41,9.6,7.87,7.08
LN-5H4XRYU7JX,CLM-DML6MYNFZ8,PRV-5AE63K9XH5,PRV-5AE63K9XH5,2024-03-05,2024-03-05,SYNTH,HH-VISIT,[],1.0,45.0,,['SYN-DX-01'],12,201.98,165.62,149.06
LN-NS23QZ6Q2X,CLM-UUP6CFGFUZ,PRV-52P4GQD2DS,PRV-52P4GQD2DS,2024-02-16,2024-02-16,SYNTH,EM-EST-3,[],1.0,,,['SYN-DX-01'],11,166.49,136.52,122.87
LN-YDULPJDEVR,CLM-EFQRNDR5QT,PRV-GZWKQRABYX,PRV-GZWKQRABYX,2024-06-17,2024-06-17,SYNTH,FAC-DAY,[],1.0,,,['SYN-DX-01'],21,183.88,150.78,135.7
LN-4UH2HJM83W,CLM-SBKWPGRMLH,PRV-EGMCSQWZE2,PRV-EGMCSQWZE2,2024-04-22,2024-04-22,SYNTH,ABA-60,[],1.0,60.0,,['SYN-DX-01'],11,184.83,151.56,136.4
LN-VHGDMJTU8V,CLM-HQX7Y7NVEJ,PRV-YHCS7YKNYQ,PRV-YHCS7YKNYQ,2024-07-17,2024-07-17,SYNTH,PSY-30,[],1.0,30.0,,['SYN-DX-01'],11,173.11,141.95,127.75
LN-MYWZJ7CAFC,CLM-W8A3TUDRXY,PRV-4TYA4STMB7,PRV-4TYA4STMB7,2024-01-12,2024-01-12,SYNTH,DME-CATH,[],1.0,,,['SYN-DX-01'],12,171.65,140.75,126.67
LN-BU9B6Q5B5V,CLM-T49RQTSYH5,PRV-EWJD2QDPA6,PRV-EWJD2QDPA6,2024-05-26,2024-05-26,SYNTH,EM-EST-1,[],1.0,,,['SYN-DX-01'],11,172.75,141.66,127.49
LN-JAJ5AFXHCS,CLM-XRY8JXU5LD,PRV-5AE63K9XH5,PRV-5AE63K9XH5,2024-01-23,2024-01-23,SYNTH,HH-VISIT,[],1.0,45.0,,['SYN-DX-01'],12,193.69,158.83,142.95
LN-CS59WU6R56,CLM-UUD3XV9S6L,PRV-GQ36BNJZ2W,PRV-GQ36BNJZ2W,2024-05-21,2024-05-21,SYNTH,HH-VISIT,[],1.0,45.0,,['SYN-DX-01'],12,190.32,156.06,140.45
LN-TZXSAQ5GJ6,CLM-BTA3ASUPE3,PRV-5AE63K9XH5,PRV-5AE63K9XH5,2024-08-14,2024-08-14,SYNTH,HH-VISIT,[],1.0,45.0,,['SYN-DX-01'],12,206.45,169.29,152.36
LN-DYY96GB58V,CLM-5P2JWMLFYL,PRV-H9LG5VAJ3J,PRV-H9LG5VAJ3J,2024-05-15,2024-05-15,SYNTH,FAC-DAY,[],1.0,,,['SYN-DX-01'],21,194.26,159.29,143.36
LN-2WX8HCLNAM,CLM-K6RSZKBLWG,PRV-DVP5UVKXMG,PRV-DVP5UVKXMG,2024-06-04,2024-06-04,SYNTH,EM-EST-2,[],1.0,,,['SYN-DX-01'],11,189.67,155.53,139.98
LN-GTJ5DM6W3E,CLM-66JE7AZZWR,PRV-EWJD2QDPA6,PRV-EWJD2QDPA6,2024-06-23,2024-06-23,SYNTH,EM-EST-3,[],1.0,,,['SYN-DX-01'],11,171.31,140.47,126.42
LN-CMUGDKHHLE,CLM-8ZVDMM2UH7,PRV-R6UGAZC4XJ,PRV-R6UGAZC4XJ,2024-08-14,2024-08-14,SYNTH,HH-VISIT,[],1.0,45.0,,['SYN-DX-01'],12,167.12,137.04,123.34
LN-TTG6MPLS4Q,CLM-8BF4U9X4EC,PRV-TTYMZNZQCD,PRV-TTYMZNZQCD,2024-08-02,2024-08-02,SYNTH,LAB-PNL-01,[],1.0,,,['SYN-DX-01'],11,185.12,151.8,136.62
LN-EFE8ZRNU5B,CLM-LUL8YBRNZ9,PRV-QJ8CAJLGGT,PRV-QJ8CAJLGGT,2024-08-11,2024-08-11,SYNTH,FAC-DAY,[],1.0,,,['SYN-DX-01'],21,191.56,157.08,141.37
LN-95K66HTZG5,CLM-J7TC44VH2N,PRV-52P4GQD2DS,PRV-52P4GQD2DS,2024-07-03,2024-07-03,SYNTH,EM-EST-3,[],1.0,,,['SYN-DX-01'],11,182.45,149.61,134.65
LN-97TU4QNVST,CLM-A63VXQSEDR,PRV-R6UGAZC4XJ,PRV-R6UGAZC4XJ,2024-03-07,2024-03-07,SYNTH,HH-VISIT,[],1.0,45.0,,['SYN-DX-01'],12,191.67,157.17,141.45
LN-6TG3D5FUR8,CLM-4NAQJHUYRL,PRV-52P4GQD2DS,PRV-52P4GQD2DS,2024-01-04,2024-01-04,SYNTH,EM-EST-3,[],1.0,,,['SYN-DX-01'],11,170.91,140.15,126.14
LN-8HYKKQPSD4,CLM-STG7A7AU99,PRV-H9LG5VAJ3J,PRV-H9LG5VAJ3J,2024-01-30,2024-01-30,SYNTH,FAC-DAY,[],1.0,,,['SYN-DX-01'],21,163.33,133.93,120.54
LN-LU8ZED8PMC,CLM-JEXKYVWJNB,PRV-GQ36BNJZ2W,PRV-GQ36BNJZ2W,2024-07-19,2024-07-19,SYNTH,HH-VISIT,[],1.0,45.0,,['SYN-DX-01'],12,177.85,145.84,131.26
LN-HCJYBG6SAU,CLM-ABWPZBP5S3,PRV-LEVZRZGE33,PRV-LEVZRZGE33,2024-07-29,2024-07-29,SYNTH,FAC-DAY,[],1.0,,,['SYN-DX-01'],21,159.25,130.58,117.52
LN-3FQSFT8SD2,CLM-FD5KK2EKH8,PRV-LEVZRZGE33,PRV-LEVZRZGE33,2024-08-20,2024-08-20,SYNTH,FAC-DAY,[],1.0,,,['SYN-DX-01'],21,187.94,154.11,138.7
LN-79RXYJTEUC,CLM-PTGVZYY6NX,PRV-2RBJKMU8EL,PRV-2RBJKMU8EL,2024-04-01,2024-04-01,HCPCS2,A0425,[],29.0,,29.0,['SYN-DX-01'],41,278.06,228.01,205.21
LN-XUQF65MRXM,CLM-LQ5JL7PAZL,PRV-EGMCSQWZE2,PRV-EGMCSQWZE2,2024-01-23,2024-01-23,SYNTH,PSY-60,[],1.0,60.0,,['SYN-DX-01'],11,176.0,144.32,129.89
LN-H6S32LAUMJ,CLM-LUEK85GYUZ,PRV-AEV55VW98C,PRV-AEV55VW98C,2024-04-29,2024-04-29,HCPCS2,A0425,[],31.0,,31.0,['SYN-DX-01'],41,299.52,245.61,221.05
LN-MHJTAFDR45,CLM-DJVBJPVGTY,PRV-EWJD2QDPA6,PRV-EWJD2QDPA6,2024-02-20,2024-02-20,SYNTH,EM-EST-3,[],1.0,,,['SYN-DX-01'],11,175.27,143.72,129.35
LN-GZRFTB3MA7,CLM-4GLVXNPY4E,PRV-CYX8UDJJ75,PRV-CYX8UDJJ75,2024-01-05,2024-01-05,SYNTH,EM-EST-3,[],1.0,,,['SYN-DX-01'],11,169.6,139.07,125.16
LN-LMF8XA384B,CLM-UZXHNQFKWN,PRV-EWJD2QDPA6,PRV-EWJD2QDPA6,2024-03-01,2024-03-01,SYNTH,EM-EST-1,[],1.0,,,['SYN-DX-01'],11,203.05,166.5,149.85
LN-DP4PAUZNR7,CLM-7TNXAUWE6D,PRV-R6UGAZC4XJ,PRV-R6UGAZC4XJ,2024-07-20,2024-07-20,SYNTH,HH-VISIT,[],1.0,45.0,,['SYN-DX-01'],12,185.76,152.32,137.09
LN-B8MRCGH9ZR,CLM-4PMA8R26DB,PRV-E2KQR2ZK3Q,PRV-E2KQR2ZK3Q,2024-02-28,2024-02-28,NDC-SYN,NDC-OPIOID-01,[],1.0,,,['SYN-DX-01'],11,173.89,142.59,128.33
LN-VJ6PRUJ9SA,CLM-GAKMBV55RJ,PRV-R6UGAZC4XJ,PRV-R6UGAZC4XJ,2024-02-01,2024-02-01,SYNTH,HH-VISIT,[],1.0,45.0,,['SYN-DX-01'],12,190.89,156.53,140.88
LN-2N7MBXU68H,CLM-PFX94H4JDD,PRV-CYX8UDJJ75,PRV-CYX8UDJJ75,2024-05-16,2024-05-16,SYNTH,EM-EST-4,[],1.0,,,['SYN-DX-01'],11,191.38,156.93,141.24
LN-QWXFFDSN43,CLM-MNYPAVYTH8,PRV-CYX8UDJJ75,PRV-CYX8UDJJ75,2024-08-02,2024-08-02,SYNTH,EM-EST-3,[],1.0,,,['SYN-DX-01'],11,186.66,153.06,137.75
LN-MXE47XNSKE,CLM-TWM5XY7LZR,PRV-CYX8UDJJ75,PRV-CYX8UDJJ75,2024-07-09,2024-07-09,SYNTH,EM-EST-4,[],1.0,,,['SYN-DX-01'],11,176.19,144.48,130.03
LN-NC4ANX46DJ,CLM-75H3CUS53B,PRV-R6UGAZC4XJ,PRV-R6UGAZC4XJ,2024-02-19,2024-02-19,SYNTH,HH-VISIT,[],1.0,45.0,,['SYN-DX-01'],12,155.22,127.28,114.55
LN-G555B56HTU,CLM-FHSZ99SCUL,PRV-YHCS7YKNYQ,PRV-YHCS7YKNYQ,2024-07-06,2024-07-06,SYNTH,PSY-45,[],1.0,45.0,,['SYN-DX-01'],11,165.49,135.7,122.13
LN-69F649P3CA,CLM-8MSCNCC2AA,PRV-2RBJKMU8EL,PRV-2RBJKMU8EL,2024-04-10,2024-04-10,HCPCS2,A0425,[],36.0,,36.0,['SYN-DX-01'],41,304.54,249.72,224.75
LN-4EREUPX4GC,CLM-L2CJK544ML,PRV-HC5CWNTSHD,PRV-HC5CWNTSHD,2024-08-03,2024-08-03,SYNTH,EM-EST-3,[],1.0,,,['SYN-DX-01'],11,157.27,128.96,116.06
LN-K8JQD6J7D4,CLM-LNWR4G4V5A,PRV-EWJD2QDPA6,PRV-EWJD2QDPA6,2024-06-06,2024-06-06,SYNTH,EM-EST-1,[],1.0,,,['SYN-DX-01'],11,186.85,153.22,137.9
LN-3APBPVJXJT,CLM-6N2BK3EKX2,PRV-GQ36BNJZ2W,PRV-GQ36BNJZ2W,2024-01-03,2024-01-03,SYNTH,HH-VISIT,[],1.0,45.0,,['SYN-DX-01'],12,174.64,143.2,128.88
LN-P6JB7W8JBQ,CLM-MFTZH8F5Q2,PRV-CYX8UDJJ75,PRV-CYX8UDJJ75,2024-01-16,2024-01-16,SYNTH,EM-EST-2,[],1.0,,,['SYN-DX-01'],11,187.33,153.61,138.25
LN-AJAYN8HDNT,CLM-KECW9CR673,PRV-CYX8UDJJ75,PRV-CYX8UDJJ75,2024-05-08,2024-05-08,SYNTH,EM-EST-3,[],1.0,,,['SYN-DX-01'],11,169.43,138.93,125.04
LN-79UHUHHZWM,CLM-G8PG7FM6LE,PRV-HC5CWNTSHD,PRV-HC5CWNTSHD,2024-06-04,2024-06-04,SYNTH,EM-EST-3,[],1.0,,,['SYN-DX-01'],11,179.07,146.84,132.16
LN-2LWFPJLKH5,CLM-58HKNK3EEK,PRV-DVP5UVKXMG,PRV-DVP5UVKXMG,2024-06-26,2024-06-26,SYNTH,EM-EST-3,[],1.0,,,['SYN-DX-01'],11,168.42,138.1,124.29
LN-V6VUGGTLQN,CLM-BKCYSXK9G3,PRV-52P4GQD2DS,PRV-52P4GQD2DS,2024-08-16,2024-08-16,SYNTH,EM-EST-1,[],1.0,,,['SYN-DX-01'],11,198.56,162.82,146.54
LN-8GJA2CDQHB,CLM-38WLY2MHJ8,PRV-KGZA99WKKT,PRV-KGZA99WKKT,2024-03-17,2024-03-17,HCPCS2,A0427,[],1.0,,,['SYN-DX-01'],41,8.95,7.34,6.61
LN-LSMPCB7RJF,CLM-6ZYLPZK5EH,PRV-EGMCSQWZE2,PRV-EGMCSQWZE2,2024-04-10,2024-04-10,SYNTH,PSY-60,[],1.0,60.0,,['SYN-DX-01'],11,187.93,154.1,138.69
LN-6BHPL2Y65E,CLM-9CFBJSZULV,PRV-EGMCSQWZE2,PRV-EGMCSQWZE2,2024-01-20,2024-01-20,SYNTH,ABA-60,[],1.0,60.0,,['SYN-DX-01'],11,185.28,151.93,136.74
LN-LV78Q7V275,CLM-HA4VYJFMLB,PRV-Z84M5CG5BX,PRV-Z84M5CG5BX,2024-06-11,2024-06-11,NDC-SYN,NDC-OPIOID-01,[],1.0,,,['SYN-DX-01'],11,174.89,143.41,129.07
LN-7MSUDYBNRR,CLM-3YQN844T2X,PRV-QJ8CAJLGGT,PRV-QJ8CAJLGGT,2024-06-28,2024-06-28,SYNTH,FAC-DAY,[],1.0,,,['SYN-DX-01'],21,152.69,125.21,112.69
LN-M6DUZ89NHN,CLM-82TMG5HT4Y,PRV-5AE63K9XH5,PRV-5AE63K9XH5,2024-01-11,2024-01-11,SYNTH,HH-VISIT,[],1.0,45.0,,['SYN-DX-01'],12,178.14,146.07,131.46
LN-53A3AYW4LF,CLM-ZU47UK7L24,PRV-YHCS7YKNYQ,PRV-YHCS7YKNYQ,2024-05-07,2024-05-07,SYNTH,ABA-60,[],1.0,60.0,,['SYN-DX-01'],11,183.88,150.78,135.7
LN-MVRL8F6SL5,CLM-6D5VMJRQTQ,PRV-DVP5UVKXMG,PRV-DVP5UVKXMG,2024-05-31,2024-05-31,SYNTH,EM-EST-5,[],1.0,,,['SYN-DX-01'],11,191.34,156.9,141.21
LN-GCUVNYEZB5,CLM-4CD7Q9FHQW,PRV-R6UGAZC4XJ,PRV-R6UGAZC4XJ,2024-07-10,2024-07-10,SYNTH,HH-VISIT,[],1.0,45.0,,['SYN-DX-01'],12,174.55,143.13,128.82
LN-XD4D3K6LJW,CLM-H2H92WQA4T,PRV-5AE63K9XH5,PRV-5AE63K9XH5,2024-01-07,2024-01-07,SYNTH,HH-VISIT,[],1.0,45.0,,['SYN-DX-01'],12,180.6,148.09,133.28
LN-WBRANH8J4G,CLM-LK8DYZ9XWJ,PRV-2RBJKMU8EL,PRV-2RBJKMU8EL,2024-06-11,2024-06-11,HCPCS2,A0425,[],28.0,,28.0,['SYN-DX-01'],41,267.14,219.05,197.15
LN-ZX2PEU6ZXX,CLM-P575RNDEQJ,PRV-CYX8UDJJ75,PRV-CYX8UDJJ75,2024-01-20,2024-01-20,SYNTH,EM-EST-4,[],1.0,,,['SYN-DX-01'],11,195.4,160.23,144.21
LN-G4NF8FMHY8,CLM-VRJEB7QXF7,PRV-HC5CWNTSHD,PRV-HC5CWNTSHD,2024-05-05,2024-05-05,SYNTH,EM-EST-3,[],1.0,,,['SYN-DX-01'],11,182.36,149.54,134.59
LN-WUYFYP6KS3,CLM-ZKE9J6MJJP,PRV-DVP5UVKXMG,PRV-DVP5UVKXMG,2024-02-09,2024-02-09,SYNTH,EM-EST-2,[],1.0,,,['SYN-DX-01'],11,165.06,135.35,121.81
LN-V7LJ8GGB4V,CLM-7C43C9SQNF,PRV-LEVZRZGE33,PRV-LEVZRZGE33,2024-01-19,2024-01-19,SYNTH,FAC-DAY,[],1.0,,,['SYN-DX-01'],21,177.26,145.35,130.81
LN-MWP96N9LTM,CLM-3B49ZJEMKH,PRV-6LZYWNNT2J,PRV-6LZYWNNT2J,2024-07-05,2024-07-05,SYNTH,LAB-GEN-01,[],1.0,,,['SYN-DX-01'],11,164.31,134.73,121.26
LN-NEREF48H9G,CLM-YELTEGXB24,PRV-CYX8UDJJ75,PRV-CYX8UDJJ75,2024-04-01,2024-04-01,SYNTH,EM-EST-5,[],1.0,,,['SYN-DX-01'],11,176.3,144.57,130.11
LN-ZMEHKNCNWC,CLM-K9LR7P7QF9,PRV-H9LG5VAJ3J,PRV-H9LG5VAJ3J,2024-05-15,2024-05-15,SYNTH,FAC-DAY,[],1.0,,,['SYN-DX-01'],21,231.18,189.57,170.61
LN-H9ZEPDYTHX,CLM-VT7Q5CZHU7,PRV-KB3DDTGVSY,PRV-KB3DDTGVSY,2024-04-17,2024-04-17,SYNTH,DME-CATH,[],1.0,,,['SYN-DX-01'],12,185.01,151.71,136.54
LN-UHBQYWTZFY,CLM-45ZWEVXJSL,PRV-R6UGAZC4XJ,PRV-R6UGAZC4XJ,2024-07-19,2024-07-19,SYNTH,HH-VISIT,[],1.0,45.0,,['SYN-DX-01'],12,160.5,131.61,118.45
LN-6A2PLGXCMG,CLM-H9PNJT97AS,PRV-R6UGAZC4XJ,PRV-R6UGAZC4XJ,2024-08-21,2024-08-21,SYNTH,HH-VISIT,[],1.0,45.0,,['SYN-DX-01'],12,162.49,133.24,119.92
LN-W9J5HVKV37,CLM-WU8MZ8XG77,PRV-R6UGAZC4XJ,PRV-R6UGAZC4XJ,2024-07-28,2024-07-28,SYNTH,HH-VISIT,[],1.0,45.0,,['SYN-DX-01'],12,187.74,153.95,138.56
LN-ZTML7NC3F7,CLM-QTWJCGC2DG,PRV-ZU6YL2HNHH,PRV-ZU6YL2HNHH,2024-07-25,2024-07-25,SYNTH,HH-VISIT,[],1.0,45.0,,['SYN-DX-01'],12,186.37,152.82,137.54
LN-BKZ7LK6QBW,CLM-Z94J45ZRY7,PRV-52P4GQD2DS,PRV-52P4GQD2DS,2024-03-13,2024-03-13,SYNTH,EM-EST-3,[],1.0,,,['SYN-DX-01'],11,189.49,155.38,139.84
LN-KV7MF9YK86,CLM-ZRVNUHRP78,PRV-DVP5UVKXMG,PRV-DVP5UVKXMG,2024-01-03,2024-01-03,SYNTH,EM-EST-4,[],1.0,,,['SYN-DX-01'],11,176.35,144.61,130.15
LN-PMXKFA2GJJ,CLM-UKR8LAFJDL,PRV-CYX8UDJJ75,PRV-CYX8UDJJ75,2024-01-30,2024-01-30,SYNTH,EM-EST-3,[],1.0,,,['SYN-DX-01'],11,180.13,147.71,132.94
LN-GN6DYLYY3W,CLM-FVH56YQWLW,PRV-E2KQR2ZK3Q,PRV-E2KQR2ZK3Q,2024-03-22,2024-03-22,NDC-SYN,NDC-OPIOID-01,[],1.0,,,['SYN-DX-01'],11,154.23,126.47,113.82
LN-ELXFRD2XA6,CLM-6X2HFM2XH8,PRV-EWJD2QDPA6,PRV-EWJD2QDPA6,2024-03-06,2024-03-06,SYNTH,EM-EST-1,[],1.0,,,['SYN-DX-01'],11,168.61,138.26,124.43
LN-PZST6M2FBW,CLM-C92A9S2VDV,PRV-FYQT8W8H8G,PRV-FYQT8W8H8G,2024-02-01,2024-02-01,SYNTH,DME-CATH,[],1.0,,,['SYN-DX-01'],12,171.26,140.43,126.39
LN-PF9WA2G5U7,CLM-79F48UGK3F,PRV-LJD3M755ZS,PRV-LJD3M755ZS,2024-08-23,2024-08-23,HCPCS2,A0425,[],10.0,,10.0,['SYN-DX-01'],41,85.14,69.81,62.83
LN-3KGN7UY74H,CLM-NPCFV4P662,PRV-AEV55VW98C,PRV-AEV55VW98C,2024-03-21,2024-03-21,HCPCS2,A0425,[],31.0,,31.0,['SYN-DX-01'],41,279.7,229.35,206.41
LN-LCKW594CX9,CLM-RRJPGJM2YR,PRV-DVP5UVKXMG,PRV-DVP5UVKXMG,2024-03-03,2024-03-03,SYNTH,EM-EST-2,[],1.0,,,['SYN-DX-01'],11,174.71,143.26,128.93
LN-H6R6YGVFTH,CLM-ZUVMNC37WM,PRV-LVGM3QWE3V,PRV-LVGM3QWE3V,2024-02-14,2024-02-14,SYNTH,DME-CATH,[],1.0,,,['SYN-DX-01'],12,177.99,145.95,131.35
LN-MPSTA7PVJK,CLM-JPL4Y94D5N,PRV-EWJD2QDPA6,PRV-EWJD2QDPA6,2024-04-22,2024-04-22,SYNTH,EM-EST-3,[],1.0,,,['SYN-DX-01'],11,190.63,156.32,140.69
LN-ER2VVHYWNY,CLM-RSW7UJU7ZK,PRV-CYX8UDJJ75,PRV-CYX8UDJJ75,2024-05-15,2024-05-15,SYNTH,EM-EST-5,[],1.0,,,['SYN-DX-01'],11,154.25,126.48,113.83
LN-VE7PFTCW4U,CLM-65LT86R4XD,PRV-4TYA4STMB7,PRV-4TYA4STMB7,2024-08-18,2024-08-18,SYNTH,DME-CATH,[],1.0,,,['SYN-DX-01'],12,180.32,147.86,133.07
LN-S795CU4SRB,CLM-6F2UAMWDER,PRV-EWJD2QDPA6,PRV-EWJD2QDPA6,2024-03-22,2024-03-22,SYNTH,EM-EST-4,[],1.0,,,['SYN-DX-01'],11,192.5,157.85,142.06
LN-D89H7P3RLY,CLM-MYHJ8GNLLK,PRV-YHCS7YKNYQ,PRV-YHCS7YKNYQ,2024-04-01,2024-04-01,SYNTH,PSY-45,[],1.0,45.0,,['SYN-DX-01'],11,150.02,123.02,110.72
LN-USXR8CX7SS,CLM-7F45UVWEJ5,PRV-ZU6YL2HNHH,PRV-ZU6YL2HNHH,2024-01-26,2024-01-26,SYNTH,HH-VISIT,[],1.0,45.0,,['SYN-DX-01'],12,199.75,163.79,147.41
LN-5XD5ALKUK5,CLM-TMVQ4G7VFB,PRV-9HWCXGYGRP,PRV-9HWCXGYGRP,2024-03-31,2024-03-31,SYNTH,ABA-60,[],1.0,60.0,,['SYN-DX-01'],11,191.28,156.85,141.16
LN-FABD42F2LM,CLM-WPWN53K89F,PRV-R6UGAZC4XJ,PRV-R6UGAZC4XJ,2024-08-12,2024-08-12,SYNTH,HH-VISIT,[],1.0,45.0,,['SYN-DX-01'],12,159.75,131.0,117.9
LN-MA56FPFC3K,CLM-BV5QGFQ38P,PRV-Z84M5CG5BX,PRV-Z84M5CG5BX,2024-07-14,2024-07-14,NDC-SYN,NDC-OPIOID-01,[],1.0,,,['SYN-DX-01'],11,180.95,148.38,133.54
LN-KMFQVX6F4X,CLM-GWXDFVAPF7,PRV-GZWKQRABYX,PRV-GZWKQRABYX,2024-02-10,2024-02-10,SYNTH,FAC-DAY,[],1.0,,,['SYN-DX-01'],21,174.45,143.05,128.75
LN-QBFPQUL4AB,CLM-VSPZLZ9CX4,PRV-5AE63K9XH5,PRV-5AE63K9XH5,2024-02-24,2024-02-24,SYNTH,HH-VISIT,[],1.0,45.0,,['SYN-DX-01'],12,173.46,142.24,128.02
LN-LKCE7Y8B6W,CLM-WQCV5GBSHZ,PRV-HC5CWNTSHD,PRV-HC5CWNTSHD,2024-03-20,2024-03-20,SYNTH,EM-EST-4,[],1.0,,,['SYN-DX-01'],11,167.07,137.0,123.3
LN-3CTRRFVCZA,CLM-CAP7YMX3BP,PRV-H9LG5VAJ3J,PRV-H9LG5VAJ3J,2024-01-12,2024-01-12,SYNTH,FAC-DAY,[],1.0,,,['SYN-DX-01'],21,181.14,148.53,133.68
LN-GXP8JT6AQL,CLM-HDZZYESUHQ,PRV-R6UGAZC4XJ,PRV-R6UGAZC4XJ,2024-06-18,2024-06-18,SYNTH,HH-VISIT,[],1.0,45.0,,['SYN-DX-01'],12,175.2,143.66,129.29
LN-94WZ2YLM2B,CLM-Z7UBJHMV25,PRV-EGMCSQWZE2,PRV-EGMCSQWZE2,2024-04-06,2024-04-06,SYNTH,PSY-45,[],1.0,45.0,,['SYN-DX-01'],11,166.26,136.33,122.7
LN-2ABY74CKVA,CLM-Q9QF3UTBU9,PRV-R6UGAZC4XJ,PRV-R6UGAZC4XJ,2024-05-21,2024-05-21,SYNTH,HH-VISIT,[],1.0,45.0,,['SYN-DX-01'],12,184.88,151.6,136.44
LN-9W8LQX3YZF,CLM-6EW3VSG4H5,PRV-9HWCXGYGRP,PRV-9HWCXGYGRP,2024-05-06,2024-05-06,SYNTH,PSY-45,[],1.0,45.0,,['SYN-DX-01'],11,168.15,137.88,124.09
LN-KP5BHV8WR6,CLM-MUCTLBCC9K,PRV-4TYA4STMB7,PRV-4TYA4STMB7,2024-08-24,2024-08-24,SYNTH,DME-CATH,[],1.0,,,['SYN-DX-01'],12,161.99,132.83,119.55
LN-KBR7LXYVN4,CLM-YMF6W7LY3V,PRV-GQ36BNJZ2W,PRV-GQ36BNJZ2W,2024-07-30,2024-07-30,SYNTH,HH-VISIT,[],1.0,45.0,,['SYN-DX-01'],12,175.09,143.57,129.21
LN-7UDCHK5KU5,CLM-DAZN6YW4FN,PRV-EGMCSQWZE2,PRV-EGMCSQWZE2,2024-06-30,2024-06-30,SYNTH,PSY-45,[],1.0,45.0,,['SYN-DX-01'],11,195.6,160.39,144.35
LN-LTCUPP7JZE,CLM-3B3ZCFS6YF,PRV-DVP5UVKXMG,PRV-DVP5UVKXMG,2024-02-25,2024-02-25,SYNTH,EM-EST-4,[],1.0,,,['SYN-DX-01'],11,175.26,143.71,129.34
LN-XRE8SX68M4,CLM-QNFMBKK5G2,PRV-GZWKQRABYX,PRV-GZWKQRABYX,2024-04-29,2024-04-29,SYNTH,FAC-DAY,[],1.0,,,['SYN-DX-01'],21,181.84,149.11,134.2
LN-NTEG96X38A,CLM-M2HB7W67QN,PRV-ZU6YL2HNHH,PRV-ZU6YL2HNHH,2024-03-22,2024-03-22,SYNTH,HH-VISIT,[],1.0,45.0,,['SYN-DX-01'],12,181.3,148.67,133.8
LN-3SN4HCBAUC,CLM-KMVSV83S23,PRV-F63QP3FKES,PRV-F63QP3FKES,2024-01-22,2024-01-22,SYNTH,ABA-60,[],1.0,60.0,,['SYN-DX-01'],11,140.68,115.36,103.82
LN-9AJQGLYJYK,CLM-54TSV4TMH2,PRV-4TYA4STMB7,PRV-4TYA4STMB7,2024-03-14,2024-03-14,SYNTH,DME-CATH,[],1.0,,,['SYN-DX-01'],12,170.91,140.15,126.14
LN-QHHZL4HPTZ,CLM-458ZXRJXUX,PRV-96KL4VD67A,PRV-96KL4VD67A,2024-06-25,2024-06-25,SYNTH,LAB-PNL-01,[],1.0,,,['SYN-DX-01'],11,186.11,152.61,137.35
LN-E9N3G8T546,CLM-9MUHCDUCYM,PRV-CYX8UDJJ75,PRV-CYX8UDJJ75,2024-03-07,2024-03-07,SYNTH,EM-EST-2,[],1.0,,,['SYN-DX-01'],11,182.39,149.56,134.6
LN-XHPSFE5EE8,CLM-M3E2SXYATP,PRV-2RBJKMU8EL,PRV-2RBJKMU8EL,2024-05-05,2024-05-05,HCPCS2,A0427,[],1.0,,,['SYN-DX-01'],41,8.29,6.8,6.12
LN-5YLBGXEVW6,CLM-9782QXYNNJ,PRV-EWJD2QDPA6,PRV-EWJD2QDPA6,2024-03-22,2024-03-22,SYNTH,EM-EST-4,[],1.0,,,['SYN-DX-01'],11,174.16,142.81,128.53
LN-3EAQCBPXHD,CLM-4DTE8CTLE2,PRV-GQ36BNJZ2W,PRV-GQ36BNJZ2W,2024-07-12,2024-07-12,SYNTH,HH-VISIT,[],1.0,45.0,,['SYN-DX-01'],12,168.36,138.06,124.25
LN-3Y5Q5JUN5R,CLM-MHSDTXJKPZ,PRV-DVP5UVKXMG,PRV-DVP5UVKXMG,2024-06-16,2024-06-16,SYNTH,EM-EST-5,[],1.0,,,['SYN-DX-01'],11,186.21,152.69,137.42
LN-QXVB5XPAYN,CLM-X3W8GFNWRA,PRV-5AE63K9XH5,PRV-5AE63K9XH5,2024-03-13,2024-03-13,SYNTH,HH-VISIT,[],1.0,45.0,,['SYN-DX-01'],12,191.71,157.2,141.48
LN-8NTKGKSWKD,CLM-FQ7LEMVH8H,PRV-KB3DDTGVSY,PRV-KB3DDTGVSY,2024-04-23,2024-04-23,SYNTH,DME-CATH,[],1.0,,,['SYN-DX-01'],12,161.59,132.5,119.25
LN-PRF2VUA6RU,CLM-RA7U3MGW9U,PRV-52P4GQD2DS,PRV-52P4GQD2DS,2024-05-08,2024-05-08,SYNTH,EM-EST-4,[],1.0,,,['SYN-DX-01'],11,199.09,163.25,146.93
LN-E7WFZSCMAC,CLM-CJZZWJ4DC5,PRV-HP4BWL7QC4,PRV-HP4BWL7QC4,2024-04-26,2024-04-26,SYNTH,FAC-DAY,[],1.0,,,['SYN-DX-01'],21,188.68,154.72,139.25
LN-QWFWBJFC8G,CLM-A2MEZ6X7V7,PRV-HC5CWNTSHD,PRV-HC5CWNTSHD,2024-02-05,2024-02-05,SYNTH,EM-EST-3,[],1.0,,,['SYN-DX-01'],11,203.35,166.75,150.08
LN-2TG8S35FUD,CLM-B3XWRJSKWF,PRV-9HWCXGYGRP,PRV-9HWCXGYGRP,2024-05-18,2024-05-18,SYNTH,PSY-60,[],1.0,60.0,,['SYN-DX-01'],11,186.99,153.33,138.0
LN-22ZKMQ8K4R,CLM-HUDLC9YUYE,PRV-EWJD2QDPA6,PRV-EWJD2QDPA6,2024-05-01,2024-05-01,SYNTH,EM-EST-3,[],1.0,,,['SYN-DX-01'],11,170.07,139.46,125.51
LN-UMTZMXX3ZQ,CLM-K5P5DXH6PX,PRV-FYQT8W8H8G,PRV-FYQT8W8H8G,2024-02-19,2024-02-19,SYNTH,DME-CATH,[],1.0,,,['SYN-DX-01'],12,162.57,133.31,119.98
LN-KGM325S8UD,CLM-BA7TQMGGV5,PRV-F63QP3FKES,PRV-F63QP3FKES,2024-07-28,2024-07-28,SYNTH,PSY-60,[],1.0,60.0,,['SYN-DX-01'],11,168.47,138.15,124.34
LN-FURGWKTDT9,CLM-3E9DCZCV2A,PRV-GZWKQRABYX,PRV-GZWKQRABYX,2024-05-05,2024-05-05,SYNTH,FAC-DAY,[],1.0,,,['SYN-DX-01'],21,168.16,137.89,124.1
LN-EM2M3SGUHM,CLM-RHNH3N5KG4,PRV-YHCS7YKNYQ,PRV-YHCS7YKNYQ,2024-08-26,2024-08-26,SYNTH,PSY-30,[],1.0,30.0,,['SYN-DX-01'],11,203.75,167.07,150.36
LN-HPMDWKJ7U8,CLM-TJGT57AN2R,PRV-52P4GQD2DS,PRV-52P4GQD2DS,2024-08-25,2024-08-25,SYNTH,EM-EST-2,[],1.0,,,['SYN-DX-01'],11,189.75,155.59,140.03
LN-ALDNZFEAB3,CLM-PQPXP98CM8,PRV-9HWCXGYGRP,PRV-9HWCXGYGRP,2024-01-07,2024-01-07,SYNTH,PSY-30,[],1.0,30.0,,['SYN-DX-01'],11,161.75,132.63,119.37
LN-9PSDQ75U8E,CLM-NDTQ9LYMTK,PRV-CYX8UDJJ75,PRV-CYX8UDJJ75,2024-06-07,2024-06-07,SYNTH,EM-EST-3,[],1.0,,,['SYN-DX-01'],11,183.16,150.19,135.17
LN-URBXSRHM42,CLM-PRX52XCUF3,PRV-HC5CWNTSHD,PRV-HC5CWNTSHD,2024-06-09,2024-06-09,SYNTH,EM-EST-1,[],1.0,,,['SYN-DX-01'],11,196.95,161.5,145.35
LN-6YSH5WKK5X,CLM-Q6NBQCHF3L,PRV-ZU6YL2HNHH,PRV-ZU6YL2HNHH,2024-04-22,2024-04-22,SYNTH,HH-VISIT,[],1.0,45.0,,['SYN-DX-01'],12,174.36,142.98,128.68
LN-8XQFU2J82V,CLM-BR9BGE44UF,PRV-FYQT8W8H8G,PRV-FYQT8W8H8G,2024-04-22,2024-04-22,SYNTH,DME-CATH,[],1.0,,,['SYN-DX-01'],12,173.49,142.26,128.03
LN-SDXV72XNC7,CLM-EPJA7Z4L7C,PRV-6LZYWNNT2J,PRV-6LZYWNNT2J,2024-07-26,2024-07-26,SYNTH,LAB-PNL-01,[],1.0,,,['SYN-DX-01'],11,180.28,147.83,133.05
LN-7V9VA2UHWE,CLM-VV55PHFD7K,PRV-52P4GQD2DS,PRV-52P4GQD2DS,2024-04-02,2024-04-02,SYNTH,EM-EST-2,[],1.0,,,['SYN-DX-01'],11,174.32,142.94,128.65
LN-KKREB6TLR2,CLM-UZZGM22GHP,PRV-DLK2K6289C,PRV-DLK2K6289C,2024-02-12,2024-02-12,SYNTH,LAB-PNL-01,[],1.0,,,['SYN-DX-01'],11,175.41,143.84,129.46
LN-VGW5BVYXSC,CLM-Y5QFUZQAXJ,PRV-CYX8UDJJ75,PRV-CYX8UDJJ75,2024-08-14,2024-08-14,SYNTH,EM-EST-3,[],1.0,,,['SYN-DX-01'],11,180.5,148.01,133.21
LN-C82EYYNYSP,CLM-GB73JQFAWU,PRV-EGMCSQWZE2,PRV-EGMCSQWZE2,2024-04-30,2024-04-30,SYNTH,PSY-45,[],1.0,45.0,,['SYN-DX-01'],11,198.03,162.38,146.14
LN-2P35X7YLJL,CLM-F5MPW2S3FU,PRV-GZWKQRABYX,PRV-GZWKQRABYX,2024-01-02,2024-01-02,SYNTH,FAC-DAY,[],1.0,,,['SYN-DX-01'],21,161.22,132.2,118.98
LN-89GNSW2ETU,CLM-N29ZLUCCTH,PRV-YHCS7YKNYQ,PRV-YHCS7YKNYQ,2024-03-16,2024-03-16,SYNTH,PSY-30,[],1.0,30.0,,['SYN-DX-01'],11,177.97,145.94,131.35
LN-UXPZAAAHET,CLM-PFTLWQT87S,PRV-FYQT8W8H8G,PRV-FYQT8W8H8G,2024-05-26,2024-05-26,SYNTH,DME-CATH,[],1.0,,,['SYN-DX-01'],12,192.04,157.47,141.72
LN-ZGX59TDX23,CLM-ECD54QRBLE,PRV-9HWCXGYGRP,PRV-9HWCXGYGRP,2024-06-10,2024-06-10,SYNTH,PSY-45,[],1.0,45.0,,['SYN-DX-01'],11,201.86,165.53,148.98
LN-2ENPM38DTE,CLM-DUY3YAHZKZ,PRV-CYX8UDJJ75,PRV-CYX8UDJJ75,2024-01-30,2024-01-30,SYNTH,EM-EST-3,[],1.0,,,['SYN-DX-01'],11,170.86,140.11,126.1
LN-KC4GXFKQWP,CLM-662KSREHWF,PRV-E2KQR2ZK3Q,PRV-E2KQR2ZK3Q,2024-01-06,2024-01-06,NDC-SYN,NDC-OPIOID-01,[],1.0,,,['SYN-DX-01'],11,178.37,146.26,131.63
LN-4QCUWWCAVR,CLM-Q5K5SCWL8S,PRV-LJD3M755ZS,PRV-LJD3M755ZS,2024-06-06,2024-06-06,HCPCS2,A0427,[],1.0,,,['SYN-DX-01'],41,8.0,6.56,5.9
LN-B7M8PA9U8Y,CLM-NYNZNMJVNG,PRV-Z84M5CG5BX,PRV-Z84M5CG5BX,2024-02-13,2024-02-13,NDC-SYN,NDC-OPIOID-01,[],1.0,,,['SYN-DX-01'],11,209.18,171.53,154.38
LN-PQN7RMMT5R,CLM-AGNL3YBPY9,PRV-52P4GQD2DS,PRV-52P4GQD2DS,2024-06-18,2024-06-18,SYNTH,EM-EST-3,[],1.0,,,['SYN-DX-01'],11,163.5,134.07,120.66
LN-GFSTGZ3YTX,CLM-RC6M8R6NZD,PRV-6LZYWNNT2J,PRV-6LZYWNNT2J,2024-03-01,2024-03-01,SYNTH,LAB-GEN-01,[],1.0,,,['SYN-DX-01'],11,178.45,146.33,131.7
LN-J8NV5J5QB7,CLM-KNHN9LHA95,PRV-HC5CWNTSHD,PRV-HC5CWNTSHD,2024-07-16,2024-07-16,SYNTH,EM-EST-3,[],1.0,,,['SYN-DX-01'],11,158.08,129.63,116.67
LN-B5CEFC2QV7,CLM-D2S274EPBJ,PRV-4TYA4STMB7,PRV-4TYA4STMB7,2024-06-06,2024-06-06,SYNTH,DME-CATH,[],1.0,,,['SYN-DX-01'],12,178.77,146.59,131.93
LN-EJSU54DQ92,CLM-ZPDX32DUBV,PRV-ZU6YL2HNHH,PRV-ZU6YL2HNHH,2024-06-12,2024-06-12,SYNTH,HH-VISIT,[],1.0,45.0,,['SYN-DX-01'],12,181.11,148.51,133.66
LN-GZL4EAWAPW,CLM-GAFRTJXAYS,PRV-2RBJKMU8EL,PRV-2RBJKMU8EL,2024-02-03,2024-02-03,HCPCS2,A0425,[],13.0,,13.0,['SYN-DX-01'],41,121.19,99.38,89.44
LN-UC658ZPJ8R,CLM-GVYA7NFB5N,PRV-KB3DDTGVSY,PRV-KB3DDTGVSY,2024-03-18,2024-03-18,SYNTH,DME-CATH,[],1.0,,,['SYN-DX-01'],12,189.54,155.42,139.88
LN-WWLJ3UYURZ,CLM-J2XDARQSWG,PRV-P8SZX5BYHL,PRV-P8SZX5BYHL,2024-07-29,2024-07-29,NDC-SYN,NDC-OPIOID-01,[],1.0,,,['SYN-DX-01'],11,192.0,157.44,141.7
LN-UW69XAWT43,CLM-HW352Q3T4X,PRV-GG7BBL7G9L,PRV-GG7BBL7G9L,2024-03-04,2024-03-04,SYNTH,LAB-GEN-01,[],1.0,,,['SYN-DX-01'],11,184.02,150.9,135.81
LN-2U5J6PVGHL,CLM-KPRR5U928W,PRV-F2HS2XPZAV,PRV-F2HS2XPZAV,2024-06-29,2024-06-29,NDC-SYN,NDC-OPIOID-01,[],1.0,,,['SYN-DX-01'],11,182.11,149.33,134.4
LN-XTFW2UMJCE,CLM-AXEYYTJXJH,PRV-GQ36BNJZ2W,PRV-GQ36BNJZ2W,2024-03-21,2024-03-21,SYNTH,HH-VISIT,[],1.0,45.0,,['SYN-DX-01'],12,182.65,149.77,134.79
LN-X22UMJRZXQ,CLM-27MJ6THCF8,PRV-5AE63K9XH5,PRV-5AE63K9XH5,2024-02-13,2024-02-13,SYNTH,HH-VISIT,[],1.0,45.0,,['SYN-DX-01'],12,177.22,145.32,130.79
LN-D5VCZUBMVK,CLM-W7HDL935KQ,PRV-AEV55VW98C,PRV-AEV55VW98C,2024-03-06,2024-03-06,HCPCS2,A0427,[],1.0,,,['SYN-DX-01'],41,9.17,7.52,6.77
LN-KSRWYFAY54,CLM-KLSM723HD7,PRV-EWJD2QDPA6,PRV-EWJD2QDPA6,2024-06-11,2024-06-11,SYNTH,EM-EST-5,[],1.0,,,['SYN-DX-01'],11,202.91,166.39,149.75
LN-9MV7DSHSKN,CLM-RHKAQGVXLZ,PRV-CYX8UDJJ75,PRV-CYX8UDJJ75,2024-07-23,2024-07-23,SYNTH,EM-EST-3,[],1.0,,,['SYN-DX-01'],11,193.91,159.01,143.11
LN-Q5A2857FDH,CLM-P67XW2DVPS,PRV-F2HS2XPZAV,PRV-F2HS2XPZAV,2024-02-25,2024-02-25,NDC-SYN,NDC-OPIOID-01,[],1.0,,,['SYN-DX-01'],11,195.94,160.67,144.6
LN-RLLEBWVX52,CLM-2YWM6YL48U,PRV-CYX8UDJJ75,PRV-CYX8UDJJ75,2024-05-11,2024-05-11,SYNTH,EM-EST-2,[],1.0,,,['SYN-DX-01'],11,176.31,144.57,130.11
LN-DA748F9S2W,CLM-Y9BCWXTDYS,PRV-LJD3M755ZS,PRV-LJD3M755ZS,2024-01-23,2024-01-23,HCPCS2,A0427,[],1.0,,,['SYN-DX-01'],41,8.0,6.56,5.9
LN-YP79TN3NP3,CLM-85GWNHUN4E,PRV-F63QP3FKES,PRV-F63QP3FKES,2024-02-25,2024-02-25,SYNTH,PSY-30,[],1.0,30.0,,['SYN-DX-01'],11,200.46,164.38,147.94
LN-U8FWWY9V4L,CLM-F4XUFC8GPT,PRV-9HWCXGYGRP,PRV-9HWCXGYGRP,2024-01-10,2024-01-10,SYNTH,PSY-45,[],1.0,45.0,,['SYN-DX-01'],11,182.75,149.85,134.87
LN-58NMJVD8E4,CLM-SWBZQFL5JH,PRV-E2KQR2ZK3Q,PRV-E2KQR2ZK3Q,2024-05-25,2024-05-25,NDC-SYN,NDC-OPIOID-01,[],1.0,,,['SYN-DX-01'],11,157.28,128.97,116.07
LN-W3QX7LRXAS,CLM-CANG7YSXF2,PRV-AEV55VW98C,PRV-AEV55VW98C,2024-05-21,2024-05-21,HCPCS2,A0425,[],9.0,,9.0,['SYN-DX-01'],41,83.99,68.87,61.98
LN-R8JRYWHEFN,CLM-GNVS8E7CFP,PRV-LEVZRZGE33,PRV-LEVZRZGE33,2024-08-22,2024-08-22,SYNTH,FAC-DAY,[],1.0,,,['SYN-DX-01'],21,180.85,148.3,133.47
LN-MLCPDP67BU,CLM-KVMSYTF9XW,PRV-CYX8UDJJ75,PRV-CYX8UDJJ75,2024-04-01,2024-04-01,SYNTH,EM-EST-4,[],1.0,,,['SYN-DX-01'],11,202.89,166.37,149.73
LN-8T5S5QKJA9,CLM-4DE8ZDDUA2,PRV-HC5CWNTSHD,PRV-HC5CWNTSHD,2024-02-21,2024-02-21,SYNTH,EM-EST-3,[],1.0,,,['SYN-DX-01'],11,177.37,145.44,130.9
LN-3Y4BYHAA4V,CLM-ET65SQWUW8,PRV-4TYA4STMB7,PRV-4TYA4STMB7,2024-02-28,2024-02-28,SYNTH,DME-CATH,[],1.0,,,['SYN-DX-01'],12,171.87,140.93,126.84
LN-BUWQM86GWF,CLM-WAG24U4DH6,PRV-HC5CWNTSHD,PRV-HC5CWNTSHD,2024-02-20,2024-02-20,SYNTH,EM-EST-4,[],1.0,,,['SYN-DX-01'],11,174.27,142.9,128.61
LN-WJEA7E44GT,CLM-P9V8VUN6SD,PRV-EWJD2QDPA6,PRV-EWJD2QDPA6,2024-07-14,2024-07-14,SYNTH,EM-EST-3,[],1.0,,,['SYN-DX-01'],11,185.79,152.35,137.12
LN-UVX9LKJQR7,CLM-LGKYQ2FDVU,PRV-DLK2K6289C,PRV-DLK2K6289C,2024-06-14,2024-06-14,SYNTH,LAB-PNL-01,[],1.0,,,['SYN-DX-01'],11,183.05,150.1,135.09
LN-JHVR7KJ42M,CLM-ENWHZG8Y9W,PRV-QJ8CAJLGGT,PRV-QJ8CAJLGGT,2024-02-07,2024-02-07,SYNTH,FAC-DAY,[],1.0,,,['SYN-DX-01'],21,157.53,129.17,116.25
LN-RSA578U6V9,CLM-JFYEZNUA5X,PRV-TTYMZNZQCD,PRV-TTYMZNZQCD,2024-06-02,2024-06-02,SYNTH,LAB-GEN-01,[],1.0,,,['SYN-DX-01'],11,182.69,149.81,134.83
LN-P7FEKGHCFE,CLM-5XXN4WLFB8,PRV-HC5CWNTSHD,PRV-HC5CWNTSHD,2024-06-04,2024-06-04,SYNTH,EM-EST-3,[],1.0,,,['SYN-DX-01'],11,159.53,130.81,117.73
LN-CDKLJYHU3X,CLM-823U89ZSAA,PRV-LVGM3QWE3V,PRV-LVGM3QWE3V,2024-04-22,2024-04-22,SYNTH,DME-CATH,[],1.0,,,['SYN-DX-01'],12,180.77,148.23,133.41
LN-H984BTHDQ7,CLM-PQGEKH23YM,PRV-AEV55VW98C,PRV-AEV55VW98C,2024-06-06,2024-06-06,HCPCS2,A0427,[],1.0,,,['SYN-DX-01'],41,8.57,7.03,6.33
LN-V9E72NWQA4,CLM-CPCU2EDBBZ,PRV-KB3DDTGVSY,PRV-KB3DDTGVSY,2024-06-03,2024-06-03,SYNTH,DME-CATH,[],1.0,,,['SYN-DX-01'],12,157.45,129.11,116.2
LN-3BLXWHXNS5,CLM-EHQTAWP2SS,PRV-KB3DDTGVSY,PRV-KB3DDTGVSY,2024-06-16,2024-06-16,SYNTH,DME-CATH,[],1.0,,,['SYN-DX-01'],12,167.32,137.2,123.48
LN-LM7SJS6ZTR,CLM-KD655ZQANZ,PRV-AEV55VW98C,PRV-AEV55VW98C,2024-03-06,2024-03-06,HCPCS2,A0427,[],1.0,,,['SYN-DX-01'],41,9.61,7.88,7.09
LN-YGPA3AJHLQ,CLM-C87ANXWSJ8,PRV-9HWCXGYGRP,PRV-9HWCXGYGRP,2024-08-25,2024-08-25,SYNTH,PSY-60,[],1.0,60.0,,['SYN-DX-01'],11,160.64,131.72,118.55
LN-RQTKQWG3XW,CLM-FXYTG6CRQT,PRV-LJD3M755ZS,PRV-LJD3M755ZS,2024-08-21,2024-08-21,HCPCS2,A0425,[],13.0,,13.0,['SYN-DX-01'],41,119.9,98.32,88.49
LN-J6NUT5BAZN,CLM-5BHP9RSHT9,PRV-EGMCSQWZE2,PRV-EGMCSQWZE2,2024-08-09,2024-08-09,SYNTH,PSY-45,[],1.0,45.0,,['SYN-DX-01'],11,165.52,135.73,122.16
LN-ZMEP4J9T6G,CLM-UXMEY4YFS9,PRV-2RBJKMU8EL,PRV-2RBJKMU8EL,2024-01-18,2024-01-18,HCPCS2,A0425,[],33.0,,33.0,['SYN-DX-01'],41,318.75,261.38,235.24
LN-7PSP78FTM2,CLM-5SXA4EBT99,PRV-CYX8UDJJ75,PRV-CYX8UDJJ75,2024-05-10,2024-05-10,SYNTH,EM-EST-3,[],1.0,,,['SYN-DX-01'],11,173.27,142.08,127.87
LN-RNCX95MGMU,CLM-DT7HN6ZSCB,PRV-FYQT8W8H8G,PRV-FYQT8W8H8G,2024-04-08,2024-04-08,SYNTH,DME-CATH,[],1.0,,,['SYN-DX-01'],12,193.88,158.98,143.08
LN-GAKHD9JYWD,CLM-UU2PXPSKQC,PRV-EWJD2QDPA6,PRV-EWJD2QDPA6,2024-08-21,2024-08-21,SYNTH,EM-EST-3,[],1.0,,,['SYN-DX-01'],11,175.19,143.66,129.29
LN-KXKT9ZDNT7,CLM-6T99QJGYCW,PRV-4TYA4STMB7,PRV-4TYA4STMB7,2024-04-03,2024-04-03,SYNTH,DME-CATH,[],1.0,,,['SYN-DX-01'],12,169.74,139.19,125.27
LN-KVVD52UYGY,CLM-7XW5S4M8PW,PRV-YHCS7YKNYQ,PRV-YHCS7YKNYQ,2024-06-13,2024-06-13,SYNTH,PSY-30,[],1.0,30.0,,['SYN-DX-01'],11,179.16,146.91,132.22
LN-XNC83LFV9J,CLM-8TTR78NE8E,PRV-YHCS7YKNYQ,PRV-YHCS7YKNYQ,2024-08-14,2024-08-14,SYNTH,PSY-30,[],1.0,30.0,,['SYN-DX-01'],11,178.65,146.49,131.84
LN-YBCJ295HEF,CLM-64JGZP85CK,PRV-AEV55VW98C,PRV-AEV55VW98C,2024-03-30,2024-03-30,HCPCS2,A0425,[],35.0,,35.0,['SYN-DX-01'],41,297.3,243.79,219.41
LN-VV4WAK329T,CLM-LQ689AQNRS,PRV-F2HS2XPZAV,PRV-F2HS2XPZAV,2024-02-20,2024-02-20,NDC-SYN,NDC-OPIOID-01,[],1.0,,,['SYN-DX-01'],11,158.98,130.36,117.32
LN-BMS3LR274T,CLM-65FRCWPKAX,PRV-KB3DDTGVSY,PRV-KB3DDTGVSY,2024-07-01,2024-07-01,SYNTH,DME-CATH,[],1.0,,,['SYN-DX-01'],12,172.84,141.73,127.56
LN-GCRH4XP8AF,CLM-UCXNGETK7K,PRV-YHCS7YKNYQ,PRV-YHCS7YKNYQ,2024-03-05,2024-03-05,SYNTH,PSY-60,[],1.0,60.0,,['SYN-DX-01'],11,183.3,150.31,135.28
LN-6RWJ9SJ6UP,CLM-MV6L48CKXM,PRV-F63QP3FKES,PRV-F63QP3FKES,2024-07-05,2024-07-05,SYNTH,PSY-60,[],1.0,60.0,,['SYN-DX-01'],11,191.08,156.69,141.02
LN-WKE2E7R9F4,CLM-39ZZDNBD4F,PRV-E2KQR2ZK3Q,PRV-E2KQR2ZK3Q,2024-06-04,2024-06-04,NDC-SYN,NDC-OPIOID-01,[],1.0,,,['SYN-DX-01'],11,197.05,161.58,145.42
LN-TBD835G2AD,CLM-SX2YBKURTC,PRV-FYQT8W8H8G,PRV-FYQT8W8H8G,2024-05-02,2024-05-02,SYNTH,DME-CATH,[],1.0,,,['SYN-DX-01'],12,214.1,175.56,158.0
LN-PX6D6L2C39,CLM-AXRYJEQRTB,PRV-QJ8CAJLGGT,PRV-QJ8CAJLGGT,2024-06-23,2024-06-23,SYNTH,FAC-DAY,[],1.0,,,['SYN-DX-01'],21,186.07,152.58,137.32
LN-YRUHQBWCY7,CLM-GDXT57N4T5,PRV-EGMCSQWZE2,PRV-EGMCSQWZE2,2024-01-27,2024-01-27,SYNTH,ABA-60,[],1.0,60.0,,['SYN-DX-01'],11,182.07,149.3,134.37
LN-XVHWW64L4V,CLM-3PH4P26LEE,PRV-DVP5UVKXMG,PRV-DVP5UVKXMG,2024-02-08,2024-02-08,SYNTH,EM-EST-3,[],1.0,,,['SYN-DX-01'],11,187.84,154.03,138.63
LN-XVE2HK44Y2,CLM-NB77KF6ZNQ,PRV-HC5CWNTSHD,PRV-HC5CWNTSHD,2024-07-15,2024-07-15,SYNTH,EM-EST-3,[],1.0,,,['SYN-DX-01'],11,175.89,144.23,129.81
LN-NLZ3TA4S4L,CLM-HSTP767TUC,PRV-KB3DDTGVSY,PRV-KB3DDTGVSY,2024-04-03,2024-04-03,SYNTH,DME-CATH,[],1.0,,,['SYN-DX-01'],12,162.03,132.86,119.57
LN-MM73PGXAV6,CLM-NG6WM29PLF,PRV-9HWCXGYGRP,PRV-9HWCXGYGRP,2024-03-04,2024-03-04,SYNTH,PSY-45,[],1.0,45.0,,['SYN-DX-01'],11,152.77,125.27,112.74
LN-WV99NPHP7D,CLM-BW7ZKL8GXY,PRV-R6UGAZC4XJ,PRV-R6UGAZC4XJ,2024-03-31,2024-03-31,SYNTH,HH-VISIT,[],1.0,45.0,,['SYN-DX-01'],12,182.02,149.26,134.33
LN-63E7PK2L2A,CLM-D7FCX2KSBK,PRV-AEV55VW98C,PRV-AEV55VW98C,2024-08-19,2024-08-19,HCPCS2,A0427,[],1.0,,,['SYN-DX-01'],41,9.19,7.54,6.79
LN-PMH2PQS5QS,CLM-5HEF4M7KVM,PRV-CYX8UDJJ75,PRV-CYX8UDJJ75,2024-04-02,2024-04-02,SYNTH,EM-EST-2,[],1.0,,,['SYN-DX-01'],11,191.68,157.18,141.46
LN-BMG9KJSLNN,CLM-97WGM8J6DQ,PRV-GQ36BNJZ2W,PRV-GQ36BNJZ2W,2024-02-25,2024-02-25,SYNTH,HH-VISIT,[],1.0,45.0,,['SYN-DX-01'],12,181.11,148.51,133.66
LN-9BFF5SQ7V9,CLM-PWRE96Q9JV,PRV-CYX8UDJJ75,PRV-CYX8UDJJ75,2024-03-20,2024-03-20,SYNTH,EM-EST-4,[],1.0,,,['SYN-DX-01'],11,176.98,145.12,130.61
LN-KXFWHRL2MM,CLM-GDU2UV9NCJ,PRV-DLK2K6289C,PRV-DLK2K6289C,2024-04-24,2024-04-24,SYNTH,LAB-GEN-01,[],1.0,,,['SYN-DX-01'],11,169.56,139.04,125.14
LN-AM5TBUP59F,CLM-GJURKJJASR,PRV-CYX8UDJJ75,PRV-CYX8UDJJ75,2024-02-22,2024-02-22,SYNTH,EM-EST-1,[],1.0,,,['SYN-DX-01'],11,160.89,131.93,118.74
LN-GSENYV6SED,CLM-CYSUTM4VJ4,PRV-F63QP3FKES,PRV-F63QP3FKES,2024-02-08,2024-02-08,SYNTH,ABA-60,[],1.0,60.0,,['SYN-DX-01'],11,174.4,143.01,128.71
LN-M7HYL7NGM8,CLM-WRAHD254KS,PRV-ZU6YL2HNHH,PRV-ZU6YL2HNHH,2024-07-15,2024-07-15,SYNTH,HH-VISIT,[],1.0,45.0,,['SYN-DX-01'],12,182.7,149.81,134.83
LN-X2B8JQTRGX,CLM-6SX3K2KQ8S,PRV-H9LG5VAJ3J,PRV-H9LG5VAJ3J,2024-05-13,2024-05-13,SYNTH,FAC-DAY,[],1.0,,,['SYN-DX-01'],21,188.33,154.43,138.99
LN-AD3WWYL4UK,CLM-44X7RU5NG8,PRV-EWJD2QDPA6,PRV-EWJD2QDPA6,2024-01-27,2024-01-27,SYNTH,EM-EST-3,[],1.0,,,['SYN-DX-01'],11,188.65,154.69,139.22
LN-Q5ZX8XNVZX,CLM-JCKKHW5YXY,PRV-GQ36BNJZ2W,PRV-GQ36BNJZ2W,2024-02-18,2024-02-18,SYNTH,HH-VISIT,[],1.0,45.0,,['SYN-DX-01'],12,161.43,132.37,119.13
LN-GTSQAUUV8G,CLM-D2GF75N2UJ,PRV-EWJD2QDPA6,PRV-EWJD2QDPA6,2024-06-03,2024-06-03,SYNTH,EM-EST-3,[],1.0,,,['SYN-DX-01'],11,176.27,144.54,130.09
LN-HE43JPUWXT,CLM-ML5TL94Z4X,PRV-HP4BWL7QC4,PRV-HP4BWL7QC4,2024-08-14,2024-08-14,SYNTH,FAC-DAY,[],1.0,,,['SYN-DX-01'],21,184.6,151.37,136.23
LN-5K5VG95KWH,CLM-CCHS5CD3QL,PRV-52P4GQD2DS,PRV-52P4GQD2DS,2024-06-24,2024-06-24,SYNTH,EM-EST-3,[],1.0,,,['SYN-DX-01'],11,186.76,153.14,137.83
LN-NGPZ85BKAP,CLM-KMLZZZX2ZG,PRV-EWJD2QDPA6,PRV-EWJD2QDPA6,2024-01-08,2024-01-08,SYNTH,EM-EST-4,[],1.0,,,['SYN-DX-01'],11,181.36,148.72,133.85
LN-Q7928K6SAR,CLM-NS6L5D7PMG,PRV-9HWCXGYGRP,PRV-9HWCXGYGRP,2024-06-01,2024-06-01,SYNTH,ABA-60,[],1.0,60.0,,['SYN-DX-01'],11,185.98,152.5,137.25
LN-G88ZEBA9UT,CLM-D8AGJWHC8T,PRV-DVP5UVKXMG,PRV-DVP5UVKXMG,2024-01-10,2024-01-10,SYNTH,EM-EST-3,[],1.0,,,['SYN-DX-01'],11,185.32,151.96,136.76
LN-DZD7SHLGFC,CLM-ZXN5FQN4DE,PRV-CYX8UDJJ75,PRV-CYX8UDJJ75,2024-04-13,2024-04-13,SYNTH,EM-EST-3,[],1.0,,,['SYN-DX-01'],11,190.52,156.23,140.61
LN-BVTMK3QF42,CLM-ZR6QXUEU27,PRV-CYX8UDJJ75,PRV-CYX8UDJJ75,2024-02-25,2024-02-25,SYNTH,EM-EST-3,[],1.0,,,['SYN-DX-01'],11,178.59,146.44,131.8
LN-9B97ZSKPRP,CLM-JSS2WSLYUV,PRV-DVP5UVKXMG,PRV-DVP5UVKXMG,2024-01-09,2024-01-09,SYNTH,EM-EST-4,[],1.0,,,['SYN-DX-01'],11,189.85,155.68,140.11
LN-JPPU6GXDQN,CLM-23L8WUWQGX,PRV-NNZAMXRZ52,PRV-NNZAMXRZ52,2024-05-18,2024-05-18,NDC-SYN,NDC-OPIOID-01,[],1.0,,,['SYN-DX-01'],11,174.84,143.37,129.03
LN-893LFBUJCZ,CLM-NE9MD7ME6D,PRV-FYQT8W8H8G,PRV-FYQT8W8H8G,2024-06-16,2024-06-16,SYNTH,DME-CATH,[],1.0,,,['SYN-DX-01'],12,205.78,168.74,151.87
LN-8GGCWW5DTT,CLM-EY3WDGUPR8,PRV-CYX8UDJJ75,PRV-CYX8UDJJ75,2024-02-27,2024-02-27,SYNTH,EM-EST-2,[],1.0,,,['SYN-DX-01'],11,184.65,151.41,136.27
LN-HTH87TC54R,CLM-FH9FH4HFM3,PRV-EGMCSQWZE2,PRV-EGMCSQWZE2,2024-03-16,2024-03-16,SYNTH,PSY-60,[],1.0,60.0,,['SYN-DX-01'],11,189.53,155.41,139.87
LN-7DH2LV46QK,CLM-HAKQ7SZQXN,PRV-9HWCXGYGRP,PRV-9HWCXGYGRP,2024-05-14,2024-05-14,SYNTH,PSY-45,[],1.0,45.0,,['SYN-DX-01'],11,194.12,159.18,143.26
LN-XR8T2EJBX4,CLM-QNYKHRJEG7,PRV-ZU6YL2HNHH,PRV-ZU6YL2HNHH,2024-07-04,2024-07-04,SYNTH,HH-VISIT,[],1.0,45.0,,['SYN-DX-01'],12,183.46,150.44,135.4
LN-T7W48UKMAF,CLM-2CCMDL3QXX,PRV-96KL4VD67A,PRV-96KL4VD67A,2024-03-24,2024-03-24,SYNTH,LAB-PNL-01,[],1.0,,,['SYN-DX-01'],11,187.67,153.89,138.5
LN-6K7SJ8FCJV,CLM-T5KXQSY7NE,PRV-EWJD2QDPA6,PRV-EWJD2QDPA6,2024-05-29,2024-05-29,SYNTH,EM-EST-4,[],1.0,,,['SYN-DX-01'],11,185.64,152.22,137.0
LN-B93EBZ9M99,CLM-TH7ZQPQAU5,PRV-EGMCSQWZE2,PRV-EGMCSQWZE2,2024-03-27,2024-03-27,SYNTH,ABA-60,[],1.0,60.0,,['SYN-DX-01'],11,185.68,152.26,137.03
LN-JLK86Y2CCF,CLM-XHEB2TKLSN,PRV-HP4BWL7QC4,PRV-HP4BWL7QC4,2024-05-24,2024-05-24,SYNTH,FAC-DAY,[],1.0,,,['SYN-DX-01'],21,192.48,157.83,142.05
LN-3GUGBAP2HC,CLM-G7KYMLP6L2,PRV-52P4GQD2DS,PRV-52P4GQD2DS,2024-06-15,2024-06-15,SYNTH,EM-EST-2,[],1.0,,,['SYN-DX-01'],11,160.39,131.52,118.37
LN-LRFR6F25DG,CLM-BSUPEG8ZA9,PRV-LEVZRZGE33,PRV-LEVZRZGE33,2024-01-16,2024-01-16,SYNTH,FAC-DAY,[],1.0,,,['SYN-DX-01'],21,163.49,134.06,120.65
LN-GHSG7968XZ,CLM-BVGDN3S2YX,PRV-YHCS7YKNYQ,PRV-YHCS7YKNYQ,2024-05-28,2024-05-28,SYNTH,PSY-60,[],1.0,60.0,,['SYN-DX-01'],11,193.61,158.76,142.88
LN-QTETD88GFX,CLM-NXGCLNE5WR,PRV-GQ36BNJZ2W,PRV-GQ36BNJZ2W,2024-02-03,2024-02-03,SYNTH,HH-VISIT,[],1.0,45.0,,['SYN-DX-01'],12,175.39,143.82,129.44
LN-C5TYPZEZN7,CLM-F9UTP2NE6G,PRV-HC5CWNTSHD,PRV-HC5CWNTSHD,2024-05-26,2024-05-26,SYNTH,EM-EST-2,[],1.0,,,['SYN-DX-01'],11,193.55,158.71,142.84
LN-Q9H8LR5J5Y,CLM-DCZ39NFGDG,PRV-CYX8UDJJ75,PRV-CYX8UDJJ75,2024-06-11,2024-06-11,SYNTH,EM-EST-1,[],1.0,,,['SYN-DX-01'],11,171.65,140.75,126.67
LN-BZ66Q69DLC,CLM-QVAQK39M2G,PRV-52P4GQD2DS,PRV-52P4GQD2DS,2024-03-21,2024-03-21,SYNTH,EM-EST-3,[],1.0,,,['SYN-DX-01'],11,153.66,126.0,113.4
LN-6H3YNFMEWS,CLM-9KY49ZA26X,PRV-CYX8UDJJ75,PRV-CYX8UDJJ75,2024-05-16,2024-05-16,SYNTH,EM-EST-2,[],1.0,,,['SYN-DX-01'],11,179.7,147.35,132.62
LN-B7YYSAUFXD,CLM-QEC2TRU9RT,PRV-4TYA4STMB7,PRV-4TYA4STMB7,2024-01-14,2024-01-14,SYNTH,DME-CATH,[],1.0,,,['SYN-DX-01'],12,193.64,158.78,142.9
LN-CJ3L86TQFG,CLM-ZF9MU6D9MR,PRV-ZU6YL2HNHH,PRV-ZU6YL2HNHH,2024-02-29,2024-02-29,SYNTH,HH-VISIT,[],1.0,45.0,,['SYN-DX-01'],12,186.11,152.61,137.35
LN-7HP2XT29GD,CLM-ZTAX8XQLFX,PRV-Z84M5CG5BX,PRV-Z84M5CG5BX,2024-08-04,2024-08-04,NDC-SYN,NDC-OPIOID-01,[],1.0,,,['SYN-DX-01'],11,167.68,137.5,123.75
LN-MYMHNC65M6,CLM-X94XDNL3W3,PRV-DVP5UVKXMG,PRV-DVP5UVKXMG,2024-05-24,2024-05-24,SYNTH,EM-EST-3,[],1.0,,,['SYN-DX-01'],11,180.25,147.8,133.02
LN-R9W89H6SZN,CLM-YXVHCLCUEU,PRV-KB3DDTGVSY,PRV-KB3DDTGVSY,2024-05-07,2024-05-07,SYNTH,DME-CATH,[],1.0,,,['SYN-DX-01'],12,183.9,150.8,135.72
LN-U9ZWL5873J,CLM-RZKDF3XCGL,PRV-YHCS7YKNYQ,PRV-YHCS7YKNYQ,2024-01-24,2024-01-24,SYNTH,PSY-30,[],1.0,30.0,,['SYN-DX-01'],11,201.53,165.25,148.72
LN-PJJLCWPNF9,CLM-WWZWS5ZKG2,PRV-52P4GQD2DS,PRV-52P4GQD2DS,2024-02-22,2024-02-22,SYNTH,EM-EST-3,[],1.0,,,['SYN-DX-01'],11,163.59,134.14,120.73
LN-2WEUKBJHXP,CLM-LCSACXM82K,PRV-ZU6YL2HNHH,PRV-ZU6YL2HNHH,2024-02-09,2024-02-09,SYNTH,HH-VISIT,[],1.0,45.0,,['SYN-DX-01'],12,175.43,143.85,129.47
LN-RPHVAS73WT,CLM-L8LVS5MS4H,PRV-HC5CWNTSHD,PRV-HC5CWNTSHD,2024-05-07,2024-05-07,SYNTH,EM-EST-3,[],1.0,,,['SYN-DX-01'],11,182.11,149.33,134.4
LN-M5HQ337YZN,CLM-U7YNP5ZBSH,PRV-CYX8UDJJ75,PRV-CYX8UDJJ75,2024-03-19,2024-03-19,SYNTH,EM-EST-4,[],1.0,,,['SYN-DX-01'],11,179.04,146.81,132.13
LN-7TXHQDDNCT,CLM-XQP5WVFA2Y,PRV-4TYA4STMB7,PRV-4TYA4STMB7,2024-02-14,2024-02-14,SYNTH,DME-CATH,[],1.0,,,['SYN-DX-01'],12,198.74,162.97,146.67
LN-GWBFMSQHGL,CLM-T2ZCPSJT3Y,PRV-52P4GQD2DS,PRV-52P4GQD2DS,2024-06-12,2024-06-12,SYNTH,EM-EST-2,[],1.0,,,['SYN-DX-01'],11,195.48,160.29,144.26
LN-SD6UV9Z3D8,CLM-VPVJGWCERW,PRV-9HWCXGYGRP,PRV-9HWCXGYGRP,2024-03-10,2024-03-10,SYNTH,ABA-60,[],1.0,60.0,,['SYN-DX-01'],11,172.4,141.37,127.23
LN-TJPTY8BTUZ,CLM-UXCL77ZMHL,PRV-QJ8CAJLGGT,PRV-QJ8CAJLGGT,2024-07-27,2024-07-27,SYNTH,FAC-DAY,[],1.0,,,['SYN-DX-01'],21,184.67,151.43,136.29
LN-SY7TYXS7YF,CLM-J7L8A4FDKD,PRV-2RBJKMU8EL,PRV-2RBJKMU8EL,2024-03-12,2024-03-12,HCPCS2,A0425,[],20.0,,20.0,['SYN-DX-01'],41,187.55,153.79,138.41
LN-UKVPJZKS67,CLM-374XBY9MUL,PRV-EGMCSQWZE2,PRV-EGMCSQWZE2,2024-07-23,2024-07-23,SYNTH,PSY-60,[],1.0,60.0,,['SYN-DX-01'],11,193.52,158.69,142.82
LN-VFXN684Z9N,CLM-BAWQNMPUF9,PRV-AEV55VW98C,PRV-AEV55VW98C,2024-05-24,2024-05-24,HCPCS2,A0427,[],1.0,,,['SYN-DX-01'],41,8.7,7.13,6.42
LN-3BAR4GRBQR,CLM-PKZT424BY6,PRV-LJD3M755ZS,PRV-LJD3M755ZS,2024-05-05,2024-05-05,HCPCS2,A0425,[],28.0,,28.0,['SYN-DX-01'],41,243.13,199.37,179.43
LN-8SLQMC6PNA,CLM-BMSBP5BD22,PRV-CYX8UDJJ75,PRV-CYX8UDJJ75,2024-08-07,2024-08-07,SYNTH,EM-EST-4,[],1.0,,,['SYN-DX-01'],11,168.28,137.99,124.19
LN-4VNL3UMPGD,CLM-YXGGFYK295,PRV-DLK2K6289C,PRV-DLK2K6289C,2024-02-12,2024-02-12,SYNTH,LAB-GEN-01,[],1.0,,,['SYN-DX-01'],11,172.91,141.79,127.61
LN-N5NCNFA7J9,CLM-5C2JBWQGJZ,PRV-LVGM3QWE3V,PRV-LVGM3QWE3V,2024-01-21,2024-01-21,SYNTH,DME-CATH,[],1.0,,,['SYN-DX-01'],12,186.0,152.52,137.27
LN-NTXFVSM8CV,CLM-C6FTBL8BBZ,PRV-9HWCXGYGRP,PRV-9HWCXGYGRP,2024-04-15,2024-04-15,SYNTH,PSY-30,[],1.0,30.0,,['SYN-DX-01'],11,171.19,140.38,126.34
LN-DKPMTCPN52,CLM-L8ECC3QANP,PRV-F2HS2XPZAV,PRV-F2HS2XPZAV,2024-06-17,2024-06-17,NDC-SYN,NDC-OPIOID-01,[],1.0,,,['SYN-DX-01'],11,183.01,150.07,135.06
LN-DV9BW3LNUK,CLM-Q6MHABCDNK,PRV-5AE63K9XH5,PRV-5AE63K9XH5,2024-07-28,2024-07-28,SYNTH,HH-VISIT,[],1.0,45.0,,['SYN-DX-01'],12,186.61,153.02,137.72
LN-D4SQY9RTY6,CLM-BRFYVNSCSR,PRV-GG7BBL7G9L,PRV-GG7BBL7G9L,2024-06-11,2024-06-11,SYNTH,LAB-PNL-01,[],1.0,,,['SYN-DX-01'],11,178.98,146.76,132.08
LN-LGDETASF27,CLM-WCDR5KG8W3,PRV-96KL4VD67A,PRV-96KL4VD67A,2024-01-26,2024-01-26,SYNTH,LAB-GEN-01,[],1.0,,,['SYN-DX-01'],11,189.97,155.78,140.2
LN-P85BM9EG4G,CLM-C3CA6FCUBE,PRV-Z84M5CG5BX,PRV-Z84M5CG5BX,2024-02-12,2024-02-12,NDC-SYN,NDC-OPIOID-01,[],1.0,,,['SYN-DX-01'],11,188.06,154.21,138.79
LN-ATN8MUDD4V,CLM-6T6P9NMMRA,PRV-4TYA4STMB7,PRV-4TYA4STMB7,2024-04-24,2024-04-24,SYNTH,DME-CATH,[],1.0,,,['SYN-DX-01'],12,181.17,148.56,133.7
LN-DRLYH7D5H6,CLM-JT2SEPZ84N,PRV-52P4GQD2DS,PRV-52P4GQD2DS,2024-05-22,2024-05-22,SYNTH,EM-EST-2,[],1.0,,,['SYN-DX-01'],11,196.11,160.81,144.73
LN-25CSGPDVQB,CLM-8XZMZ74A6S,PRV-H9LG5VAJ3J,PRV-H9LG5VAJ3J,2024-07-12,2024-07-12,SYNTH,FAC-DAY,[],1.0,,,['SYN-DX-01'],21,172.03,141.06,126.95
LN-BXBG9ZH83R,CLM-45XAZDWL9A,PRV-HC5CWNTSHD,PRV-HC5CWNTSHD,2024-02-04,2024-02-04,SYNTH,EM-EST-3,[],1.0,,,['SYN-DX-01'],11,159.07,130.44,117.4
LN-7N2A3ZVK3N,CLM-AMKHZ2BZ5U,PRV-R6UGAZC4XJ,PRV-R6UGAZC4XJ,2024-06-20,2024-06-20,SYNTH,HH-VISIT,[],1.0,45.0,,['SYN-DX-01'],12,174.68,143.24,128.92
LN-S3X57MAM24,CLM-PJXPWN32D3,PRV-9HWCXGYGRP,PRV-9HWCXGYGRP,2024-05-12,2024-05-12,SYNTH,PSY-60,[],1.0,60.0,,['SYN-DX-01'],11,169.81,139.24,125.32
LN-TSBXNCPQWU,CLM-AX8H6AA8L6,PRV-DLK2K6289C,PRV-DLK2K6289C,2024-05-20,2024-05-20,SYNTH,LAB-GEN-01,[],1.0,,,['SYN-DX-01'],11,192.65,157.97,142.17
LN-KNWLDFWUXV,CLM-KFE4D3KFD3,PRV-52P4GQD2DS,PRV-52P4GQD2DS,2024-01-12,2024-01-12,SYNTH,EM-EST-3,[],1.0,,,['SYN-DX-01'],11,148.96,122.15,109.94
LN-LNPNJNJ3PH,CLM-WVFP7TW539,PRV-HP4BWL7QC4,PRV-HP4BWL7QC4,2024-03-04,2024-03-04,SYNTH,FAC-DAY,[],1.0,,,['SYN-DX-01'],21,179.38,147.09,132.38
LN-9MH4EKWDSE,CLM-CFTBX5GE96,PRV-HC5CWNTSHD,PRV-HC5CWNTSHD,2024-08-07,2024-08-07,SYNTH,EM-EST-3,[],1.0,,,['SYN-DX-01'],11,163.51,134.08,120.67
LN-2JG4NVEZZZ,CLM-LQC9TRMA57,PRV-ZU6YL2HNHH,PRV-ZU6YL2HNHH,2024-04-04,2024-04-04,SYNTH,HH-VISIT,[],1.0,45.0,,['SYN-DX-01'],12,183.46,150.44,135.4
LN-KFKKKDGAUQ,CLM-RHJAL7Q6PE,PRV-F63QP3FKES,PRV-F63QP3FKES,2024-03-19,2024-03-19,SYNTH,PSY-30,[],1.0,30.0,,['SYN-DX-01'],11,164.35,134.77,121.29
LN-MUTXCD9LED,CLM-DX4HQU3SLW,PRV-9HWCXGYGRP,PRV-9HWCXGYGRP,2024-03-08,2024-03-08,SYNTH,ABA-60,[],1.0,60.0,,['SYN-DX-01'],11,173.23,142.05,127.85
LN-9BP5Z3YLRC,CLM-TAPUGXFP5Z,PRV-DVP5UVKXMG,PRV-DVP5UVKXMG,2024-08-02,2024-08-02,SYNTH,EM-EST-3,[],1.0,,,['SYN-DX-01'],11,198.06,162.41,146.17
LN-MM29MBSJ4L,CLM-BFC95C2YQX,PRV-9HWCXGYGRP,PRV-9HWCXGYGRP,2024-01-21,2024-01-21,SYNTH,PSY-60,[],1.0,60.0,,['SYN-DX-01'],11,191.44,156.98,141.28
LN-VABKTQALTN,CLM-MTFN3YMS8M,PRV-YHCS7YKNYQ,PRV-YHCS7YKNYQ,2024-04-27,2024-04-27,SYNTH,PSY-30,[],1.0,30.0,,['SYN-DX-01'],11,195.37,160.2,144.18
LN-K8GGS6EBA5,CLM-HPP6UV686A,PRV-5AE63K9XH5,PRV-5AE63K9XH5,2024-04-28,2024-04-28,SYNTH,HH-VISIT,[],1.0,45.0,,['SYN-DX-01'],12,178.46,146.34,131.71
LN-F4FCGWQT7G,CLM-FLEFV5LKAR,PRV-E2KQR2ZK3Q,PRV-E2KQR2ZK3Q,2024-04-03,2024-04-03,NDC-SYN,NDC-OPIOID-01,[],1.0,,,['SYN-DX-01'],11,200.73,164.6,148.14
LN-N3UZBZVMCC,CLM-Q9FYWVJ8BE,PRV-52P4GQD2DS,PRV-52P4GQD2DS,2024-01-06,2024-01-06,SYNTH,EM-EST-2,[],1.0,,,['SYN-DX-01'],11,191.24,156.82,141.14
LN-MBH3HT99PS,CLM-4XREKGJHMS,PRV-KB3DDTGVSY,PRV-KB3DDTGVSY,2024-01-30,2024-01-30,SYNTH,DME-CATH,[],1.0,,,['SYN-DX-01'],12,164.85,135.18,121.66
LN-RUNAT8GZET,CLM-ZGEBWJBBKW,PRV-LEVZRZGE33,PRV-LEVZRZGE33,2024-02-21,2024-02-21,SYNTH,FAC-DAY,[],1.0,,,['SYN-DX-01'],21,192.73,158.04,142.24
LN-G3WGY523BT,CLM-SAHZ6MDF36,PRV-FYQT8W8H8G,PRV-FYQT8W8H8G,2024-01-15,2024-01-15,SYNTH,DME-CATH,[],1.0,,,['SYN-DX-01'],12,179.9,147.52,132.77
LN-KGUWGYJVF9,CLM-M7UT7JKRJB,PRV-HC5CWNTSHD,PRV-HC5CWNTSHD,2024-04-06,2024-04-06,SYNTH,EM-EST-5,[],1.0,,,['SYN-DX-01'],11,198.44,162.72,146.45
LN-SB4VSC4ZYQ,CLM-5BHW9RAX3G,PRV-YHCS7YKNYQ,PRV-YHCS7YKNYQ,2024-02-29,2024-02-29,SYNTH,PSY-60,[],1.0,60.0,,['SYN-DX-01'],11,195.31,160.15,144.14
LN-R578AQU4YW,CLM-Y8XVN8SG9Z,PRV-FYQT8W8H8G,PRV-FYQT8W8H8G,2024-05-05,2024-05-05,SYNTH,DME-CATH,[],1.0,,,['SYN-DX-01'],12,188.6,154.65,139.19
LN-HJTVQQ5NVP,CLM-CDX4V2B4Y4,PRV-5AE63K9XH5,PRV-5AE63K9XH5,2024-07-17,2024-07-17,SYNTH,HH-VISIT,[],1.0,45.0,,['SYN-DX-01'],12,191.96,157.41,141.67
LN-ZAFCW8PR6H,CLM-WEW2P8WKX9,PRV-GG7BBL7G9L,PRV-GG7BBL7G9L,2024-03-28,2024-03-28,SYNTH,LAB-GEN-01,[],1.0,,,['SYN-DX-01'],11,185.13,151.81,136.63
LN-X3EPWD7BAA,CLM-26BZ87Y7PB,PRV-EWJD2QDPA6,PRV-EWJD2QDPA6,2024-01-19,2024-01-19,SYNTH,EM-EST-3,[],1.0,,,['SYN-DX-01'],11,180.97,148.4,133.56
LN-NAPLCRPC4W,CLM-G93BHXTSD6,PRV-KB3DDTGVSY,PRV-KB3DDTGVSY,2024-01-30,2024-01-30,SYNTH,DME-CATH,[],1.0,,,['SYN-DX-01'],12,192.06,157.49,141.74
LN-VK6QBLVXPQ,CLM-9XC4YWKK74,PRV-EWJD2QDPA6,PRV-EWJD2QDPA6,2024-05-01,2024-05-01,SYNTH,EM-EST-3,[],1.0,,,['SYN-DX-01'],11,186.45,152.89,137.6
LN-NSKKRUEE38,CLM-AS8Q2726RP,PRV-AEV55VW98C,PRV-AEV55VW98C,2024-05-03,2024-05-03,HCPCS2,A0425,[],32.0,,32.0,['SYN-DX-01'],41,278.56,228.42,205.58
LN-UM36GTV7F9,CLM-59639M9F7N,PRV-4TYA4STMB7,PRV-4TYA4STMB7,2024-06-01,2024-06-01,SYNTH,DME-CATH,[],1.0,,,['SYN-DX-01'],12,205.36,168.4,151.56
LN-NB2FAK5SY7,CLM-X95D4NL2ZJ,PRV-Z84M5CG5BX,PRV-Z84M5CG5BX,2024-05-11,2024-05-11,NDC-SYN,NDC-OPIOID-01,[],1.0,,,['SYN-DX-01'],11,179.99,147.59,132.83
LN-QCSXVXRXFZ,CLM-N9GVRDS9C8,PRV-HP4BWL7QC4,PRV-HP4BWL7QC4,2024-08-20,2024-08-20,SYNTH,FAC-DAY,[],1.0,,,['SYN-DX-01'],21,180.69,148.17,133.35
LN-G33GDT2XX6,CLM-FMBQR3GSRE,PRV-HC5CWNTSHD,PRV-HC5CWNTSHD,2024-03-07,2024-03-07,SYNTH,EM-EST-3,[],1.0,,,['SYN-DX-01'],11,179.22,146.96,132.26
LN-DB92MH89Y7,CLM-5FAY4CT5UM,PRV-E2KQR2ZK3Q,PRV-E2KQR2ZK3Q,2024-06-04,2024-06-04,NDC-SYN,NDC-OPIOID-01,[],1.0,,,['SYN-DX-01'],11,179.02,146.8,132.12
LN-3U7XXJ6UCE,CLM-NKP5PSVW3V,PRV-EWJD2QDPA6,PRV-EWJD2QDPA6,2024-01-07,2024-01-07,SYNTH,EM-EST-3,[],1.0,,,['SYN-DX-01'],11,181.25,148.62,133.76
LN-Z2473JWGZH,CLM-CH25QL85L8,PRV-Z84M5CG5BX,PRV-Z84M5CG5BX,2024-01-15,2024-01-15,NDC-SYN,NDC-OPIOID-01,[],1.0,,,['SYN-DX-01'],11,177.11,145.23,130.71
LN-K4E4LG4D8X,CLM-K3T7P2ZHGT,PRV-EWJD2QDPA6,PRV-EWJD2QDPA6,2024-05-31,2024-05-31,SYNTH,EM-EST-4,[],1.0,,,['SYN-DX-01'],11,188.95,154.94,139.45
LN-7E6VKQBCG4,CLM-ZGV7KTQ9YS,PRV-CYX8UDJJ75,PRV-CYX8UDJJ75,2024-04-13,2024-04-13,SYNTH,EM-EST-4,[],1.0,,,['SYN-DX-01'],11,169.97,139.38,125.44
LN-LNDX9JBEJ3,CLM-8BZ5XMYB46,PRV-2RBJKMU8EL,PRV-2RBJKMU8EL,2024-02-16,2024-02-16,HCPCS2,A0425,[],21.0,,21.0,['SYN-DX-01'],41,179.38,147.09,132.38
LN-PFL924QS75,CLM-AEPJDJNMNA,PRV-F63QP3FKES,PRV-F63QP3FKES,2024-05-20,2024-05-20,SYNTH,PSY-45,[],1.0,45.0,,['SYN-DX-01'],11,178.46,146.34,131.71
LN-QUYLKC8YA8,CLM-4VYPJCGQDB,PRV-R6UGAZC4XJ,PRV-R6UGAZC4XJ,2024-03-27,2024-03-27,SYNTH,HH-VISIT,[],1.0,45.0,,['SYN-DX-01'],12,172.18,141.19,127.07
LN-V7S8TC5T9B,CLM-7NKK4BVHRN,PRV-KB3DDTGVSY,PRV-KB3DDTGVSY,2024-03-24,2024-03-24,SYNTH,DME-CATH,[],1.0,,,['SYN-DX-01'],12,205.38,168.41,151.57
LN-U9S2U7PBUG,CLM-67FBWZ3E2J,PRV-6LZYWNNT2J,PRV-6LZYWNNT2J,2024-08-04,2024-08-04,SYNTH,LAB-GEN-01,[],1.0,,,['SYN-DX-01'],11,188.99,154.97,139.47
LN-TBD7MHEXQP,CLM-HRQM2QNT5F,PRV-Z84M5CG5BX,PRV-Z84M5CG5BX,2024-07-26,2024-07-26,NDC-SYN,NDC-OPIOID-01,[],1.0,,,['SYN-DX-01'],11,202.01,165.65,149.09
LN-EF6JX3CE28,CLM-K26667KFG6,PRV-R6UGAZC4XJ,PRV-R6UGAZC4XJ,2024-07-13,2024-07-13,SYNTH,HH-VISIT,[],1.0,45.0,,['SYN-DX-01'],12,189.61,155.48,139.93
LN-XQ8AC7HVA5,CLM-TKTRUXTEUR,PRV-9HWCXGYGRP,PRV-9HWCXGYGRP,2024-08-10,2024-08-10,SYNTH,PSY-30,[],1.0,30.0,,['SYN-DX-01'],11,192.66,157.98,142.18
LN-GECENSGUAZ,CLM-L29LGVN9MA,PRV-H9LG5VAJ3J,PRV-H9LG5VAJ3J,2024-05-24,2024-05-24,SYNTH,FAC-DAY,[],1.0,,,['SYN-DX-01'],21,188.87,154.87,139.38
LN-QH7FVJBHQS,CLM-PEUW7N36XL,PRV-DLK2K6289C,PRV-DLK2K6289C,2024-08-02,2024-08-02,SYNTH,LAB-PNL-01,[],1.0,,,['SYN-DX-01'],11,153.12,125.56,113.0
LN-CLUXBX9BED,CLM-ERU8P2R8HT,PRV-52P4GQD2DS,PRV-52P4GQD2DS,2024-02-02,2024-02-02,SYNTH,EM-EST-5,[],1.0,,,['SYN-DX-01'],11,162.53,133.27,119.94
LN-5M5CGWTY5E,CLM-KEE7M8MZBJ,PRV-EWJD2QDPA6,PRV-EWJD2QDPA6,2024-08-21,2024-08-21,SYNTH,EM-EST-3,[],1.0,,,['SYN-DX-01'],11,163.43,134.01,120.61
LN-9YJLY7VLGG,CLM-ZFHBT67FRT,PRV-GG7BBL7G9L,PRV-GG7BBL7G9L,2024-07-20,2024-07-20,SYNTH,LAB-PNL-01,[],1.0,,,['SYN-DX-01'],11,184.4,151.21,136.09
LN-YES9M3VGK9,CLM-578CN5F92Y,PRV-CYX8UDJJ75,PRV-CYX8UDJJ75,2024-05-05,2024-05-05,SYNTH,EM-EST-2,[],1.0,,,['SYN-DX-01'],11,181.14,148.53,133.68
LN-FMS4LXJTAT,CLM-CLRC6RCKWY,PRV-AEV55VW98C,PRV-AEV55VW98C,2024-04-06,2024-04-06,HCPCS2,A0425,[],24.0,,24.0,['SYN-DX-01'],41,219.51,180.0,162.0
LN-2Y54LUXXA2,CLM-GDWYEDJJSA,PRV-FYQT8W8H8G,PRV-FYQT8W8H8G,2024-01-05,2024-01-05,SYNTH,DME-CATH,[],1.0,,,['SYN-DX-01'],12,178.65,146.49,131.84
LN-VFP2FU9EPE,CLM-RZZAM4KYL3,PRV-5AE63K9XH5,PRV-5AE63K9XH5,2024-03-15,2024-03-15,SYNTH,HH-VISIT,[],1.0,45.0,,['SYN-DX-01'],12,150.89,123.73,111.36
LN-XA8QK2MMMK,CLM-XHEAF8W969,PRV-HC5CWNTSHD,PRV-HC5CWNTSHD,2024-03-29,2024-03-29,SYNTH,EM-EST-2,[],1.0,,,['SYN-DX-01'],11,183.64,150.58,135.52
LN-DNZA8SKLMJ,CLM-H9XLMYXLL3,PRV-QJ8CAJLGGT,PRV-QJ8CAJLGGT,2024-04-19,2024-04-19,SYNTH,FAC-DAY,[],1.0,,,['SYN-DX-01'],21,187.01,153.35,138.01
LN-EQCSLXUKUS,CLM-NYQDR87QM9,PRV-EGMCSQWZE2,PRV-EGMCSQWZE2,2024-05-16,2024-05-16,SYNTH,PSY-60,[],1.0,60.0,,['SYN-DX-01'],11,177.57,145.61,131.05
LN-DM2RTPCKS3,CLM-DHUC2SBNSD,PRV-P8SZX5BYHL,PRV-P8SZX5BYHL,2024-03-29,2024-03-29,NDC-SYN,NDC-OPIOID-01,[],1.0,,,['SYN-DX-01'],11,207.53,170.17,153.15
LN-82PMA5NACU,CLM-D7K5VP46SC,PRV-YHCS7YKNYQ,PRV-YHCS7YKNYQ,2024-03-27,2024-03-27,SYNTH,ABA-60,[],1.0,60.0,,['SYN-DX-01'],11,178.49,146.36,131.72
LN-4Y8Y47U85M,CLM-RSJHLTLQEB,PRV-AEV55VW98C,PRV-AEV55VW98C,2024-01-24,2024-01-24,HCPCS2,A0427,[],1.0,,,['SYN-DX-01'],41,8.0,6.56,5.9
LN-DUV2F9727L,CLM-PXV6SJJJ5G,PRV-9HWCXGYGRP,PRV-9HWCXGYGRP,2024-03-06,2024-03-06,SYNTH,PSY-60,[],1.0,60.0,,['SYN-DX-01'],11,177.93,145.9,131.31
LN-LAW4WC6Y4P,CLM-7XGMZXFPQK,PRV-F63QP3FKES,PRV-F63QP3FKES,2024-06-28,2024-06-28,SYNTH,PSY-30,[],1.0,30.0,,['SYN-DX-01'],11,173.65,142.39,128.15
LN-V46THU5E6P,CLM-99GF872Z2Z,PRV-9HWCXGYGRP,PRV-9HWCXGYGRP,2024-03-24,2024-03-24,SYNTH,PSY-60,[],1.0,60.0,,['SYN-DX-01'],11,183.27,150.28,135.25
LN-TWUV84TNZV,CLM-LYBK8U3NMY,PRV-TTYMZNZQCD,PRV-TTYMZNZQCD,2024-05-20,2024-05-20,SYNTH,LAB-GEN-01,[],1.0,,,['SYN-DX-01'],11,197.92,162.29,146.06
LN-3PNZUHRT8B,CLM-73FU25JR66,PRV-4TYA4STMB7,PRV-4TYA4STMB7,2024-07-16,2024-07-16,SYNTH,DME-CATH,[],1.0,,,['SYN-DX-01'],12,168.63,138.28,124.45
LN-HKFQJBSBRH,CLM-4RJQGC5L2K,PRV-DLK2K6289C,PRV-DLK2K6289C,2024-08-25,2024-08-25,SYNTH,LAB-GEN-01,[],1.0,,,['SYN-DX-01'],11,188.0,154.16,138.74
LN-4Q7BRTLJ58,CLM-U4G5SZ8JYR,PRV-YHCS7YKNYQ,PRV-YHCS7YKNYQ,2024-08-03,2024-08-03,SYNTH,PSY-60,[],1.0,60.0,,['SYN-DX-01'],11,162.99,133.65,120.29
LN-KLRXR66JM6,CLM-BQLJVR7T3P,PRV-DVP5UVKXMG,PRV-DVP5UVKXMG,2024-01-01,2024-01-01,SYNTH,EM-EST-1,[],1.0,,,['SYN-DX-01'],11,174.64,143.2,128.88
LN-S66NQP9URD,CLM-CQF99BPK8A,PRV-TTYMZNZQCD,PRV-TTYMZNZQCD,2024-03-26,2024-03-26,SYNTH,LAB-PNL-01,[],1.0,,,['SYN-DX-01'],11,195.52,160.33,144.3
LN-JPLVJ8PG38,CLM-MQ5CGM7XGY,PRV-52P4GQD2DS,PRV-52P4GQD2DS,2024-06-12,2024-06-12,SYNTH,EM-EST-2,[],1.0,,,['SYN-DX-01'],11,171.78,140.86,126.77
LN-MDY53DVFU2,CLM-Y5CLKD3J48,PRV-R6UGAZC4XJ,PRV-R6UGAZC4XJ,2024-05-29,2024-05-29,SYNTH,HH-VISIT,[],1.0,45.0,,['SYN-DX-01'],12,182.98,150.04,135.04
LN-5AUJC3VGKN,CLM-6CUK83VMUY,PRV-YHCS7YKNYQ,PRV-YHCS7YKNYQ,2024-02-05,2024-02-05,SYNTH,PSY-60,[],1.0,60.0,,['SYN-DX-01'],11,192.24,157.64,141.88
LN-LSWRZQ2Q2F,CLM-AXBTA6G7JT,PRV-GQ36BNJZ2W,PRV-GQ36BNJZ2W,2024-03-26,2024-03-26,SYNTH,HH-VISIT,[],1.0,45.0,,['SYN-DX-01'],12,157.98,129.54,116.59
LN-4BY4CYY9CT,CLM-FA352E35CN,PRV-P8SZX5BYHL,PRV-P8SZX5BYHL,2024-05-09,2024-05-09,NDC-SYN,NDC-OPIOID-01,[],1.0,,,['SYN-DX-01'],11,177.06,145.19,130.67
LN-QHS97HMQBE,CLM-XN6Y4B7RTY,PRV-CYX8UDJJ75,PRV-CYX8UDJJ75,2024-04-06,2024-04-06,SYNTH,EM-EST-3,[],1.0,,,['SYN-DX-01'],11,193.11,158.35,142.51
LN-FA2DC98XYE,CLM-R3339VK8G6,PRV-FYQT8W8H8G,PRV-FYQT8W8H8G,2024-08-25,2024-08-25,SYNTH,DME-CATH,[],1.0,,,['SYN-DX-01'],12,173.62,142.37,128.13
LN-VMLH2V8Z6M,CLM-KSHKCDNRDT,PRV-DLK2K6289C,PRV-DLK2K6289C,2024-04-03,2024-04-03,SYNTH,LAB-GEN-01,[],1.0,,,['SYN-DX-01'],11,175.32,143.76,129.38
LN-7QRREG9DUK,CLM-TJXDF3RDDL,PRV-FYQT8W8H8G,PRV-FYQT8W8H8G,2024-05-18,2024-05-18,SYNTH,DME-CATH,[],1.0,,,['SYN-DX-01'],12,182.61,149.74,134.77
LN-4684UGQ8HE,CLM-VBWV4DUMQ6,PRV-EGMCSQWZE2,PRV-EGMCSQWZE2,2024-05-01,2024-05-01,SYNTH,PSY-60,[],1.0,60.0,,['SYN-DX-01'],11,198.82,163.03,146.73
LN-3EEQVEKQX7,CLM-4K376L3L7U,PRV-LVGM3QWE3V,PRV-LVGM3QWE3V,2024-02-06,2024-02-06,SYNTH,DME-CATH,[],1.0,,,['SYN-DX-01'],12,189.2,155.14,139.63
LN-PQBRY3F2Y6,CLM-PM6XEJF8DB,PRV-F63QP3FKES,PRV-F63QP3FKES,2024-06-28,2024-06-28,SYNTH,PSY-60,[],1.0,60.0,,['SYN-DX-01'],11,167.03,136.96,123.26
LN-7ZCEA5NJSX,CLM-UXJDSXCG8T,PRV-GQ36BNJZ2W,PRV-GQ36BNJZ2W,2024-04-24,2024-04-24,SYNTH,HH-VISIT,[],1.0,45.0,,['SYN-DX-01'],12,171.08,140.29,126.26
LN-NM8XY6RFYN,CLM-EBFUUCZ5HR,PRV-EGMCSQWZE2,PRV-EGMCSQWZE2,2024-03-12,2024-03-12,SYNTH,ABA-60,[],1.0,60.0,,['SYN-DX-01'],11,162.14,132.95,119.65
LN-8296CNNLT5,CLM-8CYD4URU7U,PRV-E2KQR2ZK3Q,PRV-E2KQR2ZK3Q,2024-07-17,2024-07-17,NDC-SYN,NDC-OPIOID-01,[],1.0,,,['SYN-DX-01'],11,202.2,165.8,149.22
LN-DXJ4EMEJ43,CLM-WWD4YBRRF9,PRV-F63QP3FKES,PRV-F63QP3FKES,2024-07-22,2024-07-22,SYNTH,ABA-60,[],1.0,60.0,,['SYN-DX-01'],11,146.3,119.97,107.97
LN-42Y2A7TR4L,CLM-DD2RUNUZ2Z,PRV-2RBJKMU8EL,PRV-2RBJKMU8EL,2024-01-15,2024-01-15,HCPCS2,A0427,[],1.0,,,['SYN-DX-01'],41,9.13,7.49,6.74
LN-NNE2ZFN2ZU,CLM-EUM7G64BZE,PRV-96KL4VD67A,PRV-96KL4VD67A,2024-03-30,2024-03-30,SYNTH,LAB-GEN-01,[],1.0,,,['SYN-DX-01'],11,172.23,141.23,127.11
LN-5LS8TZCKCG,CLM-92ZSRS27K2,PRV-P8SZX5BYHL,PRV-P8SZX5BYHL,2024-08-08,2024-08-08,NDC-SYN,NDC-OPIOID-01,[],1.0,,,['SYN-DX-01'],11,196.08,160.79,144.71
LN-9ZD5T5PLJ2,CLM-255VPZKT9H,PRV-2RBJKMU8EL,PRV-2RBJKMU8EL,2024-02-01,2024-02-01,HCPCS2,A0427,[],1.0,,,['SYN-DX-01'],41,8.0,6.56,5.9
LN-RGSVKAV7X8,CLM-FK8EANX8X4,PRV-QJ8CAJLGGT,PRV-QJ8CAJLGGT,2024-02-16,2024-02-16,SYNTH,FAC-DAY,[],1.0,,,['SYN-DX-01'],21,159.6,130.87,117.78
LN-KWPW4WW23L,CLM-4HEXAYLA9T,PRV-F63QP3FKES,PRV-F63QP3FKES,2024-03-31,2024-03-31,SYNTH,PSY-60,[],1.0,60.0,,['SYN-DX-01'],11,193.79,158.91,143.02
LN-5KZXVHY3LH,CLM-UW9MPRXTUY,PRV-EWJD2QDPA6,PRV-EWJD2QDPA6,2024-01-09,2024-01-09,SYNTH,EM-EST-1,[],1.0,,,['SYN-DX-01'],11,188.22,154.34,138.91
LN-8USPZK75GK,CLM-KDQV5X7HBM,PRV-QJ8CAJLGGT,PRV-QJ8CAJLGGT,2024-05-17,2024-05-17,SYNTH,FAC-DAY,[],1.0,,,['SYN-DX-01'],21,181.72,149.01,134.11
LN-JGLEGWZ7KJ,CLM-AC56HFGFAM,PRV-5AE63K9XH5,PRV-5AE63K9XH5,2024-02-19,2024-02-19,SYNTH,HH-VISIT,[],1.0,45.0,,['SYN-DX-01'],12,155.02,127.12,114.41
LN-G336NG7VMS,CLM-7CDNTYGY2B,PRV-HP4BWL7QC4,PRV-HP4BWL7QC4,2024-04-28,2024-04-28,SYNTH,FAC-DAY,[],1.0,,,['SYN-DX-01'],21,192.11,157.53,141.78
LN-FURNUR3A7E,CLM-M53CWLU442,PRV-GQ36BNJZ2W,PRV-GQ36BNJZ2W,2024-01-22,2024-01-22,SYNTH,HH-VISIT,[],1.0,45.0,,['SYN-DX-01'],12,168.46,138.14,124.33
LN-V5PH87LFHH,CLM-26Z3UM7VHX,PRV-52P4GQD2DS,PRV-52P4GQD2DS,2024-07-12,2024-07-12,SYNTH,EM-EST-4,[],1.0,,,['SYN-DX-01'],11,193.31,158.51,142.66
LN-LSG9QY6ZEQ,CLM-5T774N6H8K,PRV-GQ36BNJZ2W,PRV-GQ36BNJZ2W,2024-07-04,2024-07-04,SYNTH,HH-VISIT,[],1.0,45.0,,['SYN-DX-01'],12,178.5,146.37,131.73
LN-A5WVEBWGV9,CLM-2GGQNVV24X,PRV-F2HS2XPZAV,PRV-F2HS2XPZAV,2024-01-31,2024-01-31,NDC-SYN,NDC-OPIOID-01,[],1.0,,,['SYN-DX-01'],11,191.57,157.09,141.38
LN-UMJ8CEMX6V,CLM-FRQEENWBX7,PRV-2RBJKMU8EL,PRV-2RBJKMU8EL,2024-05-14,2024-05-14,HCPCS2,A0427,[],1.0,,,['SYN-DX-01'],41,9.28,7.61,6.85
LN-PTKYGLBFYP,CLM-KC55UV765D,PRV-9HWCXGYGRP,PRV-9HWCXGYGRP,2024-01-07,2024-01-07,SYNTH,ABA-60,[],1.0,60.0,,['SYN-DX-01'],11,170.35,139.69,125.72
LN-MWN9RXCAV8,CLM-P38FPBK2R9,PRV-R6UGAZC4XJ,PRV-R6UGAZC4XJ,2024-06-02,2024-06-02,SYNTH,HH-VISIT,[],1.0,45.0,,['SYN-DX-01'],12,189.5,155.39,139.85
LN-URWWEHHL4Q,CLM-YM2VKJHMNJ,PRV-HC5CWNTSHD,PRV-HC5CWNTSHD,2024-05-16,2024-05-16,SYNTH,EM-EST-3,[],1.0,,,['SYN-DX-01'],11,201.98,165.62,149.06
LN-MJB8VKFQ8Z,CLM-9SUQBGW7CG,PRV-DLK2K6289C,PRV-DLK2K6289C,2024-04-19,2024-04-19,SYNTH,LAB-PNL-01,[],1.0,,,['SYN-DX-01'],11,155.7,127.67,114.9
LN-P4GL7EQ8HX,CLM-N7ZGGSM6B2,PRV-GG7BBL7G9L,PRV-GG7BBL7G9L,2024-04-21,2024-04-21,SYNTH,LAB-PNL-01,[],1.0,,,['SYN-DX-01'],11,190.87,156.51,140.86
LN-35V88DKTVE,CLM-DV4P877DF4,PRV-52P4GQD2DS,PRV-52P4GQD2DS,2024-06-20,2024-06-20,SYNTH,EM-EST-2,[],1.0,,,['SYN-DX-01'],11,193.07,158.32,142.49
LN-ANMNXYPVL4,CLM-QAL2ALT2WE,PRV-YHCS7YKNYQ,PRV-YHCS7YKNYQ,2024-06-03,2024-06-03,SYNTH,PSY-45,[],1.0,45.0,,['SYN-DX-01'],11,183.91,150.81,135.73
LN-PP6NXK5TKS,CLM-PKYXTB975D,PRV-YHCS7YKNYQ,PRV-YHCS7YKNYQ,2024-06-06,2024-06-06,SYNTH,PSY-60,[],1.0,60.0,,['SYN-DX-01'],11,172.24,141.24,127.12
LN-6JJNGFTLTJ,CLM-TG9ABCY3QB,PRV-5AE63K9XH5,PRV-5AE63K9XH5,2024-04-30,2024-04-30,SYNTH,HH-VISIT,[],1.0,45.0,,['SYN-DX-01'],12,175.64,144.02,129.62
LN-PGKS3ZAYUB,CLM-ZF22JX8S49,PRV-52P4GQD2DS,PRV-52P4GQD2DS,2024-08-06,2024-08-06,SYNTH,EM-EST-4,[],1.0,,,['SYN-DX-01'],11,181.67,148.97,134.07
LN-ZM5CP4KRXH,CLM-PJ2UPZQ9XL,PRV-E2KQR2ZK3Q,PRV-E2KQR2ZK3Q,2024-06-30,2024-06-30,NDC-SYN,NDC-OPIOID-01,[],1.0,,,['SYN-DX-01'],11,179.86,147.49,132.74
LN-PGTVZE7TC8,CLM-S7QGDJE8HK,PRV-R6UGAZC4XJ,PRV-R6UGAZC4XJ,2024-02-25,2024-02-25,SYNTH,HH-VISIT,[],1.0,45.0,,['SYN-DX-01'],12,171.43,140.57,126.51
LN-YG2UPFPVE2,CLM-QXLA65FBNR,PRV-GQ36BNJZ2W,PRV-GQ36BNJZ2W,2024-02-18,2024-02-18,SYNTH,HH-VISIT,[],1.0,45.0,,['SYN-DX-01'],12,154.2,126.44,113.8
LN-5CC7YLD726,CLM-Q67TD65CAH,PRV-F2HS2XPZAV,PRV-F2HS2XPZAV,2024-06-09,2024-06-09,NDC-SYN,NDC-OPIOID-01,[],1.0,,,['SYN-DX-01'],11,192.27,157.66,141.89
LN-3FP6TAZ2DW,CLM-T3UDPD5YU5,PRV-R6UGAZC4XJ,PRV-R6UGAZC4XJ,2024-05-02,2024-05-02,SYNTH,HH-VISIT,[],1.0,45.0,,['SYN-DX-01'],12,179.24,146.98,132.28
LN-DJJTED5PKX,CLM-STFTAKSAGE,PRV-LEVZRZGE33,PRV-LEVZRZGE33,2024-04-24,2024-04-24,SYNTH,FAC-DAY,[],1.0,,,['SYN-DX-01'],21,180.9,148.34,133.51
LN-MLRRVBRXXF,CLM-TRW69H5SEZ,PRV-9HWCXGYGRP,PRV-9HWCXGYGRP,2024-04-26,2024-04-26,SYNTH,PSY-45,[],1.0,45.0,,['SYN-DX-01'],11,158.71,130.14,117.13
LN-WMCGJQM3QS,CLM-U3H7FXXH4L,PRV-F63QP3FKES,PRV-F63QP3FKES,2024-03-23,2024-03-23,SYNTH,ABA-60,[],1.0,60.0,,['SYN-DX-01'],11,200.49,164.4,147.96
LN-VAHWYV62AG,CLM-4ZCTX3FVZ5,PRV-FYQT8W8H8G,PRV-FYQT8W8H8G,2024-07-22,2024-07-22,SYNTH,DME-CATH,[],1.0,,,['SYN-DX-01'],12,202.67,166.19,149.57
LN-PJHBEP9TGB,CLM-F78TZZJNK9,PRV-YHCS7YKNYQ,PRV-YHCS7YKNYQ,2024-01-20,2024-01-20,SYNTH,PSY-60,[],1.0,60.0,,['SYN-DX-01'],11,198.36,162.66,146.39
LN-G8MPZ8HLQA,CLM-VD9NNFGSSK,PRV-HP4BWL7QC4,PRV-HP4BWL7QC4,2024-02-23,2024-02-23,SYNTH,FAC-DAY,[],1.0,,,['SYN-DX-01'],21,177.93,145.9,131.31
LN-ZPFFTDGUAE,CLM-BSDDRHADCT,PRV-R6UGAZC4XJ,PRV-R6UGAZC4XJ,2024-04-22,2024-04-22,SYNTH,HH-VISIT,[],1.0,45.0,,['SYN-DX-01'],12,178.61,146.46,131.81
LN-RECYU6QRBN,CLM-SQHHQKAYL3,PRV-5AE63K9XH5,PRV-5AE63K9XH5,2024-06-06,2024-06-06,SYNTH,HH-VISIT,[],1.0,45.0,,['SYN-DX-01'],12,202.52,166.07,149.46
LN-XQJ9D5CPPS,CLM-CKAN27FWFK,PRV-GQ36BNJZ2W,PRV-GQ36BNJZ2W,2024-08-18,2024-08-18,SYNTH,HH-VISIT,[],1.0,45.0,,['SYN-DX-01'],12,168.91,138.51,124.66
LN-SFUAMT6DTH,CLM-HHDM837EW5,PRV-FYQT8W8H8G,PRV-FYQT8W8H8G,2024-02-24,2024-02-24,SYNTH,DME-CATH,[],1.0,,,['SYN-DX-01'],12,198.79,163.01,146.71
LN-M5FR7AVVK5,CLM-54PXZL3J5G,PRV-F63QP3FKES,PRV-F63QP3FKES,2024-01-14,2024-01-14,SYNTH,PSY-60,[],1.0,60.0,,['SYN-DX-01'],11,169.37,138.88,124.99
LN-Q2D5BNTHS5,CLM-FYKWBMLB86,PRV-ZU6YL2HNHH,PRV-ZU6YL2HNHH,2024-07-30,2024-07-30,SYNTH,HH-VISIT,[],1.0,45.0,,['SYN-DX-01'],12,178.55,146.41,131.77
LN-UJMWTQGTNT,CLM-2M6JMY5EFG,PRV-DVP5UVKXMG,PRV-DVP5UVKXMG,2024-01-26,2024-01-26,SYNTH,EM-EST-3,[],1.0,,,['SYN-DX-01'],11,161.78,132.66,119.39
LN-4XEDZPDTC9,CLM-7HUDKJXUDQ,PRV-LJD3M755ZS,PRV-LJD3M755ZS,2024-01-01,2024-01-01,HCPCS2,A0427,[],1.0,,,['SYN-DX-01'],41,8.36,6.86,6.17
LN-K7LS7TUN89,CLM-UJRUZ5QL2E,PRV-HC5CWNTSHD,PRV-HC5CWNTSHD,2024-05-31,2024-05-31,SYNTH,EM-EST-5,[],1.0,,,['SYN-DX-01'],11,185.94,152.47,137.22
LN-A9AMMZ67U9,CLM-VK5RBT4RVA,PRV-EGMCSQWZE2,PRV-EGMCSQWZE2,2024-03-20,2024-03-20,SYNTH,ABA-60,[],1.0,60.0,,['SYN-DX-01'],11,179.24,146.98,132.28
LN-VYNAD7HDFH,CLM-UE3U266PY8,PRV-GG7BBL7G9L,PRV-GG7BBL7G9L,2024-04-08,2024-04-08,SYNTH,LAB-GEN-01,[],1.0,,,['SYN-DX-01'],11,190.12,155.9,140.31
LN-PPCQZ72LGW,CLM-7CCP6USSLB,PRV-52P4GQD2DS,PRV-52P4GQD2DS,2024-04-20,2024-04-20,SYNTH,EM-EST-3,[],1.0,,,['SYN-DX-01'],11,176.37,144.62,130.16
LN-QA8MEC3BQJ,CLM-LTPV5LM77X,PRV-4TYA4STMB7,PRV-4TYA4STMB7,2024-06-01,2024-06-01,SYNTH,DME-CATH,[],1.0,,,['SYN-DX-01'],12,201.96,165.61,149.05
LN-6QCA8GWPL6,CLM-TS7LXELFRH,PRV-52P4GQD2DS,PRV-52P4GQD2DS,2024-06-30,2024-06-30,SYNTH,EM-EST-4,[],1.0,,,['SYN-DX-01'],11,184.46,151.26,136.13
LN-78R9GNTZDA,CLM-YYH5PF7Z4E,PRV-HC5CWNTSHD,PRV-HC5CWNTSHD,2024-07-22,2024-07-22,SYNTH,EM-EST-2,[],1.0,,,['SYN-DX-01'],11,179.77,147.41,132.67
LN-YG6ZPTVYN6,CLM-PXUAW5U448,PRV-EWJD2QDPA6,PRV-EWJD2QDPA6,2024-06-17,2024-06-17,SYNTH,EM-EST-2,[],1.0,,,['SYN-DX-01'],11,191.14,156.73,141.06
LN-YGD4BWD3CS,CLM-TKEEZJT7UH,PRV-F63QP3FKES,PRV-F63QP3FKES,2024-04-06,2024-04-06,SYNTH,ABA-60,[],1.0,60.0,,['SYN-DX-01'],11,181.61,148.92,134.03
LN-9MY6QKBDWH,CLM-7G77NAUG39,PRV-YHCS7YKNYQ,PRV-YHCS7YKNYQ,2024-03-02,2024-03-02,SYNTH,PSY-60,[],1.0,60.0,,['SYN-DX-01'],11,196.95,161.5,145.35
LN-5KL3K836NZ,CLM-NCHVAKY9LW,PRV-R6UGAZC4XJ,PRV-R6UGAZC4XJ,2024-05-22,2024-05-22,SYNTH,HH-VISIT,[],1.0,45.0,,['SYN-DX-01'],12,200.8,164.66,148.19
LN-38B3WRSF8N,CLM-5AW69RYZ3S,PRV-FYQT8W8H8G,PRV-FYQT8W8H8G,2024-07-05,2024-07-05,SYNTH,DME-CATH,[],1.0,,,['SYN-DX-01'],12,182.06,149.29,134.36
LN-3N6ZLEC4MU,CLM-4QGXFAXLZN,PRV-YHCS7YKNYQ,PRV-YHCS7YKNYQ,2024-07-19,2024-07-19,SYNTH,PSY-45,[],1.0,45.0,,['SYN-DX-01'],11,191.41,156.96,141.26
LN-VARBNPZVV5,CLM-5UUF6R4HS9,PRV-6LZYWNNT2J,PRV-6LZYWNNT2J,2024-05-29,2024-05-29,SYNTH,LAB-PNL-01,[],1.0,,,['SYN-DX-01'],11,186.41,152.86,137.57
LN-YFGX4AXH8A,CLM-R27M6DD9JQ,PRV-CYX8UDJJ75,PRV-CYX8UDJJ75,2024-06-27,2024-06-27,SYNTH,EM-EST-3,[],1.0,,,['SYN-DX-01'],11,204.21,167.45,150.7
LN-V5KY9AB9EQ,CLM-CHK3YEBTU7,PRV-EGMCSQWZE2,PRV-EGMCSQWZE2,2024-04-12,2024-04-12,SYNTH,ABA-60,[],1.0,60.0,,['SYN-DX-01'],11,173.15,141.98,127.78
LN-M3M4DYTS7F,CLM-SN9K84CCVP,PRV-DVP5UVKXMG,PRV-DVP5UVKXMG,2024-08-20,2024-08-20,SYNTH,EM-EST-3,[],1.0,,,['SYN-DX-01'],11,160.64,131.72,118.55
LN-9KKYQ5PW56,CLM-UF5C6LFCEG,PRV-LJD3M755ZS,PRV-LJD3M755ZS,2024-08-03,2024-08-03,HCPCS2,A0425,[],4.0,,4.0,['SYN-DX-01'],41,38.23,31.35,28.22
LN-LRDQMA4LPV,CLM-BZJFVQTW2W,PRV-P8SZX5BYHL,PRV-P8SZX5BYHL,2024-07-28,2024-07-28,NDC-SYN,NDC-OPIOID-01,[],1.0,,,['SYN-DX-01'],11,185.08,151.77,136.59
LN-WFMWP56CX8,CLM-277AD27K3Z,PRV-LJD3M755ZS,PRV-LJD3M755ZS,2024-01-20,2024-01-20,HCPCS2,A0425,[],34.0,,34.0,['SYN-DX-01'],41,331.69,271.99,244.79
LN-R4BZJJZZXK,CLM-RSD97926RS,PRV-96KL4VD67A,PRV-96KL4VD67A,2024-05-09,2024-05-09,SYNTH,LAB-GEN-01,[],1.0,,,['SYN-DX-01'],11,158.8,130.22,117.2
LN-NM7X97CDCK,CLM-N3SFRTWKEG,PRV-EWJD2QDPA6,PRV-EWJD2QDPA6,2024-02-07,2024-02-07,SYNTH,EM-EST-4,[],1.0,,,['SYN-DX-01'],11,202.66,166.18,149.56
LN-VNWGBJP6W8,CLM-8NJN54474L,PRV-R6UGAZC4XJ,PRV-R6UGAZC4XJ,2024-01-05,2024-01-05,SYNTH,HH-VISIT,[],1.0,45.0,,['SYN-DX-01'],12,188.81,154.82,139.34
LN-SYDYXT6LJ3,CLM-PLAVLBL344,PRV-KGZA99WKKT,PRV-KGZA99WKKT,2024-08-05,2024-08-05,HCPCS2,A0425,[],11.0,,11.0,['SYN-DX-01'],41,82.66,67.78,61.0
LN-FCYMBDFZWN,CLM-VFMPJX4Q3Z,PRV-EGMCSQWZE2,PRV-EGMCSQWZE2,2024-03-02,2024-03-02,SYNTH,PSY-30,[],1.0,30.0,,['SYN-DX-01'],11,181.15,148.54,133.69
LN-2DH9QY4AJZ,CLM-T7SCNCVQ72,PRV-DVP5UVKXMG,PRV-DVP5UVKXMG,2024-02-17,2024-02-17,SYNTH,EM-EST-3,[],1.0,,,['SYN-DX-01'],11,188.74,154.77,139.29
LN-LWCH5GFMCG,CLM-JTFLBAF3MD,PRV-EGMCSQWZE2,PRV-EGMCSQWZE2,2024-05-29,2024-05-29,SYNTH,PSY-30,[],1.0,30.0,,['SYN-DX-01'],11,191.29,156.86,141.17
LN-7ZHEW5P7MT,CLM-AAN49F2M58,PRV-DVP5UVKXMG,PRV-DVP5UVKXMG,2024-02-06,2024-02-06,SYNTH,EM-EST-3,[],1.0,,,['SYN-DX-01'],11,210.55,172.65,155.39
LN-49CXB6GLY9,CLM-4WM2D7CFYJ,PRV-EWJD2QDPA6,PRV-EWJD2QDPA6,2024-01-08,2024-01-08,SYNTH,EM-EST-3,[],1.0,,,['SYN-DX-01'],11,195.37,160.2,144.18
LN-CXU4HS4DMA,CLM-RMECCJ8QW5,PRV-GG7BBL7G9L,PRV-GG7BBL7G9L,2024-04-10,2024-04-10,SYNTH,LAB-PNL-01,[],1.0,,,['SYN-DX-01'],11,170.46,139.78,125.8
LN-LQK6YU2TZ6,CLM-DLKW2CQ6FU,PRV-F63QP3FKES,PRV-F63QP3FKES,2024-08-18,2024-08-18,SYNTH,PSY-60,[],1.0,60.0,,['SYN-DX-01'],11,203.34,166.74,150.07
LN-K8UZHQDVLS,CLM-9365X63AW9,PRV-EWJD2QDPA6,PRV-EWJD2QDPA6,2024-03-07,2024-03-07,SYNTH,EM-EST-2,[],1.0,,,['SYN-DX-01'],11,172.08,141.11,127.0
LN-4QX4F65RCK,CLM-CJZ8HRDXAX,PRV-CYX8UDJJ75,PRV-CYX8UDJJ75,2024-03-02,2024-03-02,SYNTH,EM-EST-5,[],1.0,,,['SYN-DX-01'],11,184.65,151.41,136.27
LN-US5TCECQ5U,CLM-QL4VYWSY7N,PRV-HC5CWNTSHD,PRV-HC5CWNTSHD,2024-04-04,2024-04-04,SYNTH,EM-EST-2,[],1.0,,,['SYN-DX-01'],11,155.62,127.61,114.85
LN-KZX5U82BEL,CLM-EGVHG4UFCH,PRV-HC5CWNTSHD,PRV-HC5CWNTSHD,2024-06-02,2024-06-02,SYNTH,EM-EST-3,[],1.0,,,['SYN-DX-01'],11,161.46,132.4,119.16
LN-NDX78MMMBL,CLM-FNEG32WNUX,PRV-DVP5UVKXMG,PRV-DVP5UVKXMG,2024-05-25,2024-05-25,SYNTH,EM-EST-4,[],1.0,,,['SYN-DX-01'],11,173.22,142.04,127.84
LN-NYKPABS4GD,CLM-HMUTAM8UMZ,PRV-YHCS7YKNYQ,PRV-YHCS7YKNYQ,2024-07-22,2024-07-22,SYNTH,PSY-45,[],1.0,45.0,,['SYN-DX-01'],11,185.35,151.99,136.79
LN-6WN66W3CDV,CLM-M8TBSBKZY7,PRV-KB3DDTGVSY,PRV-KB3DDTGVSY,2024-06-29,2024-06-29,SYNTH,DME-CATH,[],1.0,,,['SYN-DX-01'],12,173.62,142.37,128.13
LN-MMNCG6FMQ7,CLM-D55HGVG2EJ,PRV-YHCS7YKNYQ,PRV-YHCS7YKNYQ,2024-04-22,2024-04-22,SYNTH,PSY-30,[],1.0,30.0,,['SYN-DX-01'],11,154.49,126.68,114.01
LN-NKU5WV9QLK,CLM-5A469S3ASK,PRV-52P4GQD2DS,PRV-52P4GQD2DS,2024-01-29,2024-01-29,SYNTH,EM-EST-5,[],1.0,,,['SYN-DX-01'],11,163.53,134.09,120.68
LN-LZQF84QUSE,CLM-NPV2MCFHGS,PRV-EGMCSQWZE2,PRV-EGMCSQWZE2,2024-01-06,2024-01-06,SYNTH,PSY-30,[],1.0,30.0,,['SYN-DX-01'],11,177.29,145.38,130.84
LN-2LLL2P46NQ,CLM-MHV6ZEEN2X,PRV-5AE63K9XH5,PRV-5AE63K9XH5,2024-08-05,2024-08-05,SYNTH,HH-VISIT,[],1.0,45.0,,['SYN-DX-01'],12,197.69,162.11,145.9
LN-PJQFDMCVD7,CLM-89S43A2AQ8,PRV-KGZA99WKKT,PRV-KGZA99WKKT,2024-05-09,2024-05-09,HCPCS2,A0425,[],8.0,,8.0,['SYN-DX-01'],41,74.47,61.07,54.96
LN-L2ZTWCVC7C,CLM-AAXBYR8WH8,PRV-FYQT8W8H8G,PRV-FYQT8W8H8G,2024-04-07,2024-04-07,SYNTH,DME-CATH,[],1.0,,,['SYN-DX-01'],12,182.35,149.53,134.58
LN-ATAA4DDPUA,CLM-MLK2KCEUD7,PRV-P8SZX5BYHL,PRV-P8SZX5BYHL,2024-07-25,2024-07-25,NDC-SYN,NDC-OPIOID-01,[],1.0,,,['SYN-DX-01'],11,173.68,142.42,128.18
LN-SX3FPV7DH2,CLM-ZC37GYLCWV,PRV-LEVZRZGE33,PRV-LEVZRZGE33,2024-07-07,2024-07-07,SYNTH,FAC-DAY,[],1.0,,,['SYN-DX-01'],21,168.01,137.77,123.99
LN-UGFQX7EK4H,CLM-JX6GC39ZUD,PRV-LJD3M755ZS,PRV-LJD3M755ZS,2024-06-02,2024-06-02,HCPCS2,A0425,[],30.0,,30.0,['SYN-DX-01'],41,280.62,230.11,207.1
LN-4PDG5L8VRX,CLM-Y8RGYL3L6T,PRV-HP4BWL7QC4,PRV-HP4BWL7QC4,2024-06-08,2024-06-08,SYNTH,FAC-DAY,[],1.0,,,['SYN-DX-01'],21,173.26,142.07,127.86
LN-WAMC857XFU,CLM-C92SM9BS4Q,PRV-EWJD2QDPA6,PRV-EWJD2QDPA6,2024-02-21,2024-02-21,SYNTH,EM-EST-4,[],1.0,,,['SYN-DX-01'],11,173.8,142.52,128.27
LN-73DWZMLT5F,CLM-C54VMG5U4B,PRV-R6UGAZC4XJ,PRV-R6UGAZC4XJ,2024-06-23,2024-06-23,SYNTH,HH-VISIT,[],1.0,45.0,,['SYN-DX-01'],12,180.2,147.76,132.98
LN-WNY53DVEJX,CLM-HVU6ECZ5NM,PRV-4TYA4STMB7,PRV-4TYA4STMB7,2024-04-25,2024-04-25,SYNTH,DME-CATH,[],1.0,,,['SYN-DX-01'],12,203.96,167.25,150.53
LN-NQ7EN4GV8P,CLM-AZJ7F5QEQN,PRV-9HWCXGYGRP,PRV-9HWCXGYGRP,2024-03-26,2024-03-26,SYNTH,PSY-60,[],1.0,60.0,,['SYN-DX-01'],11,203.45,166.83,150.15
LN-WD2BGD9BRG,CLM-8DJC7ALK29,PRV-KGZA99WKKT,PRV-KGZA99WKKT,2024-03-19,2024-03-19,HCPCS2,A0427,[],1.0,,,['SYN-DX-01'],41,8.1,6.64,5.98
LN-RLEDDW346Z,CLM-YD4ESXLZ97,PRV-F63QP3FKES,PRV-F63QP3FKES,2024-01-22,2024-01-22,SYNTH,PSY-60,[],1.0,60.0,,['SYN-DX-01'],11,185.61,152.2,136.98
LN-VBBFQZAJ87,CLM-QYA2S95NAN,PRV-YHCS7YKNYQ,PRV-YHCS7YKNYQ,2024-06-28,2024-06-28,SYNTH,ABA-60,[],1.0,60.0,,['SYN-DX-01'],11,190.61,156.3,140.67
LN-B7A38AH6E3,CLM-YGRGGKVDG5,PRV-LEVZRZGE33,PRV-LEVZRZGE33,2024-07-21,2024-07-21,SYNTH,FAC-DAY,[],1.0,,,['SYN-DX-01'],21,164.39,134.8,121.32
LN-G2PBCGAZ9B,CLM-X8AN4VXDY5,PRV-F2HS2XPZAV,PRV-F2HS2XPZAV,2024-06-25,2024-06-25,NDC-SYN,NDC-OPIOID-01,[],1.0,,,['SYN-DX-01'],11,176.72,144.91,130.42
LN-B4GLYBU9N9,CLM-36UGKM36W8,PRV-52P4GQD2DS,PRV-52P4GQD2DS,2024-07-04,2024-07-04,SYNTH,EM-EST-2,[],1.0,,,['SYN-DX-01'],11,187.58,153.82,138.44
LN-BYD9339HFB,CLM-QRY9ZXXUUW,PRV-DVP5UVKXMG,PRV-DVP5UVKXMG,2024-03-03,2024-03-03,SYNTH,EM-EST-5,[],1.0,,,['SYN-DX-01'],11,159.95,131.16,118.04
LN-V8LAFMAXE3,CLM-BRE4LW9XYS,PRV-96KL4VD67A,PRV-96KL4VD67A,2024-08-15,2024-08-15,SYNTH,LAB-PNL-01,[],1.0,,,['SYN-DX-01'],11,182.27,149.46,134.51
LN-NU7NLE59N3,CLM-T3FRLDAJXA,PRV-KB3DDTGVSY,PRV-KB3DDTGVSY,2024-08-09,2024-08-09,SYNTH,DME-CATH,[],1.0,,,['SYN-DX-01'],12,194.72,159.67,143.7
LN-LUQTCRZBDU,CLM-EBBNWZ3QS4,PRV-5AE63K9XH5,PRV-5AE63K9XH5,2024-02-01,2024-02-01,SYNTH,HH-VISIT,[],1.0,45.0,,['SYN-DX-01'],12,174.31,142.93,128.64
LN-JXK3JLLSKE,CLM-VCKBK4PM8N,PRV-52P4GQD2DS,PRV-52P4GQD2DS,2024-02-09,2024-02-09,SYNTH,EM-EST-5,[],1.0,,,['SYN-DX-01'],11,175.33,143.77,129.39
LN-R8K7BG9QDZ,CLM-W4CC69RNYR,PRV-R6UGAZC4XJ,PRV-R6UGAZC4XJ,2024-04-04,2024-04-04,SYNTH,HH-VISIT,[],1.0,45.0,,['SYN-DX-01'],12,193.81,158.92,143.03
LN-GQ3GLEE46P,CLM-VSVZXWJPQP,PRV-EWJD2QDPA6,PRV-EWJD2QDPA6,2024-08-22,2024-08-22,SYNTH,EM-EST-5,[],1.0,,,['SYN-DX-01'],11,170.87,140.11,126.1
LN-SF9EKTW8ET,CLM-T8R336UTVE,PRV-YHCS7YKNYQ,PRV-YHCS7YKNYQ,2024-01-24,2024-01-24,SYNTH,ABA-60,[],1.0,60.0,,['SYN-DX-01'],11,161.87,132.73,119.46
LN-AMZZAQ7C7M,CLM-PQD7MNM67B,PRV-H9LG5VAJ3J,PRV-H9LG5VAJ3J,2024-01-02,2024-01-02,SYNTH,FAC-DAY,[],1.0,,,['SYN-DX-01'],21,186.38,152.83,137.55
LN-N7UP7RBJ8C,CLM-9NJLVXG5QK,PRV-EGMCSQWZE2,PRV-EGMCSQWZE2,2024-02-11,2024-02-11,SYNTH,PSY-60,[],1.0,60.0,,['SYN-DX-01'],11,179.75,147.39,132.65
LN-L6UMLW7TJR,CLM-2MG2VJ3R4C,PRV-F2HS2XPZAV,PRV-F2HS2XPZAV,2024-04-22,2024-04-22,NDC-SYN,NDC-OPIOID-01,[],1.0,,,['SYN-DX-01'],11,164.05,134.52,121.07
LN-4EXBEL3ZB4,CLM-D9SNUCJQHP,PRV-GG7BBL7G9L,PRV-GG7BBL7G9L,2024-02-01,2024-02-01,SYNTH,LAB-GEN-01,[],1.0,,,['SYN-DX-01'],11,172.54,141.48,127.33
LN-GZXQU79VKK,CLM-FUW5Q7EYGX,PRV-FYQT8W8H8G,PRV-FYQT8W8H8G,2024-08-04,2024-08-04,SYNTH,DME-CATH,[],1.0,,,['SYN-DX-01'],12,212.93,174.6,157.14
LN-V5PM7Q5B5S,CLM-2XEDJJJWH2,PRV-P8SZX5BYHL,PRV-P8SZX5BYHL,2024-06-03,2024-06-03,NDC-SYN,NDC-OPIOID-01,[],1.0,,,['SYN-DX-01'],11,196.3,160.97,144.87
LN-CTCB97ZTFL,CLM-CNYRZ99LS6,PRV-2RBJKMU8EL,PRV-2RBJKMU8EL,2024-02-11,2024-02-11,HCPCS2,A0425,[],19.0,,19.0,['SYN-DX-01'],41,162.22,133.02,119.72
LN-JPVXKP5ZSW,CLM-NK78NCZDHB,PRV-4TYA4STMB7,PRV-4TYA4STMB7,2024-06-06,2024-06-06,SYNTH,DME-CATH,[],1.0,,,['SYN-DX-01'],12,186.76,153.14,137.83
LN-TG533PZ2WC,CLM-EMS67XK2JP,PRV-LJD3M755ZS,PRV-LJD3M755ZS,2024-05-04,2024-05-04,HCPCS2,A0425,[],6.0,,6.0,['SYN-DX-01'],41,50.98,41.8,37.62
LN-AP2CPR2WRJ,CLM-UGRAZ72XWZ,PRV-52P4GQD2DS,PRV-52P4GQD2DS,2024-02-21,2024-02-21,SYNTH,EM-EST-5,[],1.0,,,['SYN-DX-01'],11,175.94,144.27,129.84
LN-N7X2HF67CD,CLM-ZS3LGC62XY,PRV-GZWKQRABYX,PRV-GZWKQRABYX,2024-08-04,2024-08-04,SYNTH,FAC-DAY,[],1.0,,,['SYN-DX-01'],21,198.03,162.38,146.14
LN-6YRT8LZLSF,CLM-WQRLZKFASJ,PRV-ZU6YL2HNHH,PRV-ZU6YL2HNHH,2024-03-21,2024-03-21,SYNTH,HH-VISIT,[],1.0,45.0,,['SYN-DX-01'],12,186.53,152.95,137.66
LN-CTUSUREZ8R,CLM-XRMNUXEFCW,PRV-9HWCXGYGRP,PRV-9HWCXGYGRP,2024-08-11,2024-08-11,SYNTH,PSY-30,[],1.0,30.0,,['SYN-DX-01'],11,178.71,146.54,131.89
LN-BX5SEJMZ49,CLM-T7XHXGXXCQ,PRV-DVP5UVKXMG,PRV-DVP5UVKXMG,2024-03-06,2024-03-06,SYNTH,EM-EST-4,[],1.0,,,['SYN-DX-01'],11,186.67,153.07,137.76
LN-TPYPE8YT33,CLM-C4GGHH9RE3,PRV-P8SZX5BYHL,PRV-P8SZX5BYHL,2024-03-12,2024-03-12,NDC-SYN,NDC-OPIOID-01,[],1.0,,,['SYN-DX-01'],11,185.42,152.04,136.84
LN-LAQHSP8WA8,CLM-4PEKJRGK3X,PRV-Z84M5CG5BX,PRV-Z84M5CG5BX,2024-06-06,2024-06-06,NDC-SYN,NDC-OPIOID-01,[],1.0,,,['SYN-DX-01'],11,138.82,113.83,102.45
LN-VJR2YFPPMF,CLM-DD2A97L4RT,PRV-E2KQR2ZK3Q,PRV-E2KQR2ZK3Q,2024-06-14,2024-06-14,NDC-SYN,NDC-OPIOID-01,[],1.0,,,['SYN-DX-01'],11,180.69,148.17,133.35
LN-99EXWQ4K88,CLM-NXT6EQKWH4,PRV-Z84M5CG5BX,PRV-Z84M5CG5BX,2024-08-23,2024-08-23,NDC-SYN,NDC-OPIOID-01,[],1.0,,,['SYN-DX-01'],11,171.37,140.52,126.47
LN-DG47QH5LF4,CLM-H6KAJZZ2DX,PRV-LVGM3QWE3V,PRV-LVGM3QWE3V,2024-03-13,2024-03-13,SYNTH,DME-CATH,[],1.0,,,['SYN-DX-01'],12,182.34,149.52,134.57
LN-K7G82FKMHS,CLM-TPHLMDWAZG,PRV-TTYMZNZQCD,PRV-TTYMZNZQCD,2024-07-22,2024-07-22,SYNTH,LAB-PNL-01,[],1.0,,,['SYN-DX-01'],11,163.75,134.28,120.85
LN-6XH73HC88M,CLM-W5DWMD8QQR,PRV-P8SZX5BYHL,PRV-P8SZX5BYHL,2024-02-15,2024-02-15,NDC-SYN,NDC-OPIOID-01,[],1.0,,,['SYN-DX-01'],11,203.27,166.68,150.01
LN-NSANHGJJQ6,CLM-NW426JA2BH,PRV-HC5CWNTSHD,PRV-HC5CWNTSHD,2024-04-07,2024-04-07,SYNTH,EM-EST-1,[],1.0,,,['SYN-DX-01'],11,167.31,137.19,123.47
LN-K5NJYTK3ER,CLM-J4JJHWW29C,PRV-P8SZX5BYHL,PRV-P8SZX5BYHL,2024-03-26,2024-03-26,NDC-SYN,NDC-OPIOID-01,[],1.0,,,['SYN-DX-01'],11,195.35,160.19,144.17
LN-7YC6EF2DAU,CLM-YBE6XV54ZT,PRV-EWJD2QDPA6,PRV-EWJD2QDPA6,2024-04-20,2024-04-20,SYNTH,EM-EST-3,[],1.0,,,['SYN-DX-01'],11,185.02,151.72,136.55
LN-EGSFZJVH2R,CLM-V7ATJ3KR9C,PRV-KB3DDTGVSY,PRV-KB3DDTGVSY,2024-05-24,2024-05-24,SYNTH,DME-CATH,[],1.0,,,['SYN-DX-01'],12,184.47,151.27,136.14
LN-WUU3ZT2A8R,CLM-EP57MNHGTV,PRV-HC5CWNTSHD,PRV-HC5CWNTSHD,2024-06-15,2024-06-15,SYNTH,EM-EST-2,[],1.0,,,['SYN-DX-01'],11,198.54,162.8,146.52
LN-J4UYGAAPH2,CLM-HYPR5A4PBN,PRV-LVGM3QWE3V,PRV-LVGM3QWE3V,2024-07-28,2024-07-28,SYNTH,DME-CATH,[],1.0,,,['SYN-DX-01'],12,175.4,143.83,129.45
LN-NDAB9TBQE7,CLM-3SC3WWBXA6,PRV-EGMCSQWZE2,PRV-EGMCSQWZE2,2024-02-06,2024-02-06,SYNTH,PSY-45,[],1.0,45.0,,['SYN-DX-01'],11,185.12,151.8,136.62
LN-VTAVARHU3G,CLM-LP6GPGEQKF,PRV-YHCS7YKNYQ,PRV-YHCS7YKNYQ,2024-02-07,2024-02-07,SYNTH,PSY-45,[],1.0,45.0,,['SYN-DX-01'],11,164.85,135.18,121.66
LN-CUCH484RYM,CLM-GYWUFNF4U6,PRV-R6UGAZC4XJ,PRV-R6UGAZC4XJ,2024-07-12,2024-07-12,SYNTH,HH-VISIT,[],1.0,45.0,,['SYN-DX-01'],12,180.05,147.64,132.88
LN-SLY6LYWM6F,CLM-F879C5XSUD,PRV-F63QP3FKES,PRV-F63QP3FKES,2024-01-18,2024-01-18,SYNTH,PSY-60,[],1.0,60.0,,['SYN-DX-01'],11,183.63,150.58,135.52
LN-HUE97KZXKU,CLM-Y7URDV55P4,PRV-DVP5UVKXMG,PRV-DVP5UVKXMG,2024-03-21,2024-03-21,SYNTH,EM-EST-4,[],1.0,,,['SYN-DX-01'],11,183.07,150.12,135.11
LN-UCWBU4372Q,CLM-WXXDBSC7FJ,PRV-TTYMZNZQCD,PRV-TTYMZNZQCD,2024-06-01,2024-06-01,SYNTH,LAB-PNL-01,[],1.0,,,['SYN-DX-01'],11,183.35,150.35,135.31
LN-Y48B9U9MMW,CLM-RTDD39WW4U,PRV-52P4GQD2DS,PRV-52P4GQD2DS,2024-06-03,2024-06-03,SYNTH,EM-EST-5,[],1.0,,,['SYN-DX-01'],11,199.39,163.5,147.15
LN-QEDL7F4TVZ,CLM-4CZ6TGGTS3,PRV-GZWKQRABYX,PRV-GZWKQRABYX,2024-05-08,2024-05-08,SYNTH,FAC-DAY,[],1.0,,,['SYN-DX-01'],21,167.59,137.42,123.68
LN-RLL9N89HUV,CLM-J7TU63WH7T,PRV-CYX8UDJJ75,PRV-CYX8UDJJ75,2024-03-20,2024-03-20,SYNTH,EM-EST-1,[],1.0,,,['SYN-DX-01'],11,189.77,155.61,140.05
LN-3G53W8MUVL,CLM-SS9LP244VS,PRV-EWJD2QDPA6,PRV-EWJD2QDPA6,2024-06-24,2024-06-24,SYNTH,EM-EST-4,[],1.0,,,['SYN-DX-01'],11,181.17,148.56,133.7
LN-KGJ59J7W6D,CLM-PWSN7XQSMN,PRV-Z84M5CG5BX,PRV-Z84M5CG5BX,2024-06-14,2024-06-14,NDC-SYN,NDC-OPIOID-01,[],1.0,,,['SYN-DX-01'],11,153.03,125.48,112.93
LN-GNTTX2UCF5,CLM-HMWFPU8NEC,PRV-DLK2K6289C,PRV-DLK2K6289C,2024-07-13,2024-07-13,SYNTH,LAB-PNL-01,[],1.0,,,['SYN-DX-01'],11,173.03,141.88,127.69
LN-8Q2TMEJJCB,CLM-N6BVA7L5JA,PRV-HP4BWL7QC4,PRV-HP4BWL7QC4,2024-08-18,2024-08-18,SYNTH,FAC-DAY,[],1.0,,,['SYN-DX-01'],21,204.66,167.82,151.04
LN-G38VXYPBQH,CLM-PDU276ADJ9,PRV-E2KQR2ZK3Q,PRV-E2KQR2ZK3Q,2024-08-05,2024-08-05,NDC-SYN,NDC-OPIOID-01,[],1.0,,,['SYN-DX-01'],11,185.1,151.78,136.6
LN-XQAVDHPPB6,CLM-MJFH3SX7CT,PRV-EWJD2QDPA6,PRV-EWJD2QDPA6,2024-05-11,2024-05-11,SYNTH,EM-EST-3,[],1.0,,,['SYN-DX-01'],11,182.7,149.81,134.83
LN-H3RUF943R6,CLM-JRPAM2T64A,PRV-F63QP3FKES,PRV-F63QP3FKES,2024-04-28,2024-04-28,SYNTH,ABA-60,[],1.0,60.0,,['SYN-DX-01'],11,210.05,172.24,155.02
LN-UKKY8T77RJ,CLM-83EXTMZPND,PRV-YHCS7YKNYQ,PRV-YHCS7YKNYQ,2024-07-19,2024-07-19,SYNTH,ABA-60,[],1.0,60.0,,['SYN-DX-01'],11,195.34,160.18,144.16
LN-E53GNW979M,CLM-ABPHM7A99R,PRV-FYQT8W8H8G,PRV-FYQT8W8H8G,2024-05-09,2024-05-09,SYNTH,DME-CATH,[],1.0,,,['SYN-DX-01'],12,177.69,145.71,131.14
LN-QFT8WCLMXD,CLM-ULJXFCFY3Z,PRV-DVP5UVKXMG,PRV-DVP5UVKXMG,2024-03-03,2024-03-03,SYNTH,EM-EST-2,[],1.0,,,['SYN-DX-01'],11,183.14,150.17,135.15
LN-HYVTTP5WGV,CLM-9BSV6YRRNP,PRV-DLK2K6289C,PRV-DLK2K6289C,2024-02-12,2024-02-12,SYNTH,LAB-PNL-01,[],1.0,,,['SYN-DX-01'],11,206.61,169.42,152.48
LN-AEG2JX23VH,CLM-BWPD6GWLNV,PRV-R6UGAZC4XJ,PRV-R6UGAZC4XJ,2024-06-24,2024-06-24,SYNTH,HH-VISIT,[],1.0,45.0,,['SYN-DX-01'],12,188.37,154.46,139.01
LN-23UPJDSW85,CLM-P2ZVWY2W9U,PRV-F2HS2XPZAV,PRV-F2HS2XPZAV,2024-05-16,2024-05-16,NDC-SYN,NDC-OPIOID-01,[],1.0,,,['SYN-DX-01'],11,159.38,130.69,117.62
LN-75YMTHFKYA,CLM-8MQDDWHRCN,PRV-EGMCSQWZE2,PRV-EGMCSQWZE2,2024-05-01,2024-05-01,SYNTH,PSY-60,[],1.0,60.0,,['SYN-DX-01'],11,172.56,141.5,127.35
LN-YQDBCA3XNP,CLM-ZGQB9FQQEL,PRV-P8SZX5BYHL,PRV-P8SZX5BYHL,2024-06-13,2024-06-13,NDC-SYN,NDC-OPIOID-01,[],1.0,,,['SYN-DX-01'],11,186.08,152.59,137.33
LN-QFW44F4XBF,CLM-2XEA3HMUHB,PRV-H9LG5VAJ3J,PRV-H9LG5VAJ3J,2024-04-19,2024-04-19,SYNTH,FAC-DAY,[],1.0,,,['SYN-DX-01'],21,165.85,136.0,122.4
LN-2G2F6HBUKH,CLM-GHZUWB7BAZ,PRV-E2KQR2ZK3Q,PRV-E2KQR2ZK3Q,2024-07-09,2024-07-09,NDC-SYN,NDC-OPIOID-01,[],1.0,,,['SYN-DX-01'],11,172.24,141.24,127.12
LN-GXQBC76KZ2,CLM-2RE2HFD9Y6,PRV-E2KQR2ZK3Q,PRV-E2KQR2ZK3Q,2024-08-10,2024-08-10,NDC-SYN,NDC-OPIOID-01,[],1.0,,,['SYN-DX-01'],11,193.29,158.5,142.65
LN-KCSKL2FGUK,CLM-2PB72A2GES,PRV-LEVZRZGE33,PRV-LEVZRZGE33,2024-07-19,2024-07-19,SYNTH,FAC-DAY,[],1.0,,,['SYN-DX-01'],21,184.5,151.29,136.16
LN-G4LQP74ECZ,CLM-HGYKZ54GE4,PRV-LJD3M755ZS,PRV-LJD3M755ZS,2024-03-02,2024-03-02,HCPCS2,A0425,[],14.0,,14.0,['SYN-DX-01'],41,117.97,96.74,87.07
LN-PY2T26F58K,CLM-S46HAA3627,PRV-GQ36BNJZ2W,PRV-GQ36BNJZ2W,2024-03-17,2024-03-17,SYNTH,HH-VISIT,[],1.0,45.0,,['SYN-DX-01'],12,181.72,149.01,134.11
LN-TQ9TWRC68U,CLM-F2D7GJNDT4,PRV-KB3DDTGVSY,PRV-KB3DDTGVSY,2024-01-23,2024-01-23,SYNTH,DME-CATH,[],1.0,,,['SYN-DX-01'],12,187.21,153.51,138.16
LN-2SH655CBMF,CLM-VFD5FZCPPX,PRV-DVP5UVKXMG,PRV-DVP5UVKXMG,2024-05-14,2024-05-14,SYNTH,EM-EST-5,[],1.0,,,['SYN-DX-01'],11,183.02,150.08,135.07
LN-Z3722XX2VP,CLM-3PKEVV6XYQ,PRV-ZU6YL2HNHH,PRV-ZU6YL2HNHH,2024-01-27,2024-01-27,SYNTH,HH-VISIT,[],1.0,45.0,,['SYN-DX-01'],12,183.13,150.17,135.15
LN-DJ7DY2KPBJ,CLM-YNQ2XNG5HQ,PRV-96KL4VD67A,PRV-96KL4VD67A,2024-02-05,2024-02-05,SYNTH,LAB-PNL-01,[],1.0,,,['SYN-DX-01'],11,182.78,149.88,134.89
LN-25RB3ZCTZ7,CLM-G9BUEAALH2,PRV-EWJD2QDPA6,PRV-EWJD2QDPA6,2024-08-09,2024-08-09,SYNTH,EM-EST-3,[],1.0,,,['SYN-DX-01'],11,163.95,134.44,121.0
LN-86K4B4SDQA,CLM-PM2WPP335X,PRV-F63QP3FKES,PRV-F63QP3FKES,2024-07-13,2024-07-13,SYNTH,PSY-60,[],1.0,60.0,,['SYN-DX-01'],11,198.73,162.96,146.66
LN-CB89RS7KBP,CLM-GWYD9RB5X3,PRV-2RBJKMU8EL,PRV-2RBJKMU8EL,2024-05-15,2024-05-15,HCPCS2,A0427,[],1.0,,,['SYN-DX-01'],41,9.09,7.45,6.71
LN-EC9UH6RFEX,CLM-39CNY7LSEE,PRV-YHCS7YKNYQ,PRV-YHCS7YKNYQ,2024-01-18,2024-01-18,SYNTH,PSY-45,[],1.0,45.0,,['SYN-DX-01'],11,184.58,151.36,136.22
LN-ZDLBVTZXG6,CLM-D736MKWP83,PRV-9HWCXGYGRP,PRV-9HWCXGYGRP,2024-03-26,2024-03-26,SYNTH,ABA-60,[],1.0,60.0,,['SYN-DX-01'],11,199.64,163.7,147.33
LN-S7ED83JVUJ,CLM-ENRDJK4HR6,PRV-DLK2K6289C,PRV-DLK2K6289C,2024-04-23,2024-04-23,SYNTH,LAB-GEN-01,[],1.0,,,['SYN-DX-01'],11,176.88,145.04,130.54
LN-9MJN8JNR79,CLM-EPJDFUAGVH,PRV-YHCS7YKNYQ,PRV-YHCS7YKNYQ,2024-06-21,2024-06-21,SYNTH,PSY-30,[],1.0,30.0,,['SYN-DX-01'],11,184.94,151.65,136.49
LN-N88VVHY9EG,CLM-X2K892UA4U,PRV-ZU6YL2HNHH,PRV-ZU6YL2HNHH,2024-07-11,2024-07-11,SYNTH,HH-VISIT,[],1.0,45.0,,['SYN-DX-01'],12,161.98,132.82,119.54
LN-2N8TUKZCR3,CLM-KASP82ZNY2,PRV-GZWKQRABYX,PRV-GZWKQRABYX,2024-06-08,2024-06-08,SYNTH,FAC-DAY,[],1.0,,,['SYN-DX-01'],21,176.74,144.93,130.44
LN-ZWUQKVUZKD,CLM-HQQGVL5J9D,PRV-E2KQR2ZK3Q,PRV-E2KQR2ZK3Q,2024-03-11,2024-03-11,NDC-SYN,NDC-OPIOID-01,[],1.0,,,['SYN-DX-01'],11,189.12,155.08,139.57
LN-B6SNZ7NHQJ,CLM-K2BGDL5BT7,PRV-Z84M5CG5BX,PRV-Z84M5CG5BX,2024-07-31,2024-07-31,NDC-SYN,NDC-OPIOID-01,[],1.0,,,['SYN-DX-01'],11,184.72,151.47,136.32
LN-BP8BWGRHPW,CLM-DSQZPT9X9M,PRV-5AE63K9XH5,PRV-5AE63K9XH5,2024-08-20,2024-08-20,SYNTH,HH-VISIT,[],1.0,45.0,,['SYN-DX-01'],12,179.52,147.21,132.49
LN-9FZB75MA86,CLM-M3S4CE4HSY,PRV-Z84M5CG5BX,PRV-Z84M5CG5BX,2024-07-01,2024-07-01,NDC-SYN,NDC-OPIOID-01,[],1.0,,,['SYN-DX-01'],11,167.29,137.18,123.46
LN-6EFBRRA3JM,CLM-6YUFEWTXK9,PRV-LEVZRZGE33,PRV-LEVZRZGE33,2024-04-04,2024-04-04,SYNTH,FAC-DAY,[],1.0,,,['SYN-DX-01'],21,196.63,161.24,145.12
LN-N8552TNL4L,CLM-DF72RUTCML,PRV-CYX8UDJJ75,PRV-CYX8UDJJ75,2024-06-16,2024-06-16,SYNTH,EM-EST-2,[],1.0,,,['SYN-DX-01'],11,200.97,164.8,148.32
LN-J6FYUVFXKS,CLM-FY3H5WGS2W,PRV-E2KQR2ZK3Q,PRV-E2KQR2ZK3Q,2024-08-17,2024-08-17,NDC-SYN,NDC-OPIOID-01,[],1.0,,,['SYN-DX-01'],11,191.65,157.15,141.44
LN-ZJT6FRBZL2,CLM-PV76E4HM92,PRV-EWJD2QDPA6,PRV-EWJD2QDPA6,2024-02-07,2024-02-07,SYNTH,EM-EST-4,[],1.0,,,['SYN-DX-01'],11,174.29,142.92,128.63
LN-DEJ8EA3FAY,CLM-EHQZPZV7NR,PRV-TTYMZNZQCD,PRV-TTYMZNZQCD,2024-06-11,2024-06-11,SYNTH,LAB-GEN-01,[],1.0,,,['SYN-DX-01'],11,202.76,166.26,149.63
LN-8FWVUPTVLD,CLM-QZZWBDLZR8,PRV-LJD3M755ZS,PRV-LJD3M755ZS,2024-05-02,2024-05-02,HCPCS2,A0427,[],1.0,,,['SYN-DX-01'],41,8.82,7.23,6.51
LN-TYAQ2WX2UD,CLM-8XJU8W5YT6,PRV-DVP5UVKXMG,PRV-DVP5UVKXMG,2024-02-13,2024-02-13,SYNTH,EM-EST-3,[],1.0,,,['SYN-DX-01'],11,182.33,149.51,134.56
LN-494TC3FDSL,CLM-AEFGSFS359,PRV-F63QP3FKES,PRV-F63QP3FKES,2024-01-26,2024-01-26,SYNTH,PSY-60,[],1.0,60.0,,['SYN-DX-01'],11,174.63,143.2,128.88
LN-Z7QWV5ZNZU,CLM-29MB6WW4K4,PRV-HC5CWNTSHD,PRV-HC5CWNTSHD,2024-05-09,2024-05-09,SYNTH,EM-EST-3,[],1.0,,,['SYN-DX-01'],11,175.01,143.51,129.16
LN-PA5UNP9YNN,CLM-4VYSGKM34W,PRV-YHCS7YKNYQ,PRV-YHCS7YKNYQ,2024-02-06,2024-02-06,SYNTH,ABA-60,[],1.0,60.0,,['SYN-DX-01'],11,180.54,148.04,133.24
LN-8LSGHC7M65,CLM-CJ3HR45NV2,PRV-CYX8UDJJ75,PRV-CYX8UDJJ75,2024-07-07,2024-07-07,SYNTH,EM-EST-3,[],1.0,,,['SYN-DX-01'],11,177.05,145.18,130.66
LN-RDK9SG59FA,CLM-LQNSE3PHEA,PRV-HC5CWNTSHD,PRV-HC5CWNTSHD,2024-05-25,2024-05-25,SYNTH,EM-EST-3,[],1.0,,,['SYN-DX-01'],11,176.73,144.92,130.43
LN-66S45V7WCF,CLM-VG4X463ZBP,PRV-CYX8UDJJ75,PRV-CYX8UDJJ75,2024-05-16,2024-05-16,SYNTH,EM-EST-3,[],1.0,,,['SYN-DX-01'],11,188.6,154.65,139.19
LN-SDURE8A4YX,CLM-FRJEZXBZ9D,PRV-FYQT8W8H8G,PRV-FYQT8W8H8G,2024-03-15,2024-03-15,SYNTH,DME-CATH,[],1.0,,,['SYN-DX-01'],12,182.53,149.67,134.7
LN-523S3332N2,CLM-V6CB5JS2ZH,PRV-GG7BBL7G9L,PRV-GG7BBL7G9L,2024-02-03,2024-02-03,SYNTH,LAB-PNL-01,[],1.0,,,['SYN-DX-01'],11,180.76,148.22,133.4
LN-74CV3Q82A3,CLM-LCYYDBQR3Z,PRV-HP4BWL7QC4,PRV-HP4BWL7QC4,2024-08-24,2024-08-24,SYNTH,FAC-DAY,[],1.0,,,['SYN-DX-01'],21,171.33,140.49,126.44
LN-GKMDWPRC9A,CLM-9U9MUTC2RG,PRV-EWJD2QDPA6,PRV-EWJD2QDPA6,2024-08-06,2024-08-06,SYNTH,EM-EST-4,[],1.0,,,['SYN-DX-01'],11,171.99,141.03,126.93
LN-TTN5SY2NH3,CLM-MUKSHDVGEM,PRV-9HWCXGYGRP,PRV-9HWCXGYGRP,2024-06-10,2024-06-10,SYNTH,PSY-45,[],1.0,45.0,,['SYN-DX-01'],11,187.66,153.88,138.49
LN-MGGQT53PHB,CLM-7K8BE9RNMM,PRV-YHCS7YKNYQ,PRV-YHCS7YKNYQ,2024-02-04,2024-02-04,SYNTH,ABA-60,[],1.0,60.0,,['SYN-DX-01'],11,150.23,123.19,110.87
LN-VLZ7ZBNYZK,CLM-3B8259UQKW,PRV-GQ36BNJZ2W,PRV-GQ36BNJZ2W,2024-05-24,2024-05-24,SYNTH,HH-VISIT,[],1.0,45.0,,['SYN-DX-01'],12,179.55,147.23,132.51
LN-CEPE2UQX89,CLM-GTVAN8VMPV,PRV-4TYA4STMB7,PRV-4TYA4STMB7,2024-04-01,2024-04-01,SYNTH,DME-CATH,[],1.0,,,['SYN-DX-01'],12,162.49,133.24,119.92
LN-BSQKM7T9NM,CLM-MGWNEJKCFU,PRV-2RBJKMU8EL,PRV-2RBJKMU8EL,2024-03-06,2024-03-06,HCPCS2,A0427,[],1.0,,,['SYN-DX-01'],41,9.3,7.63,6.87
LN-28T79NVX2B,CLM-JM98GLKPZY,PRV-HC5CWNTSHD,PRV-HC5CWNTSHD,2024-06-15,2024-06-15,SYNTH,EM-EST-3,[],1.0,,,['SYN-DX-01'],11,174.19,142.84,128.56
LN-898G2Y3ZZ3,CLM-2GCSSB8TWY,PRV-YHCS7YKNYQ,PRV-YHCS7YKNYQ,2024-03-14,2024-03-14,SYNTH,PSY-60,[],1.0,60.0,,['SYN-DX-01'],11,173.26,142.07,127.86
LN-ASVJ88V3HM,CLM-BSQRYTPXNP,PRV-ZU6YL2HNHH,PRV-ZU6YL2HNHH,2024-01-02,2024-01-02,SYNTH,HH-VISIT,[],1.0,45.0,,['SYN-DX-01'],12,188.33,154.43,138.99
LN-UMWR4FEGMY,CLM-DAE4VAN25M,PRV-QJ8CAJLGGT,PRV-QJ8CAJLGGT,2024-04-30,2024-04-30,SYNTH,FAC-DAY,[],1.0,,,['SYN-DX-01'],21,186.68,153.08,137.77
LN-K8M8ELC2NL,CLM-NM2BY4ZNRK,PRV-YHCS7YKNYQ,PRV-YHCS7YKNYQ,2024-08-08,2024-08-08,SYNTH,ABA-60,[],1.0,60.0,,['SYN-DX-01'],11,167.92,137.69,123.92
LN-TPAQKSNFJZ,CLM-M7MWYD68AS,PRV-GQ36BNJZ2W,PRV-GQ36BNJZ2W,2024-01-26,2024-01-26,SYNTH,HH-VISIT,[],1.0,45.0,,['SYN-DX-01'],12,205.67,168.65,151.78
LN-EEC3MKKCW3,CLM-QHKPNYJA99,PRV-TTYMZNZQCD,PRV-TTYMZNZQCD,2024-01-26,2024-01-26,SYNTH,LAB-GEN-01,[],1.0,,,['SYN-DX-01'],11,181.45,148.79,133.91
LN-J33Z7A8QJN,CLM-ZJMH5USDDH,PRV-Z84M5CG5BX,PRV-Z84M5CG5BX,2024-07-27,2024-07-27,NDC-SYN,NDC-OPIOID-01,[],1.0,,,['SYN-DX-01'],11,187.74,153.95,138.56
LN-6CM4XXZMQ3,CLM-G5WLK8VTFP,PRV-CYX8UDJJ75,PRV-CYX8UDJJ75,2024-07-20,2024-07-20,SYNTH,EM-EST-2,[],1.0,,,['SYN-DX-01'],11,190.16,155.93,140.34
LN-L9PTJYMQYG,CLM-9E4N63TA4B,PRV-GG7BBL7G9L,PRV-GG7BBL7G9L,2024-01-08,2024-01-08,SYNTH,LAB-PNL-01,[],1.0,,,['SYN-DX-01'],11,194.52,159.51,143.56
LN-GDELRCJVXT,CLM-5NTYCFFV6K,PRV-E2KQR2ZK3Q,PRV-E2KQR2ZK3Q,2024-01-26,2024-01-26,NDC-SYN,NDC-OPIOID-01,[],1.0,,,['SYN-DX-01'],11,194.93,159.84,143.86
LN-S26AS7XMJN,CLM-MMB43AC8YU,PRV-P8SZX5BYHL,PRV-P8SZX5BYHL,2024-08-24,2024-08-24,NDC-SYN,NDC-OPIOID-01,[],1.0,,,['SYN-DX-01'],11,193.29,158.5,142.65
LN-F6SG3KXY82,CLM-SMFCK3LHM5,PRV-ZU6YL2HNHH,PRV-ZU6YL2HNHH,2024-06-23,2024-06-23,SYNTH,HH-VISIT,[],1.0,45.0,,['SYN-DX-01'],12,169.03,138.6,124.74
LN-UDDD8NZYMX,CLM-6797GJ8V5N,PRV-ZU6YL2HNHH,PRV-ZU6YL2HNHH,2024-05-29,2024-05-29,SYNTH,HH-VISIT,[],1.0,45.0,,['SYN-DX-01'],12,170.62,139.91,125.92
LN-7NXEF7S38U,CLM-9YU4WDQJ6D,PRV-52P4GQD2DS,PRV-52P4GQD2DS,2024-06-08,2024-06-08,SYNTH,EM-EST-2,[],1.0,,,['SYN-DX-01'],11,182.9,149.98,134.98
LN-XTK4JGP9H2,CLM-7SLZYDSJTG,PRV-GQ36BNJZ2W,PRV-GQ36BNJZ2W,2024-08-11,2024-08-11,SYNTH,HH-VISIT,[],1.0,45.0,,['SYN-DX-01'],12,155.16,127.23,114.51
LN-EQR2GX8T9L,CLM-FTXKN69WZV,PRV-CYX8UDJJ75,PRV-CYX8UDJJ75,2024-05-14,2024-05-14,SYNTH,EM-EST-4,[],1.0,,,['SYN-DX-01'],11,172.87,141.75,127.58
LN-P7MUT4UX49,CLM-5UV2NV9J8Q,PRV-52P4GQD2DS,PRV-52P4GQD2DS,2024-01-24,2024-01-24,SYNTH,EM-EST-2,[],1.0,,,['SYN-DX-01'],11,196.42,161.06,144.95
LN-CJGS3NX4HK,CLM-ZCSMLAL35X,PRV-EWJD2QDPA6,PRV-EWJD2QDPA6,2024-01-02,2024-01-02,SYNTH,EM-EST-2,[],1.0,,,['SYN-DX-01'],11,176.28,144.55,130.1
LN-QNKKC7J689,CLM-BX7F9BGTRQ,PRV-F63QP3FKES,PRV-F63QP3FKES,2024-01-16,2024-01-16,SYNTH,PSY-45,[],1.0,45.0,,['SYN-DX-01'],11,162.9,133.58,120.22
LN-DKQARMA444,CLM-JM2WAWE9W9,PRV-9HWCXGYGRP,PRV-9HWCXGYGRP,2024-07-20,2024-07-20,SYNTH,PSY-60,[],1.0,60.0,,['SYN-DX-01'],11,176.34,144.6,130.14
LN-QYLXST9DY8,CLM-U9VY2MKN7J,PRV-HP4BWL7QC4,PRV-HP4BWL7QC4,2024-06-15,2024-06-15,SYNTH,FAC-DAY,[],1.0,,,['SYN-DX-01'],21,175.25,143.7,129.33
LN-CVW2NWKK8U,CLM-DER3CHPT8X,PRV-GG7BBL7G9L,PRV-GG7BBL7G9L,2024-06-08,2024-06-08,SYNTH,LAB-GEN-01,[],1.0,,,['SYN-DX-01'],11,168.15,137.88,124.09
LN-F7D922BVHQ,CLM-95ABZC95CH,PRV-FYQT8W8H8G,PRV-FYQT8W8H8G,2024-02-18,2024-02-18,SYNTH,DME-CATH,[],1.0,,,['SYN-DX-01'],12,172.23,141.23,127.11
LN-NY48TDLKDC,CLM-LXEUMX5LZS,PRV-DVP5UVKXMG,PRV-DVP5UVKXMG,2024-06-23,2024-06-23,SYNTH,EM-EST-2,[],1.0,,,['SYN-DX-01'],11,181.01,148.43,133.59
LN-MNZSY8WFM3,CLM-SJ5WV46Z5K,PRV-DVP5UVKXMG,PRV-DVP5UVKXMG,2024-03-16,2024-03-16,SYNTH,EM-EST-2,[],1.0,,,['SYN-DX-01'],11,163.65,134.19,120.77
LN-AQDT36PBSY,CLM-XFLN3T9HY2,PRV-P8SZX5BYHL,PRV-P8SZX5BYHL,2024-03-29,2024-03-29,NDC-SYN,NDC-OPIOID-01,[],1.0,,,['SYN-DX-01'],11,190.46,156.18,140.56
LN-TSQVV839SW,CLM-4DZBWNU8UD,PRV-GG7BBL7G9L,PRV-GG7BBL7G9L,2024-04-26,2024-04-26,SYNTH,LAB-PNL-01,[],1.0,,,['SYN-DX-01'],11,167.36,137.24,123.52
LN-HVKSFNDTKS,CLM-EG9S9LMEPP,PRV-P8SZX5BYHL,PRV-P8SZX5BYHL,2024-03-16,2024-03-16,NDC-SYN,NDC-OPIOID-01,[],1.0,,,['SYN-DX-01'],11,177.63,145.66,131.09
LN-X3P6FJ8X4M,CLM-W6HBZMQYWZ,PRV-GQ36BNJZ2W,PRV-GQ36BNJZ2W,2024-04-20,2024-04-20,SYNTH,HH-VISIT,[],1.0,45.0,,['SYN-DX-01'],12,179.34,147.06,132.35
LN-ZMK7UH9MAJ,CLM-Q48LQ4DD68,PRV-5AE63K9XH5,PRV-5AE63K9XH5,2024-08-01,2024-08-01,SYNTH,HH-VISIT,[],1.0,45.0,,['SYN-DX-01'],12,163.05,133.7,120.33
LN-SLJZT9F4PW,CLM-29Q6PRJYRK,PRV-YHCS7YKNYQ,PRV-YHCS7YKNYQ,2024-06-12,2024-06-12,SYNTH,PSY-45,[],1.0,45.0,,['SYN-DX-01'],11,177.07,145.2,130.68
LN-4PLSMJGYLY,CLM-D5MTZMWKYB,PRV-DVP5UVKXMG,PRV-DVP5UVKXMG,2024-04-15,2024-04-15,SYNTH,EM-EST-3,[],1.0,,,['SYN-DX-01'],11,194.72,159.67,143.7
LN-3VE3EAE63P,CLM-J5R57ANNYR,PRV-6LZYWNNT2J,PRV-6LZYWNNT2J,2024-05-06,2024-05-06,SYNTH,LAB-PNL-01,[],1.0,,,['SYN-DX-01'],11,183.84,150.75,135.68
LN-R8RJM9SWRZ,CLM-3DMG9TJ2PK,PRV-E2KQR2ZK3Q,PRV-E2KQR2ZK3Q,2024-04-21,2024-04-21,NDC-SYN,NDC-OPIOID-01,[],1.0,,,['SYN-DX-01'],11,180.92,148.35,133.51
LN-UR8EY3HG3Y,CLM-4M2W4RPRK3,PRV-QJ8CAJLGGT,PRV-QJ8CAJLGGT,2024-05-01,2024-05-01,SYNTH,FAC-DAY,[],1.0,,,['SYN-DX-01'],21,152.06,124.69,112.22
LN-J33V3LELZE,CLM-PPZFK6474E,PRV-LJD3M755ZS,PRV-LJD3M755ZS,2024-02-04,2024-02-04,HCPCS2,A0425,[],34.0,,34.0,['SYN-DX-01'],41,302.43,247.99,223.19
LN-DS83H4MKMF,CLM-MS4D4EJFD4,PRV-KB3DDTGVSY,PRV-KB3DDTGVSY,2024-06-18,2024-06-18,SYNTH,DME-CATH,[],1.0,,,['SYN-DX-01'],12,190.61,156.3,140.67
LN-EMYWXTPMDL,CLM-WRF7RFNGDE,PRV-6LZYWNNT2J,PRV-6LZYWNNT2J,2024-07-23,2024-07-23,SYNTH,LAB-PNL-01,[],1.0,,,['SYN-DX-01'],11,194.19,159.24,143.32
LN-BTDSXJDSGY,CLM-MNV4ZLPLR8,PRV-E2KQR2ZK3Q,PRV-E2KQR2ZK3Q,2024-06-30,2024-06-30,NDC-SYN,NDC-OPIOID-01,[],1.0,,,['SYN-DX-01'],11,183.9,150.8,135.72
LN-TLSPWZGJBH,CLM-3C6KBYBVH7,PRV-H9LG5VAJ3J,PRV-H9LG5VAJ3J,2024-06-28,2024-06-28,SYNTH,FAC-DAY,[],1.0,,,['SYN-DX-01'],21,166.81,136.78,123.1
LN-YCPLJD5333,CLM-KEBRX9LHL7,PRV-ZU6YL2HNHH,PRV-ZU6YL2HNHH,2024-07-17,2024-07-17,SYNTH,HH-VISIT,[],1.0,45.0,,['SYN-DX-01'],12,190.78,156.44,140.8
LN-9BR6ZJSLXE,CLM-XEB32Y87JC,PRV-LVGM3QWE3V,PRV-LVGM3QWE3V,2024-02-14,2024-02-14,SYNTH,DME-CATH,[],1.0,,,['SYN-DX-01'],12,179.61,147.28,132.55
LN-7XRY3J3U4C,CLM-ETMJGC493X,PRV-HC5CWNTSHD,PRV-HC5CWNTSHD,2024-08-17,2024-08-17,SYNTH,EM-EST-3,[],1.0,,,['SYN-DX-01'],11,185.46,152.08,136.87
LN-BRC8GG34MJ,CLM-H3MZ3PNDEH,PRV-HP4BWL7QC4,PRV-HP4BWL7QC4,2024-03-12,2024-03-12,SYNTH,FAC-DAY,[],1.0,,,['SYN-DX-01'],21,188.07,154.22,138.8
LN-RJDVC3EQZT,CLM-4WHGV294MQ,PRV-QJ8CAJLGGT,PRV-QJ8CAJLGGT,2024-01-01,2024-01-01,SYNTH,FAC-DAY,[],1.0,,,['SYN-DX-01'],21,191.35,156.91,141.22
LN-P95L7FER8U,CLM-X3MXW4FV4S,PRV-F63QP3FKES,PRV-F63QP3FKES,2024-08-23,2024-08-23,SYNTH,PSY-60,[],1.0,60.0,,['SYN-DX-01'],11,171.98,141.02,126.92
LN-YXZB4UGU2M,CLM-YHDWZK4MYX,PRV-GZWKQRABYX,PRV-GZWKQRABYX,2024-08-04,2024-08-04,SYNTH,FAC-DAY,[],1.0,,,['SYN-DX-01'],21,204.1,167.36,150.62
LN-BWPLN98U59,CLM-J9Z4F4AYEL,PRV-ZU6YL2HNHH,PRV-ZU6YL2HNHH,2024-05-07,2024-05-07,SYNTH,HH-VISIT,[],1.0,45.0,,['SYN-DX-01'],12,194.55,159.53,143.58
LN-7QGQ9VM2Y6,CLM-W2LBJPFJ8T,PRV-CYX8UDJJ75,PRV-CYX8UDJJ75,2024-06-16,2024-06-16,SYNTH,EM-EST-3,[],1.0,,,['SYN-DX-01'],11,180.24,147.8,133.02
LN-EG83PMM36Q,CLM-B7KZ7DK3BS,PRV-EWJD2QDPA6,PRV-EWJD2QDPA6,2024-07-03,2024-07-03,SYNTH,EM-EST-2,[],1.0,,,['SYN-DX-01'],11,212.73,174.44,157.0
LN-DWDEMSN36J,CLM-TFKPW6Q7BG,PRV-ZU6YL2HNHH,PRV-ZU6YL2HNHH,2024-02-15,2024-02-15,SYNTH,HH-VISIT,[],1.0,45.0,,['SYN-DX-01'],12,194.46,159.46,143.51
LN-V2J9VAB8BM,CLM-LVGJLK29PZ,PRV-52P4GQD2DS,PRV-52P4GQD2DS,2024-06-02,2024-06-02,SYNTH,EM-EST-4,[],1.0,,,['SYN-DX-01'],11,172.41,141.38,127.24
LN-5TJA99SQZX,CLM-LEPJCTV63B,PRV-E2KQR2ZK3Q,PRV-E2KQR2ZK3Q,2024-02-18,2024-02-18,NDC-SYN,NDC-OPIOID-01,[],1.0,,,['SYN-DX-01'],11,181.6,148.91,134.02
LN-HLL9ZLQ8MX,CLM-GMKF4R68Z2,PRV-R6UGAZC4XJ,PRV-R6UGAZC4XJ,2024-01-29,2024-01-29,SYNTH,HH-VISIT,[],1.0,45.0,,['SYN-DX-01'],12,180.93,148.36,133.52
LN-DDBNM9TDHT,CLM-TKD7DYF5SW,PRV-GQ36BNJZ2W,PRV-GQ36BNJZ2W,2024-02-19,2024-02-19,SYNTH,HH-VISIT,[],1.0,45.0,,['SYN-DX-01'],12,183.76,150.68,135.61
LN-HRB6N9D7P6,CLM-GKJWBWZR6W,PRV-QJ8CAJLGGT,PRV-QJ8CAJLGGT,2024-03-15,2024-03-15,SYNTH,FAC-DAY,[],1.0,,,['SYN-DX-01'],21,164.21,134.65,121.19
LN-D4GFSS9CAU,CLM-MNYFHFHQYY,PRV-YHCS7YKNYQ,PRV-YHCS7YKNYQ,2024-06-21,2024-06-21,SYNTH,PSY-60,[],1.0,60.0,,['SYN-DX-01'],11,214.81,176.14,158.53
LN-B8LMNHH6BP,CLM-BFGSPBLPXB,PRV-9HWCXGYGRP,PRV-9HWCXGYGRP,2024-03-19,2024-03-19,SYNTH,PSY-30,[],1.0,30.0,,['SYN-DX-01'],11,175.54,143.94,129.55
LN-P6PBHAKMX4,CLM-6EUY6RR9MT,PRV-P8SZX5BYHL,PRV-P8SZX5BYHL,2024-01-29,2024-01-29,NDC-SYN,NDC-OPIOID-01,[],1.0,,,['SYN-DX-01'],11,159.34,130.66,117.59
LN-7GUBEFKAFR,CLM-LGKWB4XWKH,PRV-HP4BWL7QC4,PRV-HP4BWL7QC4,2024-03-23,2024-03-23,SYNTH,FAC-DAY,[],1.0,,,['SYN-DX-01'],21,180.36,147.9,133.11
LN-7ZDV4YJZLU,CLM-RKLFGKDG9X,PRV-QJ8CAJLGGT,PRV-QJ8CAJLGGT,2024-01-17,2024-01-17,SYNTH,FAC-DAY,[],1.0,,,['SYN-DX-01'],21,197.21,161.71,145.54
LN-JSD85RCEGY,CLM-XJLMUFY5SZ,PRV-52P4GQD2DS,PRV-52P4GQD2DS,2024-06-16,2024-06-16,SYNTH,EM-EST-1,[],1.0,,,['SYN-DX-01'],11,182.34,149.52,134.57
LN-6UCDZR4RYV,CLM-R2JFZ7BBZJ,PRV-HP4BWL7QC4,PRV-HP4BWL7QC4,2024-05-21,2024-05-21,SYNTH,FAC-DAY,[],1.0,,,['SYN-DX-01'],21,189.04,155.01,139.51
LN-3WWNQ3ANY7,CLM-MS25ZEKJTT,PRV-EGMCSQWZE2,PRV-EGMCSQWZE2,2024-04-26,2024-04-26,SYNTH,PSY-30,[],1.0,30.0,,['SYN-DX-01'],11,168.12,137.86,124.07
LN-YHEFQMZ99N,CLM-YZUUUSBJ3Z,PRV-EGMCSQWZE2,PRV-EGMCSQWZE2,2024-08-27,2024-08-27,SYNTH,PSY-60,[],1.0,60.0,,['SYN-DX-01'],11,183.52,150.49,135.44
LN-TSU48WL7AA,CLM-Y4FKXMZ54N,PRV-5AE63K9XH5,PRV-5AE63K9XH5,2024-06-24,2024-06-24,SYNTH,HH-VISIT,[],1.0,45.0,,['SYN-DX-01'],12,158.74,130.17,117.15
LN-4TPJEGZ7YQ,CLM-N64ZRDHUYP,PRV-Z84M5CG5BX,PRV-Z84M5CG5BX,2024-03-12,2024-03-12,NDC-SYN,NDC-OPIOID-01,[],1.0,,,['SYN-DX-01'],11,182.23,149.43,134.49
LN-NW3FF8ZH36,CLM-QJ8BCR2LRE,PRV-CYX8UDJJ75,PRV-CYX8UDJJ75,2024-03-30,2024-03-30,SYNTH,EM-EST-3,[],1.0,,,['SYN-DX-01'],11,172.25,141.25,127.12
LN-V9CM6JU9J5,CLM-4UTUULN644,PRV-6LZYWNNT2J,PRV-6LZYWNNT2J,2024-02-03,2024-02-03,SYNTH,LAB-PNL-01,[],1.0,,,['SYN-DX-01'],11,175.39,143.82,129.44
LN-HBTBH3LVSB,CLM-HB36S5PVP8,PRV-52P4GQD2DS,PRV-52P4GQD2DS,2024-05-06,2024-05-06,SYNTH,EM-EST-3,[],1.0,,,['SYN-DX-01'],11,188.28,154.39,138.95
LN-RGXXS283G7,CLM-7U2M7QVDNL,PRV-H9LG5VAJ3J,PRV-H9LG5VAJ3J,2024-08-07,2024-08-07,SYNTH,FAC-DAY,[],1.0,,,['SYN-DX-01'],21,178.11,146.05,131.45
LN-RAU92HVPVU,CLM-AA52PK2WEE,PRV-GG7BBL7G9L,PRV-GG7BBL7G9L,2024-06-06,2024-06-06,SYNTH,LAB-GEN-01,[],1.0,,,['SYN-DX-01'],11,179.55,147.23,132.51
LN-NZZMFW2L7J,CLM-SQ9JXY2NBP,PRV-F2HS2XPZAV,PRV-F2HS2XPZAV,2024-05-22,2024-05-22,NDC-SYN,NDC-OPIOID-01,[],1.0,,,['SYN-DX-01'],11,184.82,151.55,136.4
LN-T35Z8UWFTG,CLM-2PU64XV7UA,PRV-52P4GQD2DS,PRV-52P4GQD2DS,2024-07-15,2024-07-15,SYNTH,EM-EST-5,[],1.0,,,['SYN-DX-01'],11,182.65,149.77,134.79
LN-UNABHCEFFC,CLM-C6BYPE4C38,PRV-LVGM3QWE3V,PRV-LVGM3QWE3V,2024-02-24,2024-02-24,SYNTH,DME-CATH,[],1.0,,,['SYN-DX-01'],12,182.8,149.9,134.91
LN-ZHYMRNFHZW,CLM-GJF3FK3FEK,PRV-6LZYWNNT2J,PRV-6LZYWNNT2J,2024-02-10,2024-02-10,SYNTH,LAB-PNL-01,[],1.0,,,['SYN-DX-01'],11,187.31,153.59,138.23
LN-G3DYKQVN7B,CLM-3GYK27WRXZ,PRV-R6UGAZC4XJ,PRV-R6UGAZC4XJ,2024-02-09,2024-02-09,SYNTH,HH-VISIT,[],1.0,45.0,,['SYN-DX-01'],12,165.85,136.0,122.4
LN-64RT7FCHEU,CLM-K75CE3AM5F,PRV-DVP5UVKXMG,PRV-DVP5UVKXMG,2024-07-19,2024-07-19,SYNTH,EM-EST-5,[],1.0,,,['SYN-DX-01'],11,185.94,152.47,137.22
LN-8XVK4477SG,CLM-BM859HXE5R,PRV-HP4BWL7QC4,PRV-HP4BWL7QC4,2024-02-17,2024-02-17,SYNTH,FAC-DAY,[],1.0,,,['SYN-DX-01'],21,181.95,149.2,134.28
LN-3QZ2T2BLGD,CLM-442L6RNHSR,PRV-QJ8CAJLGGT,PRV-QJ8CAJLGGT,2024-07-15,2024-07-15,SYNTH,FAC-DAY,[],1.0,,,['SYN-DX-01'],21,179.67,147.33,132.6
LN-6WV5YSTQ3L,CLM-TF676DWRM2,PRV-P8SZX5BYHL,PRV-P8SZX5BYHL,2024-05-11,2024-05-11,NDC-SYN,NDC-OPIOID-01,[],1.0,,,['SYN-DX-01'],11,161.89,132.75,119.48
LN-MLKF6JUY82,CLM-SLYFR524GL,PRV-96KL4VD67A,PRV-96KL4VD67A,2024-06-12,2024-06-12,SYNTH,LAB-GEN-01,[],1.0,,,['SYN-DX-01'],11,190.03,155.82,140.24
LN-DQBFAQTWT2,CLM-9MKXZMVEM4,PRV-GQ36BNJZ2W,PRV-GQ36BNJZ2W,2024-03-12,2024-03-12,SYNTH,HH-VISIT,[],1.0,45.0,,['SYN-DX-01'],12,172.97,141.84,127.66
LN-2U2LFNTDRY,CLM-X6XR3ZDHUB,PRV-52P4GQD2DS,PRV-52P4GQD2DS,2024-01-12,2024-01-12,SYNTH,EM-EST-4,[],1.0,,,['SYN-DX-01'],11,164.83,135.16,121.64
LN-CNMSBTQTP9,CLM-93NFE94ZG7,PRV-52P4GQD2DS,PRV-52P4GQD2DS,2024-02-17,2024-02-17,SYNTH,EM-EST-3,[],1.0,,,['SYN-DX-01'],11,182.48,149.63,134.67
LN-WKK3FXG7CJ,CLM-8P2JT8CG5N,PRV-GZWKQRABYX,PRV-GZWKQRABYX,2024-04-19,2024-04-19,SYNTH,FAC-DAY,[],1.0,,,['SYN-DX-01'],21,193.02,158.28,142.45
LN-A52J6X54UZ,CLM-EEYKGWHE6F,PRV-GQ36BNJZ2W,PRV-GQ36BNJZ2W,2024-03-28,2024-03-28,SYNTH,HH-VISIT,[],1.0,45.0,,['SYN-DX-01'],12,179.45,147.15,132.44
LN-R9V2XSQLED,CLM-2WY6DXAEXQ,PRV-YHCS7YKNYQ,PRV-YHCS7YKNYQ,2024-03-28,2024-03-28,SYNTH,PSY-60,[],1.0,60.0,,['SYN-DX-01'],11,182.12,149.34,134.41
LN-HKAPRJCXF2,CLM-FE9U3NNLUE,PRV-CYX8UDJJ75,PRV-CYX8UDJJ75,2024-08-18,2024-08-18,SYNTH,EM-EST-3,[],1.0,,,['SYN-DX-01'],11,185.99,152.51,137.26
LN-7XAYE8WTAE,CLM-TU4AEMC97Z,PRV-KB3DDTGVSY,PRV-KB3DDTGVSY,2024-06-26,2024-06-26,SYNTH,DME-CATH,[],1.0,,,['SYN-DX-01'],12,187.38,153.65,138.28
LN-PF2SPU3PD7,CLM-9RULVGE83Y,PRV-CYX8UDJJ75,PRV-CYX8UDJJ75,2024-08-12,2024-08-12,SYNTH,EM-EST-3,[],1.0,,,['SYN-DX-01'],11,161.95,132.8,119.52
LN-VPKS6ZUYSA,CLM-M66R3LHQSP,PRV-NNZAMXRZ52,PRV-NNZAMXRZ52,2024-04-25,2024-04-25,NDC-SYN,NDC-OPIOID-01,[],1.0,,,['SYN-DX-01'],11,200.32,164.26,147.83
LN-NCTFY7QV7H,CLM-7NB84WXTT7,PRV-NNZAMXRZ52,PRV-NNZAMXRZ52,2024-05-03,2024-05-03,NDC-SYN,NDC-OPIOID-01,[],1.0,,,['SYN-DX-01'],11,165.65,135.83,122.25
LN-MTR9MX2QNW,CLM-RRZEGYRJRR,PRV-R6UGAZC4XJ,PRV-R6UGAZC4XJ,2024-06-02,2024-06-02,SYNTH,HH-VISIT,[],1.0,45.0,,['SYN-DX-01'],12,185.7,152.27,137.04
LN-T5PLDE9X2W,CLM-D4LFBWFYFS,PRV-P8SZX5BYHL,PRV-P8SZX5BYHL,2024-02-12,2024-02-12,NDC-SYN,NDC-OPIOID-01,[],1.0,,,['SYN-DX-01'],11,179.55,147.23,132.51
LN-N9L8MREUAV,CLM-HG4KW4MPN6,PRV-CYX8UDJJ75,PRV-CYX8UDJJ75,2024-02-10,2024-02-10,SYNTH,EM-EST-2,[],1.0,,,['SYN-DX-01'],11,179.4,147.11,132.4
LN-T4KQ5JGJDY,CLM-W78KMW6BCG,PRV-EWJD2QDPA6,PRV-EWJD2QDPA6,2024-03-22,2024-03-22,SYNTH,EM-EST-4,[],1.0,,,['SYN-DX-01'],11,196.95,161.5,145.35
LN-XGBT3PTVVA,CLM-HQC69F5HKM,PRV-H9LG5VAJ3J,PRV-H9LG5VAJ3J,2024-03-25,2024-03-25,SYNTH,FAC-DAY,[],1.0,,,['SYN-DX-01'],21,192.59,157.92,142.13
LN-DP9X8EX4JX,CLM-2HCN86HVVJ,PRV-52P4GQD2DS,PRV-52P4GQD2DS,2024-02-21,2024-02-21,SYNTH,EM-EST-3,[],1.0,,,['SYN-DX-01'],11,177.49,145.54,130.99
LN-WWD4E9EENR,CLM-HJC825JBRD,PRV-AEV55VW98C,PRV-AEV55VW98C,2024-03-18,2024-03-18,HCPCS2,A0427,[],1.0,,,['SYN-DX-01'],41,9.47,7.77,6.99
LN-UMADYXBCSF,CLM-S9EKSNUESF,PRV-CYX8UDJJ75,PRV-CYX8UDJJ75,2024-01-19,2024-01-19,SYNTH,EM-EST-3,[],1.0,,,['SYN-DX-01'],11,174.45,143.05,128.75
LN-4ZUPSJQ9FG,CLM-VTS33CAB36,PRV-R6UGAZC4XJ,PRV-R6UGAZC4XJ,2024-05-30,2024-05-30,SYNTH,HH-VISIT,[],1.0,45.0,,['SYN-DX-01'],12,180.72,148.19,133.37
LN-NULXUR6TTS,CLM-8Y86NXHET7,PRV-F63QP3FKES,PRV-F63QP3FKES,2024-07-23,2024-07-23,SYNTH,PSY-45,[],1.0,45.0,,['SYN-DX-01'],11,191.11,156.71,141.04
LN-SWYY7F9B4E,CLM-3GCUCDKY3W,PRV-F63QP3FKES,PRV-F63QP3FKES,2024-02-22,2024-02-22,SYNTH,PSY-45,[],1.0,45.0,,['SYN-DX-01'],11,189.22,155.16,139.64
LN-FUW6UMYB9E,CLM-L4STA58NRQ,PRV-52P4GQD2DS,PRV-52P4GQD2DS,2024-04-15,2024-04-15,SYNTH,EM-EST-1,[],1.0,,,['SYN-DX-01'],11,169.43,138.93,125.04
LN-YX6PETTNYY,CLM-SWYSYBBAAA,PRV-NNZAMXRZ52,PRV-NNZAMXRZ52,2024-06-01,2024-06-01,NDC-SYN,NDC-OPIOID-01,[],1.0,,,['SYN-DX-01'],11,144.06,118.13,106.32
LN-H5NM6MYWRJ,CLM-G9YAUMAEGN,PRV-DVP5UVKXMG,PRV-DVP5UVKXMG,2024-06-23,2024-06-23,SYNTH,EM-EST-1,[],1.0,,,['SYN-DX-01'],11,206.7,169.49,152.54
LN-4LFJLJWKAQ,CLM-U8PHJ39NBM,PRV-GQ36BNJZ2W,PRV-GQ36BNJZ2W,2024-02-25,2024-02-25,SYNTH,HH-VISIT,[],1.0,45.0,,['SYN-DX-01'],12,173.98,142.66,128.39
LN-BQKHSHXMUL,CLM-2EE6GWW5WD,PRV-P8SZX5BYHL,PRV-P8SZX5BYHL,2024-07-15,2024-07-15,NDC-SYN,NDC-OPIOID-01,[],1.0,,,['SYN-DX-01'],11,176.96,145.11,130.6
LN-E2WC978Q8R,CLM-2GXAE2Y7WD,PRV-R6UGAZC4XJ,PRV-R6UGAZC4XJ,2024-02-12,2024-02-12,SYNTH,HH-VISIT,[],1.0,45.0,,['SYN-DX-01'],12,169.8,139.24,125.32
LN-HMRQC7EJHQ,CLM-FPTL5QMWAV,PRV-KGZA99WKKT,PRV-KGZA99WKKT,2024-01-25,2024-01-25,HCPCS2,A0425,[],34.0,,34.0,['SYN-DX-01'],41,312.98,256.64,230.98
LN-SREEGNWD29,CLM-Z8ULBUVSV6,PRV-2RBJKMU8EL,PRV-2RBJKMU8EL,2024-05-28,2024-05-28,HCPCS2,A0427,[],1.0,,,['SYN-DX-01'],41,9.54,7.82,7.04
LN-PUCNQSLZ33,CLM-PZUZBQ5JRU,PRV-F63QP3FKES,PRV-F63QP3FKES,2024-04-09,2024-04-09,SYNTH,PSY-60,[],1.0,60.0,,['SYN-DX-01'],11,161.32,132.28,119.05
LN-4D3T47GTJS,CLM-M9X3M8Z99E,PRV-EWJD2QDPA6,PRV-EWJD2QDPA6,2024-07-17,2024-07-17,SYNTH,EM-EST-4,[],1.0,,,['SYN-DX-01'],11,156.65,128.45,115.6
LN-X8N56QLZ72,CLM-RE3BD8L8D2,PRV-LJD3M755ZS,PRV-LJD3M755ZS,2024-05-04,2024-05-04,HCPCS2,A0427,[],1.0,,,['SYN-DX-01'],41,8.87,7.27,6.54
LN-H3PGM4TYVN,CLM-QVEXPQ6PFR,PRV-LEVZRZGE33,PRV-LEVZRZGE33,2024-03-12,2024-03-12,SYNTH,FAC-DAY,[],1.0,,,['SYN-DX-01'],21,165.62,135.81,122.23
LN-95Z4A8DRRX,CLM-CJVVLFXHVF,PRV-QJ8CAJLGGT,PRV-QJ8CAJLGGT,2024-05-06,2024-05-06,SYNTH,FAC-DAY,[],1.0,,,['SYN-DX-01'],21,163.62,134.17,120.75
LN-TZT8Z9E7V2,CLM-XN388CBGZS,PRV-EWJD2QDPA6,PRV-EWJD2QDPA6,2024-07-07,2024-07-07,SYNTH,EM-EST-3,[],1.0,,,['SYN-DX-01'],11,177.08,145.21,130.69
LN-H3XZMWGYEE,CLM-2E7RTBJPAE,PRV-F63QP3FKES,PRV-F63QP3FKES,2024-06-19,2024-06-19,SYNTH,PSY-30,[],1.0,30.0,,['SYN-DX-01'],11,196.77,161.35,145.22
LN-3PWFBVR8T5,CLM-EUG78YKSTJ,PRV-4TYA4STMB7,PRV-4TYA4STMB7,2024-07-06,2024-07-06,SYNTH,DME-CATH,[],1.0,,,['SYN-DX-01'],12,135.98,111.5,100.35
LN-26C6SGS6GC,CLM-Z24JPA6V47,PRV-4TYA4STMB7,PRV-4TYA4STMB7,2024-01-04,2024-01-04,SYNTH,DME-CATH,[],1.0,,,['SYN-DX-01'],12,184.38,151.19,136.07
LN-DRCQKSKF9N,CLM-3X7B5YY5F3,PRV-EWJD2QDPA6,PRV-EWJD2QDPA6,2024-07-06,2024-07-06,SYNTH,EM-EST-2,[],1.0,,,['SYN-DX-01'],11,187.45,153.71,138.34
LN-6A3KL66FFF,CLM-A6X7TFB4PQ,PRV-GQ36BNJZ2W,PRV-GQ36BNJZ2W,2024-05-27,2024-05-27,SYNTH,HH-VISIT,[],1.0,45.0,,['SYN-DX-01'],12,190.27,156.02,140.42
LN-4WLNYU4MXW,CLM-BF7VLF8GXV,PRV-R6UGAZC4XJ,PRV-R6UGAZC4XJ,2024-03-08,2024-03-08,SYNTH,HH-VISIT,[],1.0,45.0,,['SYN-DX-01'],12,184.63,151.4,136.26
LN-ZWB9ZW39H4,CLM-57LEXKXE8A,PRV-LJD3M755ZS,PRV-LJD3M755ZS,2024-06-09,2024-06-09,HCPCS2,A0427,[],1.0,,,['SYN-DX-01'],41,8.69,7.13,6.42
LN-U2A9JAJRLH,CLM-62LGZKTX4P,PRV-FYQT8W8H8G,PRV-FYQT8W8H8G,2024-08-13,2024-08-13,SYNTH,DME-CATH,[],1.0,,,['SYN-DX-01'],12,183.51,150.48,135.43
LN-7YRLV33MYH,CLM-6G89D6Y67D,PRV-TTYMZNZQCD,PRV-TTYMZNZQCD,2024-08-20,2024-08-20,SYNTH,LAB-PNL-01,[],1.0,,,['SYN-DX-01'],11,164.9,135.22,121.7
LN-4K9PRKQ7MS,CLM-3XUPWP3JRW,PRV-9HWCXGYGRP,PRV-9HWCXGYGRP,2024-01-31,2024-01-31,SYNTH,ABA-60,[],1.0,60.0,,['SYN-DX-01'],11,170.71,139.98,125.98
LN-D46H6VQEQF,CLM-PU9RTQTY53,PRV-R6UGAZC4XJ,PRV-R6UGAZC4XJ,2024-03-31,2024-03-31,SYNTH,HH-VISIT,[],1.0,45.0,,['SYN-DX-01'],12,171.2,140.38,126.34
LN-HN26985YED,CLM-RWFQFP55WJ,PRV-96KL4VD67A,PRV-96KL4VD67A,2024-01-12,2024-01-12,SYNTH,LAB-GEN-01,[],1.0,,,['SYN-DX-01'],11,175.18,143.65,129.28
LN-EZZ3WXZX4D,CLM-9RQLF8QTQF,PRV-CYX8UDJJ75,PRV-CYX8UDJJ75,2024-01-31,2024-01-31,SYNTH,EM-EST-5,[],1.0,,,['SYN-DX-01'],11,190.62,156.31,140.68
LN-Z3SS3X7YBW,CLM-JNVRNQ9D4N,PRV-LVGM3QWE3V,PRV-LVGM3QWE3V,2024-02-10,2024-02-10,SYNTH,DME-CATH,[],1.0,,,['SYN-DX-01'],12,177.84,145.83,131.25
LN-RC72CAS9P6,CLM-9K8YS898G9,PRV-YHCS7YKNYQ,PRV-YHCS7YKNYQ,2024-03-28,2024-03-28,SYNTH,PSY-45,[],1.0,45.0,,['SYN-DX-01'],11,191.17,156.76,141.08
LN-4QLTGVVFBQ,CLM-EMXFT7Z254,PRV-4TYA4STMB7,PRV-4TYA4STMB7,2024-01-13,2024-01-13,SYNTH,DME-CATH,[],1.0,,,['SYN-DX-01'],12,193.34,158.54,142.69
LN-EUHEMPBVNV,CLM-7AL734MBJZ,PRV-GG7BBL7G9L,PRV-GG7BBL7G9L,2024-02-23,2024-02-23,SYNTH,LAB-PNL-01,[],1.0,,,['SYN-DX-01'],11,178.23,146.15,131.53
LN-BKBNQ5B3GE,CLM-YGKLADLNPL,PRV-CYX8UDJJ75,PRV-CYX8UDJJ75,2024-07-27,2024-07-27,SYNTH,EM-EST-2,[],1.0,,,['SYN-DX-01'],11,158.3,129.81,116.83
LN-FQ8E9AW4W3,CLM-9VMQT5CMFT,PRV-5AE63K9XH5,PRV-5AE63K9XH5,2024-03-30,2024-03-30,SYNTH,HH-VISIT,[],1.0,45.0,,['SYN-DX-01'],12,186.06,152.57,137.31
LN-CLK7ZGNK4U,CLM-BALU2V32LF,PRV-LVGM3QWE3V,PRV-LVGM3QWE3V,2024-01-03,2024-01-03,SYNTH,DME-CATH,[],1.0,,,['SYN-DX-01'],12,166.28,136.35,122.72
LN-UZZTW2PJF6,CLM-9CJGZBCVPJ,PRV-HC5CWNTSHD,PRV-HC5CWNTSHD,2024-01-30,2024-01-30,SYNTH,EM-EST-3,[],1.0,,,['SYN-DX-01'],11,170.26,139.61,125.65
LN-Q4QAVALS6T,CLM-CNLQ7FV3WF,PRV-EWJD2QDPA6,PRV-EWJD2QDPA6,2024-05-03,2024-05-03,SYNTH,EM-EST-3,[],1.0,,,['SYN-DX-01'],11,176.36,144.62,130.16
LN-STYASGS4LJ,CLM-4P3W652TF4,PRV-ZU6YL2HNHH,PRV-ZU6YL2HNHH,2024-07-05,2024-07-05,SYNTH,HH-VISIT,[],1.0,45.0,,['SYN-DX-01'],12,177.6,145.63,131.07
LN-P9WJA9BJ2M,CLM-J9XAS9XGXB,PRV-LEVZRZGE33,PRV-LEVZRZGE33,2024-06-22,2024-06-22,SYNTH,FAC-DAY,[],1.0,,,['SYN-DX-01'],21,169.57,139.05,125.15
LN-JPTNXDJ4U8,CLM-39FFMHGQ6B,PRV-F2HS2XPZAV,PRV-F2HS2XPZAV,2024-01-30,2024-01-30,NDC-SYN,NDC-OPIOID-01,[],1.0,,,['SYN-DX-01'],11,211.06,173.07,155.76
LN-ZZ7XMEXX9G,CLM-XT7LZPPWVZ,PRV-P8SZX5BYHL,PRV-P8SZX5BYHL,2024-03-14,2024-03-14,NDC-SYN,NDC-OPIOID-01,[],1.0,,,['SYN-DX-01'],11,164.62,134.99,121.49
LN-UM9V44QY9R,CLM-WKZGZHXCEH,PRV-EWJD2QDPA6,PRV-EWJD2QDPA6,2024-08-16,2024-08-16,SYNTH,EM-EST-3,[],1.0,,,['SYN-DX-01'],11,197.65,162.07,145.86
LN-ZZ78QEPZJX,CLM-V3RY9K2RW2,PRV-EWJD2QDPA6,PRV-EWJD2QDPA6,2024-02-09,2024-02-09,SYNTH,EM-EST-2,[],1.0,,,['SYN-DX-01'],11,163.79,134.31,120.88
LN-E3BS6L2VE6,CLM-T6XJU74TXB,PRV-YHCS7YKNYQ,PRV-YHCS7YKNYQ,2024-08-26,2024-08-26,SYNTH,ABA-60,[],1.0,60.0,,['SYN-DX-01'],11,174.78,143.32,128.99
LN-XCX747FNFS,CLM-KHBHXLKFZQ,PRV-EGMCSQWZE2,PRV-EGMCSQWZE2,2024-08-10,2024-08-10,SYNTH,PSY-60,[],1.0,60.0,,['SYN-DX-01'],11,168.99,138.57,124.71
LN-VJBWHY49JK,CLM-4M3259HCSH,PRV-CYX8UDJJ75,PRV-CYX8UDJJ75,2024-08-24,2024-08-24,SYNTH,EM-EST-3,[],1.0,,,['SYN-DX-01'],11,180.03,147.62,132.86
LN-8UEMT7SSDQ,CLM-HHJFTFX2VM,PRV-HC5CWNTSHD,PRV-HC5CWNTSHD,2024-05-25,2024-05-25,SYNTH,EM-EST-5,[],1.0,,,['SYN-DX-01'],11,173.53,142.29,128.06
LN-Q5TMFUVYEU,CLM-Q33VH7QYES,PRV-ZU6YL2HNHH,PRV-ZU6YL2HNHH,2024-02-24,2024-02-24,SYNTH,HH-VISIT,[],1.0,45.0,,['SYN-DX-01'],12,161.87,132.73,119.46
LN-23DZAQXQL4,CLM-R9XTGRABF2,PRV-9HWCXGYGRP,PRV-9HWCXGYGRP,2024-05-17,2024-05-17,SYNTH,PSY-45,[],1.0,45.0,,['SYN-DX-01'],11,158.32,129.82,116.84
LN-U22BKSQYC7,CLM-GFT2QVVLP4,PRV-YHCS7YKNYQ,PRV-YHCS7YKNYQ,2024-03-23,2024-03-23,SYNTH,ABA-60,[],1.0,60.0,,['SYN-DX-01'],11,196.04,160.75,144.68
LN-MRL9XQCACD,CLM-TPNPL2ZWWJ,PRV-HC5CWNTSHD,PRV-HC5CWNTSHD,2024-06-21,2024-06-21,SYNTH,EM-EST-2,[],1.0,,,['SYN-DX-01'],11,176.68,144.88,130.39
LN-9KL2RMM6BH,CLM-34RA7A2ERZ,PRV-YHCS7YKNYQ,PRV-YHCS7YKNYQ,2024-03-09,2024-03-09,SYNTH,PSY-45,[],1.0,45.0,,['SYN-DX-01'],11,163.14,133.77,120.39
LN-EW6NF8W5RV,CLM-TUUSW4FTKH,PRV-52P4GQD2DS,PRV-52P4GQD2DS,2024-03-30,2024-03-30,SYNTH,EM-EST-4,[],1.0,,,['SYN-DX-01'],11,179.57,147.25,132.53
LN-K5WNYVJHKR,CLM-NN8E967N25,PRV-2RBJKMU8EL,PRV-2RBJKMU8EL,2024-03-23,2024-03-23,HCPCS2,A0425,[],4.0,,4.0,['SYN-DX-01'],41,36.64,30.04,27.04
LN-MUF236WG9R,CLM-CA4UXK4JYQ,PRV-R6UGAZC4XJ,PRV-R6UGAZC4XJ,2024-05-05,2024-05-05,SYNTH,HH-VISIT,[],1.0,45.0,,['SYN-DX-01'],12,170.5,139.81,125.83
LN-7HNMRVH46B,CLM-Z3ZZNDJAWD,PRV-KGZA99WKKT,PRV-KGZA99WKKT,2024-04-16,2024-04-16,HCPCS2,A0425,[],5.0,,5.0,['SYN-DX-01'],41,42.07,34.5,31.05
LN-68KGAVD5QU,CLM-XFJMGSLX7X,PRV-KGZA99WKKT,PRV-KGZA99WKKT,2024-01-27,2024-01-27,HCPCS2,A0427,[],1.0,,,['SYN-DX-01'],41,9.81,8.04,7.24
LN-QMZ3AY26Y9,CLM-9MLHT942ET,PRV-E2KQR2ZK3Q,PRV-E2KQR2ZK3Q,2024-07-17,2024-07-17,NDC-SYN,NDC-OPIOID-01,[],1.0,,,['SYN-DX-01'],11,198.22,162.54,146.29
LN-58R6KPQP4L,CLM-WC5B3JZ9QR,PRV-ZU6YL2HNHH,PRV-ZU6YL2HNHH,2024-02-19,2024-02-19,SYNTH,HH-VISIT,[],1.0,45.0,,['SYN-DX-01'],12,182.04,149.27,134.34
LN-ERP7RBU6HB,CLM-5E6ACJJVGZ,PRV-DVP5UVKXMG,PRV-DVP5UVKXMG,2024-01-18,2024-01-18,SYNTH,EM-EST-3,[],1.0,,,['SYN-DX-01'],11,172.32,141.3,127.17
LN-PMSE86E5VV,CLM-KJFQ2JXDQ4,PRV-EGMCSQWZE2,PRV-EGMCSQWZE2,2024-07-14,2024-07-14,SYNTH,ABA-60,[],1.0,60.0,,['SYN-DX-01'],11,160.47,131.59,118.43
LN-MK6MRRV6XK,CLM-L8PL937H75,PRV-GQ36BNJZ2W,PRV-GQ36BNJZ2W,2024-02-29,2024-02-29,SYNTH,HH-VISIT,[],1.0,45.0,,['SYN-DX-01'],12,184.86,151.59,136.43
LN-PYK6N7LT2F,CLM-RQ38NJ4W39,PRV-QJ8CAJLGGT,PRV-QJ8CAJLGGT,2024-02-08,2024-02-08,SYNTH,FAC-DAY,[],1.0,,,['SYN-DX-01'],21,180.43,147.95,133.16
LN-8HM2WQFGXF,CLM-Z3LMN35V68,PRV-GZWKQRABYX,PRV-GZWKQRABYX,2024-06-08,2024-06-08,SYNTH,FAC-DAY,[],1.0,,,['SYN-DX-01'],21,155.23,127.29,114.56
LN-527AVZJ3BR,CLM-TDVLZ66SVK,PRV-GZWKQRABYX,PRV-GZWKQRABYX,2024-04-13,2024-04-13,SYNTH,FAC-DAY,[],1.0,,,['SYN-DX-01'],21,170.39,139.72,125.75
LN-88GPZWV53J,CLM-PW3AUVRKEV,PRV-LVGM3QWE3V,PRV-LVGM3QWE3V,2024-02-15,2024-02-15,SYNTH,DME-CATH,[],1.0,,,['SYN-DX-01'],12,169.48,138.97,125.07
LN-ZFANVM2JBF,CLM-CKYDRB5KME,PRV-GG7BBL7G9L,PRV-GG7BBL7G9L,2024-04-30,2024-04-30,SYNTH,LAB-GEN-01,[],1.0,,,['SYN-DX-01'],11,185.85,152.4,137.16
LN-V7MXKWKC7A,CLM-7DVNHGWZ7T,PRV-F2HS2XPZAV,PRV-F2HS2XPZAV,2024-06-09,2024-06-09,NDC-SYN,NDC-OPIOID-01,[],1.0,,,['SYN-DX-01'],11,176.32,144.58,130.12
LN-9EY4HXUSXR,CLM-63T5XWMC9F,PRV-ZU6YL2HNHH,PRV-ZU6YL2HNHH,2024-08-25,2024-08-25,SYNTH,HH-VISIT,[],1.0,45.0,,['SYN-DX-01'],12,178.22,146.14,131.53
LN-3RALXRH9C2,CLM-JDNZXRG3ZD,PRV-R6UGAZC4XJ,PRV-R6UGAZC4XJ,2024-08-23,2024-08-23,SYNTH,HH-VISIT,[],1.0,45.0,,['SYN-DX-01'],12,178.34,146.24,131.62
LN-J6SXP8CWCK,CLM-ZT2ZJ5MEWD,PRV-EWJD2QDPA6,PRV-EWJD2QDPA6,2024-06-22,2024-06-22,SYNTH,EM-EST-3,[],1.0,,,['SYN-DX-01'],11,184.72,151.47,136.32
LN-2CFVRBVWBX,CLM-H3E7YYSVTX,PRV-R6UGAZC4XJ,PRV-R6UGAZC4XJ,2024-01-19,2024-01-19,SYNTH,HH-VISIT,[],1.0,45.0,,['SYN-DX-01'],12,179.03,146.8,132.12
LN-MN4L4RYEP9,CLM-NQYBB4796Z,PRV-DLK2K6289C,PRV-DLK2K6289C,2024-02-07,2024-02-07,SYNTH,LAB-PNL-01,[],1.0,,,['SYN-DX-01'],11,185.53,152.13,136.92
LN-U5TSVGM378,CLM-VMALGXB5K8,PRV-F63QP3FKES,PRV-F63QP3FKES,2024-08-20,2024-08-20,SYNTH,PSY-45,[],1.0,45.0,,['SYN-DX-01'],11,166.65,136.65,122.99
LN-L3FZCRMDB4,CLM-UKSSAEKFDY,PRV-Z84M5CG5BX,PRV-Z84M5CG5BX,2024-02-13,2024-02-13,NDC-SYN,NDC-OPIOID-01,[],1.0,,,['SYN-DX-01'],11,189.54,155.42,139.88
LN-Y8GMLPRVCA,CLM-HUC4GDKA9M,PRV-HC5CWNTSHD,PRV-HC5CWNTSHD,2024-03-17,2024-03-17,SYNTH,EM-EST-3,[],1.0,,,['SYN-DX-01'],11,185.24,151.9,136.71
LN-NFEKKHBE9B,CLM-DCQ8GZKKCV,PRV-F63QP3FKES,PRV-F63QP3FKES,2024-06-08,2024-06-08,SYNTH,PSY-45,[],1.0,45.0,,['SYN-DX-01'],11,190.56,156.26,140.63
LN-77PWH65HCY,CLM-LYT5PQ2ANX,PRV-EGMCSQWZE2,PRV-EGMCSQWZE2,2024-06-11,2024-06-11,SYNTH,ABA-60,[],1.0,60.0,,['SYN-DX-01'],11,142.7,117.01,105.31
LN-TR3DRKXYM3,CLM-QRZ2GSXZK2,PRV-QJ8CAJLGGT,PRV-QJ8CAJLGGT,2024-01-28,2024-01-28,SYNTH,FAC-DAY,[],1.0,,,['SYN-DX-01'],21,167.85,137.64,123.88
LN-H3UPPFFVH2,CLM-VEBYYGP26B,PRV-HP4BWL7QC4,PRV-HP4BWL7QC4,2024-05-07,2024-05-07,SYNTH,FAC-DAY,[],1.0,,,['SYN-DX-01'],21,190.5,156.21,140.59
LN-46Z7XF3S7Q,CLM-V54R8PNKP5,PRV-P8SZX5BYHL,PRV-P8SZX5BYHL,2024-04-22,2024-04-22,NDC-SYN,NDC-OPIOID-01,[],1.0,,,['SYN-DX-01'],11,168.03,137.78,124.0
LN-8DE2GMHQW3,CLM-9NQR9CVLRN,PRV-CYX8UDJJ75,PRV-CYX8UDJJ75,2024-07-05,2024-07-05,SYNTH,EM-EST-4,[],1.0,,,['SYN-DX-01'],11,181.87,149.13,134.22
LN-3XSG8QM325,CLM-7SRLCF5YXW,PRV-HP4BWL7QC4,PRV-HP4BWL7QC4,2024-08-16,2024-08-16,SYNTH,FAC-DAY,[],1.0,,,['SYN-DX-01'],21,171.26,140.43,126.39
LN-V38ED6S5BW,CLM-W4HRCB58X6,PRV-CYX8UDJJ75,PRV-CYX8UDJJ75,2024-05-18,2024-05-18,SYNTH,EM-EST-4,[],1.0,,,['SYN-DX-01'],11,177.05,145.18,130.66
LN-PT7PUVH7WB,CLM-CY2JAZTZAR,PRV-2RBJKMU8EL,PRV-2RBJKMU8EL,2024-08-02,2024-08-02,HCPCS2,A0427,[],1.0,,,['SYN-DX-01'],41,10.5,8.61,7.75
LN-4RTECK4VBS,CLM-2TEGUAZBJ3,PRV-CYX8UDJJ75,PRV-CYX8UDJJ75,2024-05-30,2024-05-30,SYNTH,EM-EST-3,[],1.0,,,['SYN-DX-01'],11,180.72,148.19,133.37
LN-NH3EYPD4NJ,CLM-22LMDWVTG5,PRV-CYX8UDJJ75,PRV-CYX8UDJJ75,2024-07-08,2024-07-08,SYNTH,EM-EST-4,[],1.0,,,['SYN-DX-01'],11,201.93,165.58,149.02
LN-NHE6H5F7DB,CLM-Q6STYUF5AG,PRV-F2HS2XPZAV,PRV-F2HS2XPZAV,2024-07-18,2024-07-18,NDC-SYN,NDC-OPIOID-01,[],1.0,,,['SYN-DX-01'],11,195.26,160.11,144.1
LN-6EPDBZPK7J,CLM-Z7F3FRW7VM,PRV-HP4BWL7QC4,PRV-HP4BWL7QC4,2024-03-31,2024-03-31,SYNTH,FAC-DAY,[],1.0,,,['SYN-DX-01'],21,170.05,139.44,125.5
LN-K8H67P8HZZ,CLM-5TLJMAX8BL,PRV-96KL4VD67A,PRV-96KL4VD67A,2024-06-06,2024-06-06,SYNTH,LAB-PNL-01,[],1.0,,,['SYN-DX-01'],11,185.18,151.85,136.66
LN-3ZZSPEJMAH,CLM-WWD7GC4Z6Y,PRV-HC5CWNTSHD,PRV-HC5CWNTSHD,2024-06-30,2024-06-30,SYNTH,EM-EST-5,[],1.0,,,['SYN-DX-01'],11,180.86,148.31,133.48
LN-F46DLD527G,CLM-ZJMRW8QAUC,PRV-LJD3M755ZS,PRV-LJD3M755ZS,2024-01-14,2024-01-14,HCPCS2,A0425,[],24.0,,24.0,['SYN-DX-01'],41,209.67,171.93,154.74
LN-38FV7BG3EE,CLM-8ZV4SGDTS3,PRV-QJ8CAJLGGT,PRV-QJ8CAJLGGT,2024-01-19,2024-01-19,SYNTH,FAC-DAY,[],1.0,,,['SYN-DX-01'],21,169.25,138.78,124.9
LN-F83GQK5XE7,CLM-D2U6Z8SC46,PRV-AEV55VW98C,PRV-AEV55VW98C,2024-01-05,2024-01-05,HCPCS2,A0425,[],23.0,,23.0,['SYN-DX-01'],41,197.02,161.56,145.4
LN-5HXSUFF6JR,CLM-HHKN8LACNR,PRV-KGZA99WKKT,PRV-KGZA99WKKT,2024-05-14,2024-05-14,HCPCS2,A0427,[],1.0,,,['SYN-DX-01'],41,9.27,7.6,6.84
LN-EPUS92ZD5V,CLM-THMNV5ZKT8,PRV-KB3DDTGVSY,PRV-KB3DDTGVSY,2024-05-30,2024-05-30,SYNTH,DME-CATH,[],1.0,,,['SYN-DX-01'],12,204.44,167.64,150.88
LN-4SC6AVXMMX,CLM-M8W8CRSLF9,PRV-52P4GQD2DS,PRV-52P4GQD2DS,2024-01-07,2024-01-07,SYNTH,EM-EST-3,[],1.0,,,['SYN-DX-01'],11,188.29,154.4,138.96
LN-3DYYVSQYZS,CLM-8YRBE3ZX3Z,PRV-GG7BBL7G9L,PRV-GG7BBL7G9L,2024-03-25,2024-03-25,SYNTH,LAB-PNL-01,[],1.0,,,['SYN-DX-01'],11,169.0,138.58,124.72
LN-29TB9K57NU,CLM-HME5LFE2XT,PRV-LJD3M755ZS,PRV-LJD3M755ZS,2024-08-22,2024-08-22,HCPCS2,A0425,[],11.0,,11.0,['SYN-DX-01'],41,114.2,93.64,84.28
LN-KB3TF2W7ZN,CLM-86XXT97RVJ,PRV-KGZA99WKKT,PRV-KGZA99WKKT,2024-02-04,2024-02-04,HCPCS2,A0425,[],15.0,,15.0,['SYN-DX-01'],41,123.47,101.25,91.12
LN-7LRYCF2BLS,CLM-MZ2TG24XD2,PRV-9HWCXGYGRP,PRV-9HWCXGYGRP,2024-03-15,2024-03-15,SYNTH,PSY-30,[],1.0,30.0,,['SYN-DX-01'],11,172.38,141.35,127.22
LN-AUQUSVXNFF,CLM-Q5N3QWKJWF,PRV-5AE63K9XH5,PRV-5AE63K9XH5,2024-03-21,2024-03-21,SYNTH,HH-VISIT,[],1.0,45.0,,['SYN-DX-01'],12,190.41,156.14,140.53
LN-V352WELA5M,CLM-SSTZCQGXFR,PRV-EGMCSQWZE2,PRV-EGMCSQWZE2,2024-01-06,2024-01-06,SYNTH,PSY-60,[],1.0,60.0,,['SYN-DX-01'],11,191.2,156.78,141.1
LN-LYY9RUCW3E,CLM-JWLVBP2MUP,PRV-CYX8UDJJ75,PRV-CYX8UDJJ75,2024-04-12,2024-04-12,SYNTH,EM-EST-3,[],1.0,,,['SYN-DX-01'],11,182.16,149.37,134.43
LN-Y6FDUJRYPP,CLM-2WAKCZDKFN,PRV-2RBJKMU8EL,PRV-2RBJKMU8EL,2024-03-02,2024-03-02,HCPCS2,A0427,[],1.0,,,['SYN-DX-01'],41,8.0,6.56,5.9
LN-ZFEFTFHPHP,CLM-KJGCP87FRQ,PRV-5AE63K9XH5,PRV-5AE63K9XH5,2024-02-07,2024-02-07,SYNTH,HH-VISIT,[],1.0,45.0,,['SYN-DX-01'],12,178.02,145.98,131.38
LN-UNSY28P6X7,CLM-E9BMJAR5NA,PRV-F63QP3FKES,PRV-F63QP3FKES,2024-08-21,2024-08-21,SYNTH,PSY-45,[],1.0,45.0,,['SYN-DX-01'],11,190.11,155.89,140.3
LN-KC3SG6AAK4,CLM-HWN4UDXMRW,PRV-DVP5UVKXMG,PRV-DVP5UVKXMG,2024-08-09,2024-08-09,SYNTH,EM-EST-4,[],1.0,,,['SYN-DX-01'],11,171.2,140.38,126.34
LN-9CCW3MHDDZ,CLM-WXEW297H78,PRV-5AE63K9XH5,PRV-5AE63K9XH5,2024-03-26,2024-03-26,SYNTH,HH-VISIT,[],1.0,45.0,,['SYN-DX-01'],12,181.15,148.54,133.69
LN-UFR4G8PPR4,CLM-C5XQQB9ZV8,PRV-EWJD2QDPA6,PRV-EWJD2QDPA6,2024-02-09,2024-02-09,SYNTH,EM-EST-3,[],1.0,,,['SYN-DX-01'],11,196.47,161.11,145.0
LN-XKSGNYVQL3,CLM-LRMQAEC3FB,PRV-HP4BWL7QC4,PRV-HP4BWL7QC4,2024-06-18,2024-06-18,SYNTH,FAC-DAY,[],1.0,,,['SYN-DX-01'],21,167.12,137.04,123.34
LN-QU9CKEPWNX,CLM-Y7XKPZNDS9,PRV-KGZA99WKKT,PRV-KGZA99WKKT,2024-02-29,2024-02-29,HCPCS2,A0425,[],11.0,,11.0,['SYN-DX-01'],41,95.16,78.03,70.23
LN-W2PHYLUH9Q,CLM-3M2XQDPXCY,PRV-ZU6YL2HNHH,PRV-ZU6YL2HNHH,2024-07-19,2024-07-19,SYNTH,HH-VISIT,[],1.0,45.0,,['SYN-DX-01'],12,176.43,144.67,130.2
LN-BANTQSLKN8,CLM-3T8B3ZG5LH,PRV-R6UGAZC4XJ,PRV-R6UGAZC4XJ,2024-05-20,2024-05-20,SYNTH,HH-VISIT,[],1.0,45.0,,['SYN-DX-01'],12,165.19,135.46,121.91
LN-VVK8HLGBNF,CLM-2MXFPY9PH2,PRV-P8SZX5BYHL,PRV-P8SZX5BYHL,2024-07-12,2024-07-12,NDC-SYN,NDC-OPIOID-01,[],1.0,,,['SYN-DX-01'],11,178.22,146.14,131.53
LN-VA633GA87B,CLM-59NXK36CYK,PRV-AEV55VW98C,PRV-AEV55VW98C,2024-01-28,2024-01-28,HCPCS2,A0427,[],1.0,,,['SYN-DX-01'],41,8.17,6.7,6.03
LN-KA5RPPVZFP,CLM-Y55JHWEECD,PRV-GZWKQRABYX,PRV-GZWKQRABYX,2024-04-06,2024-04-06,SYNTH,FAC-DAY,[],1.0,,,['SYN-DX-01'],21,181.49,148.82,133.94
LN-JWYD5SR8SS,CLM-BKK56TDBDF,PRV-GQ36BNJZ2W,PRV-GQ36BNJZ2W,2024-02-06,2024-02-06,SYNTH,HH-VISIT,[],1.0,45.0,,['SYN-DX-01'],12,172.11,141.13,127.02
LN-XUFT3TRG2J,CLM-AR4DFHGLUP,PRV-GG7BBL7G9L,PRV-GG7BBL7G9L,2024-07-20,2024-07-20,SYNTH,LAB-PNL-01,[],1.0,,,['SYN-DX-01'],11,192.44,157.8,142.02
LN-7AZDCSW7NA,CLM-LHV9JDY6NG,PRV-EGMCSQWZE2,PRV-EGMCSQWZE2,2024-07-03,2024-07-03,SYNTH,PSY-45,[],1.0,45.0,,['SYN-DX-01'],11,164.34,134.76,121.28
LN-QTGUK2NZP4,CLM-RVLB3Y92QG,PRV-GQ36BNJZ2W,PRV-GQ36BNJZ2W,2024-04-16,2024-04-16,SYNTH,HH-VISIT,[],1.0,45.0,,['SYN-DX-01'],12,164.2,134.64,121.18
LN-QH2BV8NM3G,CLM-J7AGRYBH98,PRV-DVP5UVKXMG,PRV-DVP5UVKXMG,2024-02-28,2024-02-28,SYNTH,EM-EST-3,[],1.0,,,['SYN-DX-01'],11,170.93,140.16,126.14
LN-93CKANV4XQ,CLM-AY7LYNUVMP,PRV-NNZAMXRZ52,PRV-NNZAMXRZ52,2024-06-05,2024-06-05,NDC-SYN,NDC-OPIOID-01,[],1.0,,,['SYN-DX-01'],11,188.52,154.59,139.13
LN-YUNCYPARQB,CLM-FP9FRP4BTK,PRV-NNZAMXRZ52,PRV-NNZAMXRZ52,2024-01-25,2024-01-25,NDC-SYN,NDC-OPIOID-01,[],1.0,,,['SYN-DX-01'],11,150.2,123.16,110.84
LN-L7ED56K55G,CLM-ABUJ5BBBU3,PRV-DLK2K6289C,PRV-DLK2K6289C,2024-06-02,2024-06-02,SYNTH,LAB-GEN-01,[],1.0,,,['SYN-DX-01'],11,180.01,147.61,132.85
LN-526DSUDQL3,CLM-6RWUABSQ5U,PRV-ZU6YL2HNHH,PRV-ZU6YL2HNHH,2024-01-01,2024-01-01,SYNTH,HH-VISIT,[],1.0,45.0,,['SYN-DX-01'],12,201.89,165.55,149.0
LN-YLHWWZ3YFF,CLM-JQCWL4QBNQ,PRV-52P4GQD2DS,PRV-52P4GQD2DS,2024-03-10,2024-03-10,SYNTH,EM-EST-2,[],1.0,,,['SYN-DX-01'],11,150.98,123.8,111.42
LN-X7VZRQ3PQ4,CLM-V3H5XYC266,PRV-YHCS7YKNYQ,PRV-YHCS7YKNYQ,2024-01-05,2024-01-05,SYNTH,PSY-60,[],1.0,60.0,,['SYN-DX-01'],11,176.59,144.8,130.32
LN-KGHE5VAY4F,CLM-WNCQBBFVWR,PRV-DLK2K6289C,PRV-DLK2K6289C,2024-07-11,2024-07-11,SYNTH,LAB-PNL-01,[],1.0,,,['SYN-DX-01'],11,190.98,156.6,140.94
LN-9QVFJTXCUA,CLM-JPWTXPFZWC,PRV-TTYMZNZQCD,PRV-TTYMZNZQCD,2024-02-04,2024-02-04,SYNTH,LAB-GEN-01,[],1.0,,,['SYN-DX-01'],11,154.67,126.83,114.15
LN-FJKDE3MKDG,CLM-EV9D9H27VS,PRV-EWJD2QDPA6,PRV-EWJD2QDPA6,2024-02-28,2024-02-28,SYNTH,EM-EST-1,[],1.0,,,['SYN-DX-01'],11,189.02,155.0,139.5
LN-PS7PWL4APY,CLM-W278V348AW,PRV-EWJD2QDPA6,PRV-EWJD2QDPA6,2024-01-29,2024-01-29,SYNTH,EM-EST-3,[],1.0,,,['SYN-DX-01'],11,193.74,158.87,142.98
LN-VUKTQZSF33,CLM-TD6GH6UGVP,PRV-ZU6YL2HNHH,PRV-ZU6YL2HNHH,2024-05-01,2024-05-01,SYNTH,HH-VISIT,[],1.0,45.0,,['SYN-DX-01'],12,174.09,142.75,128.47
LN-R9WP5PESK9,CLM-6T93TPANRT,PRV-5AE63K9XH5,PRV-5AE63K9XH5,2024-04-02,2024-04-02,SYNTH,HH-VISIT,[],1.0,45.0,,['SYN-DX-01'],12,185.74,152.31,137.08
LN-JJNKKKPEKE,CLM-MEV5JUNUCR,PRV-2RBJKMU8EL,PRV-2RBJKMU8EL,2024-08-01,2024-08-01,HCPCS2,A0425,[],13.0,,13.0,['SYN-DX-01'],41,112.97,92.64,83.38
LN-AXCDWKWRDM,CLM-3NC8H3A8RZ,PRV-4TYA4STMB7,PRV-4TYA4STMB7,2024-02-02,2024-02-02,SYNTH,DME-CATH,[],1.0,,,['SYN-DX-01'],12,178.22,146.14,131.53
LN-5BUARJL9JC,CLM-D9RJPQ32PZ,PRV-ZU6YL2HNHH,PRV-ZU6YL2HNHH,2024-05-25,2024-05-25,SYNTH,HH-VISIT,[],1.0,45.0,,['SYN-DX-01'],12,175.25,143.7,129.33
LN-FRJ6L6ATYL,CLM-5LNHBTPBZW,PRV-EWJD2QDPA6,PRV-EWJD2QDPA6,2024-03-16,2024-03-16,SYNTH,EM-EST-2,[],1.0,,,['SYN-DX-01'],11,198.21,162.53,146.28
LN-4FG8E5XVNZ,CLM-NSHFGFRTTC,PRV-F63QP3FKES,PRV-F63QP3FKES,2024-03-06,2024-03-06,SYNTH,ABA-60,[],1.0,60.0,,['SYN-DX-01'],11,183.78,150.7,135.63
LN-KRNE4NGMRY,CLM-EDZ9KC59HT,PRV-HC5CWNTSHD,PRV-HC5CWNTSHD,2024-08-25,2024-08-25,SYNTH,EM-EST-5,[],1.0,,,['SYN-DX-01'],11,194.64,159.6,143.64
LN-3KHWVZGJHH,CLM-PH25WZTDEY,PRV-FYQT8W8H8G,PRV-FYQT8W8H8G,2024-04-26,2024-04-26,SYNTH,DME-CATH,[],1.0,,,['SYN-DX-01'],12,191.24,156.82,141.14
LN-NRHLUFFYS3,CLM-LVCKH7BUHB,PRV-4TYA4STMB7,PRV-4TYA4STMB7,2024-07-21,2024-07-21,SYNTH,DME-CATH,[],1.0,,,['SYN-DX-01'],12,176.9,145.06,130.55
LN-JJHACJJ8R4,CLM-UUP8ZAYRC9,PRV-LVGM3QWE3V,PRV-LVGM3QWE3V,2024-02-15,2024-02-15,SYNTH,DME-CATH,[],1.0,,,['SYN-DX-01'],12,182.3,149.49,134.54
LN-SN942PW4RA,CLM-6XENNWZCU7,PRV-GQ36BNJZ2W,PRV-GQ36BNJZ2W,2024-05-23,2024-05-23,SYNTH,HH-VISIT,[],1.0,45.0,,['SYN-DX-01'],12,183.53,150.49,135.44
LN-QCE528GFTF,CLM-NNRHKXMZ9C,PRV-EWJD2QDPA6,PRV-EWJD2QDPA6,2024-07-23,2024-07-23,SYNTH,EM-EST-3,[],1.0,,,['SYN-DX-01'],11,168.74,138.37,124.53
LN-27WJ4432AH,CLM-D7ZQZG3LP3,PRV-F63QP3FKES,PRV-F63QP3FKES,2024-02-21,2024-02-21,SYNTH,PSY-30,[],1.0,30.0,,['SYN-DX-01'],11,176.68,144.88,130.39
LN-7FZV3H87A5,CLM-ETS8EGPTHS,PRV-CYX8UDJJ75,PRV-CYX8UDJJ75,2024-01-29,2024-01-29,SYNTH,EM-EST-3,[],1.0,,,['SYN-DX-01'],11,193.8,158.92,143.03
LN-NUQW3QPU33,CLM-UUEYZMRG95,PRV-52P4GQD2DS,PRV-52P4GQD2DS,2024-05-06,2024-05-06,SYNTH,EM-EST-2,[],1.0,,,['SYN-DX-01'],11,179.36,147.08,132.37
LN-W7E3VJDX38,CLM-LD2N4CTTHR,PRV-DVP5UVKXMG,PRV-DVP5UVKXMG,2024-06-07,2024-06-07,SYNTH,EM-EST-2,[],1.0,,,['SYN-DX-01'],11,176.05,144.36,129.92
LN-GXGZ88PBTC,CLM-A9RJK7CATY,PRV-52P4GQD2DS,PRV-52P4GQD2DS,2024-04-28,2024-04-28,SYNTH,EM-EST-5,[],1.0,,,['SYN-DX-01'],11,177.5,145.55,131.0
LN-LC5V7556YH,CLM-2RSPLDK2TB,PRV-H9LG5VAJ3J,PRV-H9LG5VAJ3J,2024-08-10,2024-08-10,SYNTH,FAC-DAY,[],1.0,,,['SYN-DX-01'],21,189.4,155.31,139.78
LN-ZVFWRYCRZE,CLM-7RRHMTQTFY,PRV-AEV55VW98C,PRV-AEV55VW98C,2024-05-07,2024-05-07,HCPCS2,A0427,[],1.0,,,['SYN-DX-01'],41,8.59,7.04,6.34
LN-AY4X89BP6C,CLM-PGRDYVP96N,PRV-TTYMZNZQCD,PRV-TTYMZNZQCD,2024-06-03,2024-06-03,SYNTH,LAB-PNL-01,[],1.0,,,['SYN-DX-01'],11,174.68,143.24,128.92
LN-29X2BXARBA,CLM-U64PCJY7BV,PRV-HC5CWNTSHD,PRV-HC5CWNTSHD,2024-05-24,2024-05-24,SYNTH,EM-EST-4,[],1.0,,,['SYN-DX-01'],11,161.29,132.26,119.03
LN-X2ZTJEN2LN,CLM-ZNFCM4LWKR,PRV-9HWCXGYGRP,PRV-9HWCXGYGRP,2024-08-24,2024-08-24,SYNTH,PSY-45,[],1.0,45.0,,['SYN-DX-01'],11,185.54,152.14,136.93
LN-8NJFMPAL7F,CLM-8W8V3MMYZX,PRV-F63QP3FKES,PRV-F63QP3FKES,2024-08-18,2024-08-18,SYNTH,ABA-60,[],1.0,60.0,,['SYN-DX-01'],11,200.64,164.52,148.07
LN-YVBRMA4QFV,CLM-QT8DKNUKZC,PRV-QJ8CAJLGGT,PRV-QJ8CAJLGGT,2024-03-24,2024-03-24,SYNTH,FAC-DAY,[],1.0,,,['SYN-DX-01'],21,175.51,143.92,129.53
LN-KJ9Y4EPGBB,CLM-QAEBR3VS5V,PRV-KB3DDTGVSY,PRV-KB3DDTGVSY,2024-07-05,2024-07-05,SYNTH,DME-CATH,[],1.0,,,['SYN-DX-01'],12,191.8,157.28,141.55
LN-ZRFZN2FA67,CLM-HJ7GJRBC4F,PRV-LEVZRZGE33,PRV-LEVZRZGE33,2024-04-11,2024-04-11,SYNTH,FAC-DAY,[],1.0,,,['SYN-DX-01'],21,189.17,155.12,139.61
LN-YQS4YWAKKA,CLM-D7BUQZ76SZ,PRV-KGZA99WKKT,PRV-KGZA99WKKT,2024-07-10,2024-07-10,HCPCS2,A0427,[],1.0,,,['SYN-DX-01'],41,9.11,7.47,6.72
LN-HR4LSBE8SF,CLM-5MTD8B7QAR,PRV-ZU6YL2HNHH,PRV-ZU6YL2HNHH,2024-02-16,2024-02-16,SYNTH,HH-VISIT,[],1.0,45.0,,['SYN-DX-01'],12,182.09,149.31,134.38
LN-N48GQYQF9F,CLM-7NVLH6GW49,PRV-CYX8UDJJ75,PRV-CYX8UDJJ75,2024-05-05,2024-05-05,SYNTH,EM-EST-3,[],1.0,,,['SYN-DX-01'],11,186.71,153.1,137.79
LN-E935M8G4SP,CLM-YUYNTX45GL,PRV-FYQT8W8H8G,PRV-FYQT8W8H8G,2024-03-11,2024-03-11,SYNTH,DME-CATH,[],1.0,,,['SYN-DX-01'],12,176.98,145.12,130.61
LN-AHXZEE6N3M,CLM-Y7UUVXAUUK,PRV-GQ36BNJZ2W,PRV-GQ36BNJZ2W,2024-06-21,2024-06-21,SYNTH,HH-VISIT,[],1.0,45.0,,['SYN-DX-01'],12,182.22,149.42,134.48
LN-7EJ3UG93C3,CLM-BVJJXYHDKY,PRV-CYX8UDJJ75,PRV-CYX8UDJJ75,2024-04-14,2024-04-14,SYNTH,EM-EST-4,[],1.0,,,['SYN-DX-01'],11,177.49,145.54,130.99
LN-PCL662Y5W9,CLM-KBDDW6FFZY,PRV-EGMCSQWZE2,PRV-EGMCSQWZE2,2024-07-18,2024-07-18,SYNTH,ABA-60,[],1.0,60.0,,['SYN-DX-01'],11,178.46,146.34,131.71
LN-2LWBP9GTXD,CLM-SZLUVH5XUX,PRV-KB3DDTGVSY,PRV-KB3DDTGVSY,2024-07-30,2024-07-30,SYNTH,DME-CATH,[],1.0,,,['SYN-DX-01'],12,177.17,145.28,130.75
LN-NPX2PX9M36,CLM-CPYB9YZFJT,PRV-H9LG5VAJ3J,PRV-H9LG5VAJ3J,2024-07-09,2024-07-09,SYNTH,FAC-DAY,[],1.0,,,['SYN-DX-01'],21,167.42,137.28,123.55
LN-VKJKNR8TP4,CLM-RGL6BBFGP4,PRV-GZWKQRABYX,PRV-GZWKQRABYX,2024-02-12,2024-02-12,SYNTH,FAC-DAY,[],1.0,,,['SYN-DX-01'],21,194.4,159.41,143.47
LN-ZFBM3CZDNM,CLM-LKNRGFXE5W,PRV-R6UGAZC4XJ,PRV-R6UGAZC4XJ,2024-05-07,2024-05-07,SYNTH,HH-VISIT,[],1.0,45.0,,['SYN-DX-01'],12,203.28,166.69,150.02
LN-E5Y9QBAK46,CLM-TTFYS762WC,PRV-CYX8UDJJ75,PRV-CYX8UDJJ75,2024-06-07,2024-06-07,SYNTH,EM-EST-3,[],1.0,,,['SYN-DX-01'],11,177.83,145.82,131.24
LN-93EJ4MMCAR,CLM-5UVEVMBU9K,PRV-LVGM3QWE3V,PRV-LVGM3QWE3V,2024-02-05,2024-02-05,SYNTH,DME-CATH,[],1.0,,,['SYN-DX-01'],12,188.67,154.71,139.24
LN-54P8LVF5QG,CLM-WP4TMP28ET,PRV-AEV55VW98C,PRV-AEV55VW98C,2024-02-29,2024-02-29,HCPCS2,A0425,[],15.0,,15.0,['SYN-DX-01'],41,127.62,104.65,94.19
LN-9Z6D4Y8PM6,CLM-HPA69TKLWS,PRV-4TYA4STMB7,PRV-4TYA4STMB7,2024-07-04,2024-07-04,SYNTH,DME-CATH,[],1.0,,,['SYN-DX-01'],12,172.74,141.65,127.49
LN-L62Y2D2JZF,CLM-BEM2F3R4GU,PRV-DVP5UVKXMG,PRV-DVP5UVKXMG,2024-05-08,2024-05-08,SYNTH,EM-EST-1,[],1.0,,,['SYN-DX-01'],11,173.39,142.18,127.96
LN-9A9TCFBH28,CLM-3Q55MMPHD8,PRV-LJD3M755ZS,PRV-LJD3M755ZS,2024-07-13,2024-07-13,HCPCS2,A0427,[],1.0,,,['SYN-DX-01'],41,8.61,7.06,6.35
LN-KBJ3G8GTVE,CLM-DPT8CF5DNL,PRV-FYQT8W8H8G,PRV-FYQT8W8H8G,2024-04-14,2024-04-14,SYNTH,DME-CATH,[],1.0,,,['SYN-DX-01'],12,189.48,155.37,139.83
LN-KTZK9J5QTQ,CLM-LPLMUJCPF9,PRV-R6UGAZC4XJ,PRV-R6UGAZC4XJ,2024-05-28,2024-05-28,SYNTH,HH-VISIT,[],1.0,45.0,,['SYN-DX-01'],12,168.73,138.36,124.52
LN-47ZS88E6XS,CLM-ZFS84BCHUY,PRV-EGMCSQWZE2,PRV-EGMCSQWZE2,2024-06-17,2024-06-17,SYNTH,ABA-60,[],1.0,60.0,,['SYN-DX-01'],11,183.01,150.07,135.06
LN-8QEMCBS5CT,CLM-HG3PZCTLS4,PRV-NNZAMXRZ52,PRV-NNZAMXRZ52,2024-07-16,2024-07-16,NDC-SYN,NDC-OPIOID-01,[],1.0,,,['SYN-DX-01'],11,178.63,146.48,131.83
LN-UTZDW5CQ3B,CLM-8LCF5MQFG4,PRV-4TYA4STMB7,PRV-4TYA4STMB7,2024-03-09,2024-03-09,SYNTH,DME-CATH,[],1.0,,,['SYN-DX-01'],12,180.73,148.2,133.38
LN-H8YE35EQGF,CLM-ZB9CSU6YT7,PRV-6LZYWNNT2J,PRV-6LZYWNNT2J,2024-04-09,2024-04-09,SYNTH,LAB-PNL-01,[],1.0,,,['SYN-DX-01'],11,188.22,154.34,138.91
LN-BMBVDLV2UR,CLM-RU4EF3862A,PRV-TTYMZNZQCD,PRV-TTYMZNZQCD,2024-05-19,2024-05-19,SYNTH,LAB-PNL-01,[],1.0,,,['SYN-DX-01'],11,175.97,144.3,129.87
LN-XAET2YNZWW,CLM-HJC4VNCYUR,PRV-R6UGAZC4XJ,PRV-R6UGAZC4XJ,2024-06-24,2024-06-24,SYNTH,HH-VISIT,[],1.0,45.0,,['SYN-DX-01'],12,191.19,156.78,141.1
LN-K5N58Z79F9,CLM-2FQW9A9PG2,PRV-TTYMZNZQCD,PRV-TTYMZNZQCD,2024-07-07,2024-07-07,SYNTH,LAB-GEN-01,[],1.0,,,['SYN-DX-01'],11,174.06,142.73,128.46
LN-UV2VKB9VUQ,CLM-Q5XELFCWLT,PRV-HC5CWNTSHD,PRV-HC5CWNTSHD,2024-02-15,2024-02-15,SYNTH,EM-EST-2,[],1.0,,,['SYN-DX-01'],11,191.5,157.03,141.33
LN-KCPVWFQW4C,CLM-F5A65YRZRG,PRV-EGMCSQWZE2,PRV-EGMCSQWZE2,2024-04-09,2024-04-09,SYNTH,PSY-30,[],1.0,30.0,,['SYN-DX-01'],11,206.8,169.58,152.62
LN-SQSTWR34KS,CLM-Z7AGSALT87,PRV-EWJD2QDPA6,PRV-EWJD2QDPA6,2024-03-14,2024-03-14,SYNTH,EM-EST-3,[],1.0,,,['SYN-DX-01'],11,196.59,161.2,145.08
LN-CA74ZWYKB6,CLM-R9P8CHZNKZ,PRV-HC5CWNTSHD,PRV-HC5CWNTSHD,2024-06-28,2024-06-28,SYNTH,EM-EST-3,[],1.0,,,['SYN-DX-01'],11,203.99,167.27,150.54
LN-98D5Q45MNK,CLM-8VFHXZRM5T,PRV-ZU6YL2HNHH,PRV-ZU6YL2HNHH,2024-02-04,2024-02-04,SYNTH,HH-VISIT,[],1.0,45.0,,['SYN-DX-01'],12,158.63,130.08,117.07
LN-BXLL7KQ7VY,CLM-N4E3RB6WSQ,PRV-HC5CWNTSHD,PRV-HC5CWNTSHD,2024-06-27,2024-06-27,SYNTH,EM-EST-3,[],1.0,,,['SYN-DX-01'],11,178.01,145.97,131.37
LN-LB8KUS5JCL,CLM-53DR3BX9W9,PRV-NNZAMXRZ52,PRV-NNZAMXRZ52,2024-08-01,2024-08-01,NDC-SYN,NDC-OPIOID-01,[],1.0,,,['SYN-DX-01'],11,188.3,154.41,138.97
LN-LM2JD8LD9G,CLM-XE4QHL8XYH,PRV-F2HS2XPZAV,PRV-F2HS2XPZAV,2024-02-18,2024-02-18,NDC-SYN,NDC-OPIOID-01,[],1.0,,,['SYN-DX-01'],11,180.13,147.71,132.94
LN-VKFKC8N9XA,CLM-E8VLFSHEM4,PRV-YHCS7YKNYQ,PRV-YHCS7YKNYQ,2024-01-20,2024-01-20,SYNTH,ABA-60,[],1.0,60.0,,['SYN-DX-01'],11,172.84,141.73,127.56
LN-U2AZ8RSXRG,CLM-2L2GX6SGGM,PRV-KB3DDTGVSY,PRV-KB3DDTGVSY,2024-03-16,2024-03-16,SYNTH,DME-CATH,[],1.0,,,['SYN-DX-01'],12,197.52,161.97,145.77
LN-SNDXYVMS9A,CLM-2FEPVNMTNW,PRV-QJ8CAJLGGT,PRV-QJ8CAJLGGT,2024-06-09,2024-06-09,SYNTH,FAC-DAY,[],1.0,,,['SYN-DX-01'],21,182.83,149.92,134.93
LN-SJ2V94GFUP,CLM-NM5SE69XHH,PRV-DVP5UVKXMG,PRV-DVP5UVKXMG,2024-04-01,2024-04-01,SYNTH,EM-EST-2,[],1.0,,,['SYN-DX-01'],11,178.74,146.57,131.91
LN-XEG4EQZTBA,CLM-HRBFAGSBLZ,PRV-R6UGAZC4XJ,PRV-R6UGAZC4XJ,2024-01-04,2024-01-04,SYNTH,HH-VISIT,[],1.0,45.0,,['SYN-DX-01'],12,170.35,139.69,125.72
LN-VQML7VXB6X,CLM-98GTYZT4PQ,PRV-4TYA4STMB7,PRV-4TYA4STMB7,2024-07-18,2024-07-18,SYNTH,DME-CATH,[],1.0,,,['SYN-DX-01'],12,153.17,125.6,113.04
LN-WDFA4R4UTN,CLM-XPNSWRJ7J9,PRV-2RBJKMU8EL,PRV-2RBJKMU8EL,2024-03-18,2024-03-18,HCPCS2,A0425,[],13.0,,13.0,['SYN-DX-01'],41,115.39,94.62,85.16
LN-NRL4JKU4DF,CLM-C9PU9MGGGX,PRV-4TYA4STMB7,PRV-4TYA4STMB7,2024-01-29,2024-01-29,SYNTH,DME-CATH,[],1.0,,,['SYN-DX-01'],12,196.46,161.1,144.99
LN-5U8FN74UA3,CLM-YH9CRDFL3K,PRV-FYQT8W8H8G,PRV-FYQT8W8H8G,2024-08-11,2024-08-11,SYNTH,DME-CATH,[],1.0,,,['SYN-DX-01'],12,179.52,147.21,132.49
LN-HRS2L9EZAL,CLM-6HQUKRNNU7,PRV-F2HS2XPZAV,PRV-F2HS2XPZAV,2024-03-20,2024-03-20,NDC-SYN,NDC-OPIOID-01,[],1.0,,,['SYN-DX-01'],11,174.34,142.96,128.66
LN-J4PPTGEP7R,CLM-KMCK6LNM9D,PRV-HP4BWL7QC4,PRV-HP4BWL7QC4,2024-02-02,2024-02-02,SYNTH,FAC-DAY,[],1.0,,,['SYN-DX-01'],21,195.15,160.02,144.02
LN-CDWXK6CVJG,CLM-YBLVXJJYLN,PRV-DVP5UVKXMG,PRV-DVP5UVKXMG,2024-03-28,2024-03-28,SYNTH,EM-EST-3,[],1.0,,,['SYN-DX-01'],11,173.4,142.19,127.97
LN-UVJEGMRGS2,CLM-Z6GF4RV398,PRV-R6UGAZC4XJ,PRV-R6UGAZC4XJ,2024-01-11,2024-01-11,SYNTH,HH-VISIT,[],1.0,45.0,,['SYN-DX-01'],12,175.78,144.14,129.73
LN-ES4H4XJEVE,CLM-6S7ZZK9KJC,PRV-HC5CWNTSHD,PRV-HC5CWNTSHD,2024-08-09,2024-08-09,SYNTH,EM-EST-2,[],1.0,,,['SYN-DX-01'],11,195.28,160.13,144.12
LN-S8WV9RVJRJ,CLM-CYSSGSSX9A,PRV-GQ36BNJZ2W,PRV-GQ36BNJZ2W,2024-08-15,2024-08-15,SYNTH,HH-VISIT,[],1.0,45.0,,['SYN-DX-01'],12,159.93,131.14,118.03
LN-N5HQX8D65L,CLM-NUKAAVYJ6G,PRV-9HWCXGYGRP,PRV-9HWCXGYGRP,2024-01-21,2024-01-21,SYNTH,PSY-60,[],1.0,60.0,,['SYN-DX-01'],11,188.32,154.42,138.98
LN-B5MM73X7MD,CLM-VW3DP9P9PL,PRV-TTYMZNZQCD,PRV-TTYMZNZQCD,2024-05-15,2024-05-15,SYNTH,LAB-GEN-01,[],1.0,,,['SYN-DX-01'],11,183.45,150.43,135.39
LN-6EXGNBGHJ9,CLM-ESUUEBQ92X,PRV-QJ8CAJLGGT,PRV-QJ8CAJLGGT,2024-04-07,2024-04-07,SYNTH,FAC-DAY,[],1.0,,,['SYN-DX-01'],21,171.38,140.53,126.48
LN-4P9M7L5FDQ,CLM-D2UL7Q5FH2,PRV-YHCS7YKNYQ,PRV-YHCS7YKNYQ,2024-06-16,2024-06-16,SYNTH,PSY-45,[],1.0,45.0,,['SYN-DX-01'],11,183.82,150.73,135.66
LN-JX5RBQCYMU,CLM-MJYUJRP352,PRV-ZU6YL2HNHH,PRV-ZU6YL2HNHH,2024-04-09,2024-04-09,SYNTH,HH-VISIT,[],1.0,45.0,,['SYN-DX-01'],12,170.83,140.08,126.07
LN-ARM47QFTGD,CLM-XDZALH6AUG,PRV-DVP5UVKXMG,PRV-DVP5UVKXMG,2024-02-07,2024-02-07,SYNTH,EM-EST-3,[],1.0,,,['SYN-DX-01'],11,176.68,144.88,130.39
LN-F8VQ7GRS9B,CLM-7DGXX42285,PRV-KB3DDTGVSY,PRV-KB3DDTGVSY,2024-04-10,2024-04-10,SYNTH,DME-CATH,[],1.0,,,['SYN-DX-01'],12,188.71,154.74,139.27
LN-JGAUV76FAN,CLM-6BVY9AHB72,PRV-GG7BBL7G9L,PRV-GG7BBL7G9L,2024-06-24,2024-06-24,SYNTH,LAB-PNL-01,[],1.0,,,['SYN-DX-01'],11,162.68,133.4,120.06
LN-9SPM8JUCB6,CLM-D4FSWWBYGM,PRV-EGMCSQWZE2,PRV-EGMCSQWZE2,2024-02-17,2024-02-17,SYNTH,PSY-30,[],1.0,30.0,,['SYN-DX-01'],11,197.5,161.95,145.75
LN-9DJSKABBM6,CLM-RYQRC9EEPZ,PRV-HC5CWNTSHD,PRV-HC5CWNTSHD,2024-05-12,2024-05-12,SYNTH,EM-EST-4,[],1.0,,,['SYN-DX-01'],11,172.09,141.11,127.0
LN-ZQKZWLEZLY,CLM-RZ4ZVZ28EP,PRV-52P4GQD2DS,PRV-52P4GQD2DS,2024-07-21,2024-07-21,SYNTH,EM-EST-1,[],1.0,,,['SYN-DX-01'],11,170.7,139.97,125.97
LN-6WJVX7WWWB,CLM-N6E43PLWHU,PRV-HP4BWL7QC4,PRV-HP4BWL7QC4,2024-07-27,2024-07-27,SYNTH,FAC-DAY,[],1.0,,,['SYN-DX-01'],21,180.19,147.76,132.98
LN-BD5R8PK9P3,CLM-8UGTLYPAP3,PRV-EWJD2QDPA6,PRV-EWJD2QDPA6,2024-05-21,2024-05-21,SYNTH,EM-EST-4,[],1.0,,,['SYN-DX-01'],11,184.01,150.89,135.8
LN-ZS43VSD2FY,CLM-UZSJJ6S55F,PRV-GQ36BNJZ2W,PRV-GQ36BNJZ2W,2024-07-24,2024-07-24,SYNTH,HH-VISIT,[],1.0,45.0,,['SYN-DX-01'],12,178.37,146.26,131.63
LN-N9X4VHYK7R,CLM-FZHY3A8P8U,PRV-6LZYWNNT2J,PRV-6LZYWNNT2J,2024-03-26,2024-03-26,SYNTH,LAB-GEN-01,[],1.0,,,['SYN-DX-01'],11,192.22,157.62,141.86
LN-62ZCCC8AG6,CLM-DCUAX54BRX,PRV-AEV55VW98C,PRV-AEV55VW98C,2024-04-04,2024-04-04,HCPCS2,A0425,[],25.0,,25.0,['SYN-DX-01'],41,237.25,194.54,175.09
LN-QGTJ9QWA5C,CLM-SU82XQHRJB,PRV-2RBJKMU8EL,PRV-2RBJKMU8EL,2024-03-08,2024-03-08,HCPCS2,A0427,[],1.0,,,['SYN-DX-01'],41,9.73,7.98,7.18
LN-QXDPLRED32,CLM-2HTUSFBUA5,PRV-TTYMZNZQCD,PRV-TTYMZNZQCD,2024-04-29,2024-04-29,SYNTH,LAB-PNL-01,[],1.0,,,['SYN-DX-01'],11,178.0,145.96,131.36
LN-ABDRETB7Y7,CLM-FX5ZRDY8QA,PRV-EGMCSQWZE2,PRV-EGMCSQWZE2,2024-03-06,2024-03-06,SYNTH,ABA-60,[],1.0,60.0,,['SYN-DX-01'],11,186.26,152.73,137.46
LN-KNKCW2P5SQ,CLM-VDWQA26R92,PRV-EWJD2QDPA6,PRV-EWJD2QDPA6,2024-03-24,2024-03-24,SYNTH,EM-EST-3,[],1.0,,,['SYN-DX-01'],11,205.78,168.74,151.87
LN-MPWC6XK5QL,CLM-RKXCC36GCH,PRV-QJ8CAJLGGT,PRV-QJ8CAJLGGT,2024-01-14,2024-01-14,SYNTH,FAC-DAY,[],1.0,,,['SYN-DX-01'],21,174.01,142.69,128.42
LN-8JWD28T7JQ,CLM-XATWXWMK5P,PRV-52P4GQD2DS,PRV-52P4GQD2DS,2024-07-10,2024-07-10,SYNTH,EM-EST-4,[],1.0,,,['SYN-DX-01'],11,177.76,145.76,131.18
LN-Y3Y69FM6YJ,CLM-TGT5W64MDZ,PRV-LJD3M755ZS,PRV-LJD3M755ZS,2024-07-25,2024-07-25,HCPCS2,A0427,[],1.0,,,['SYN-DX-01'],41,9.04,7.41,6.67
LN-S6HW3C8CUZ,CLM-5F58TZJ552,PRV-GQ36BNJZ2W,PRV-GQ36BNJZ2W,2024-02-22,2024-02-22,SYNTH,HH-VISIT,[],1.0,45.0,,['SYN-DX-01'],12,175.49,143.9,129.51
LN-2AJH8HAN27,CLM-LCC546K8NJ,PRV-E2KQR2ZK3Q,PRV-E2KQR2ZK3Q,2024-07-23,2024-07-23,NDC-SYN,NDC-OPIOID-01,[],1.0,,,['SYN-DX-01'],11,147.4,120.87,108.78
LN-49TUS2TFD9,CLM-YZK239UVF8,PRV-HC5CWNTSHD,PRV-HC5CWNTSHD,2024-03-09,2024-03-09,SYNTH,EM-EST-3,[],1.0,,,['SYN-DX-01'],11,180.25,147.8,133.02
LN-LP3F6EMBLD,CLM-2R4HNPQ96M,PRV-GQ36BNJZ2W,PRV-GQ36BNJZ2W,2024-03-07,2024-03-07,SYNTH,HH-VISIT,[],1.0,45.0,,['SYN-DX-01'],12,175.23,143.69,129.32
LN-P2C3LMLMG4,CLM-2WVK3KY7C9,PRV-5AE63K9XH5,PRV-5AE63K9XH5,2024-08-26,2024-08-26,SYNTH,HH-VISIT,[],1.0,45.0,,['SYN-DX-01'],12,185.8,152.36,137.12
LN-D9GX9NWCPJ,CLM-NG3BHNAAE7,PRV-LEVZRZGE33,PRV-LEVZRZGE33,2024-06-23,2024-06-23,SYNTH,FAC-DAY,[],1.0,,,['SYN-DX-01'],21,185.6,152.19,136.97
LN-KX4VMFXU9N,CLM-8WU3SXP9A3,PRV-R6UGAZC4XJ,PRV-R6UGAZC4XJ,2024-08-18,2024-08-18,SYNTH,HH-VISIT,[],1.0,45.0,,['SYN-DX-01'],12,185.96,152.49,137.24
LN-N2JPJFUPCB,CLM-MYTW7U8KY9,PRV-HC5CWNTSHD,PRV-HC5CWNTSHD,2024-07-09,2024-07-09,SYNTH,EM-EST-2,[],1.0,,,['SYN-DX-01'],11,158.27,129.78,116.8
LN-79S962AZ2Z,CLM-CUCZ6RCZ8Y,PRV-DLK2K6289C,PRV-DLK2K6289C,2024-02-04,2024-02-04,SYNTH,LAB-GEN-01,[],1.0,,,['SYN-DX-01'],11,168.5,138.17,124.35
LN-3X49PWN5TX,CLM-7YFTNFZK5B,PRV-YHCS7YKNYQ,PRV-YHCS7YKNYQ,2024-02-13,2024-02-13,SYNTH,PSY-30,[],1.0,30.0,,['SYN-DX-01'],11,183.15,150.18,135.16
LN-A8K8RJUDLB,CLM-CJMSTU97GH,PRV-QJ8CAJLGGT,PRV-QJ8CAJLGGT,2024-02-04,2024-02-04,SYNTH,FAC-DAY,[],1.0,,,['SYN-DX-01'],21,163.26,133.87,120.48
LN-GBB4FXCQ5G,CLM-BXN8344T8C,PRV-GG7BBL7G9L,PRV-GG7BBL7G9L,2024-03-25,2024-03-25,SYNTH,LAB-PNL-01,[],1.0,,,['SYN-DX-01'],11,169.01,138.59,124.73
LN-7X5R9U5KYZ,CLM-VN95WX3USX,PRV-HC5CWNTSHD,PRV-HC5CWNTSHD,2024-03-06,2024-03-06,SYNTH,EM-EST-4,[],1.0,,,['SYN-DX-01'],11,188.58,154.64,139.18
LN-YTPXGUAL5U,CLM-PYJN96AMDN,PRV-52P4GQD2DS,PRV-52P4GQD2DS,2024-03-31,2024-03-31,SYNTH,EM-EST-3,[],1.0,,,['SYN-DX-01'],11,174.65,143.21,128.89
LN-PAF97827UJ,CLM-8PV7CATXFD,PRV-CYX8UDJJ75,PRV-CYX8UDJJ75,2024-05-31,2024-05-31,SYNTH,EM-EST-2,[],1.0,,,['SYN-DX-01'],11,202.96,166.43,149.79
LN-8KGWL4QJEC,CLM-FFW949RCGS,PRV-CYX8UDJJ75,PRV-CYX8UDJJ75,2024-03-19,2024-03-19,SYNTH,EM-EST-3,[],1.0,,,['SYN-DX-01'],11,190.09,155.87,140.28
LN-U5B7UYUGHY,CLM-D2JD2T46TP,PRV-HP4BWL7QC4,PRV-HP4BWL7QC4,2024-05-23,2024-05-23,SYNTH,FAC-DAY,[],1.0,,,['SYN-DX-01'],21,179.71,147.36,132.62
LN-UK33CSSX2S,CLM-Q92NSAB9LH,PRV-F2HS2XPZAV,PRV-F2HS2XPZAV,2024-08-19,2024-08-19,NDC-SYN,NDC-OPIOID-01,[],1.0,,,['SYN-DX-01'],11,167.16,137.07,123.36
LN-QAZXX4Q8KF,CLM-5774CT798L,PRV-LEVZRZGE33,PRV-LEVZRZGE33,2024-05-01,2024-05-01,SYNTH,FAC-DAY,[],1.0,,,['SYN-DX-01'],21,186.29,152.76,137.48
LN-LAUGR7MNKZ,CLM-37V5DFHC4W,PRV-9HWCXGYGRP,PRV-9HWCXGYGRP,2024-05-18,2024-05-18,SYNTH,PSY-60,[],1.0,60.0,,['SYN-DX-01'],11,179.36,147.08,132.37
LN-M3M6RECAWJ,CLM-CRBRSRG9VF,PRV-DVP5UVKXMG,PRV-DVP5UVKXMG,2024-03-15,2024-03-15,SYNTH,EM-EST-1,[],1.0,,,['SYN-DX-01'],11,184.78,151.52,136.37
LN-DK4X5BHDGZ,CLM-CTEKTC7354,PRV-EWJD2QDPA6,PRV-EWJD2QDPA6,2024-03-04,2024-03-04,SYNTH,EM-EST-4,[],1.0,,,['SYN-DX-01'],11,185.72,152.29,137.06
LN-7YF2JFPN2V,CLM-QQNHYYJU4M,PRV-6LZYWNNT2J,PRV-6LZYWNNT2J,2024-08-10,2024-08-10,SYNTH,LAB-PNL-01,[],1.0,,,['SYN-DX-01'],11,160.48,131.59,118.43
LN-FG7PZLT4SL,CLM-2GRNQXSSY3,PRV-CYX8UDJJ75,PRV-CYX8UDJJ75,2024-04-09,2024-04-09,SYNTH,EM-EST-4,[],1.0,,,['SYN-DX-01'],11,188.7,154.73,139.26
LN-V2V3UVJD3X,CLM-DY5G6MMQMW,PRV-9HWCXGYGRP,PRV-9HWCXGYGRP,2024-02-08,2024-02-08,SYNTH,PSY-45,[],1.0,45.0,,['SYN-DX-01'],11,197.95,162.32,146.09
LN-MDNSCN8K6X,CLM-YPHM8LQKS6,PRV-EWJD2QDPA6,PRV-EWJD2QDPA6,2024-05-25,2024-05-25,SYNTH,EM-EST-5,[],1.0,,,['SYN-DX-01'],11,216.53,177.55,159.8
LN-8TPMRC3NBD,CLM-R2VS6S9WFZ,PRV-LJD3M755ZS,PRV-LJD3M755ZS,2024-03-19,2024-03-19,HCPCS2,A0425,[],34.0,,34.0,['SYN-DX-01'],41,295.38,242.21,217.99
LN-JNDQ2NTFWH,CLM-CT26E8XJR2,PRV-96KL4VD67A,PRV-96KL4VD67A,2024-08-09,2024-08-09,SYNTH,LAB-PNL-01,[],1.0,,,['SYN-DX-01'],11,195.75,160.51,144.46
LN-LXFX2NE4CH,CLM-G2XTVVFEYF,PRV-CYX8UDJJ75,PRV-CYX8UDJJ75,2024-06-24,2024-06-24,SYNTH,EM-EST-2,[],1.0,,,['SYN-DX-01'],11,178.26,146.17,131.55
LN-H35KSTGD92,CLM-W2D26896HM,PRV-GG7BBL7G9L,PRV-GG7BBL7G9L,2024-05-18,2024-05-18,SYNTH,LAB-GEN-01,[],1.0,,,['SYN-DX-01'],11,166.94,136.89,123.2
LN-BYVCBFLH28,CLM-UJNK5QHPQD,PRV-EGMCSQWZE2,PRV-EGMCSQWZE2,2024-03-26,2024-03-26,SYNTH,PSY-60,[],1.0,60.0,,['SYN-DX-01'],11,193.85,158.96,143.06
LN-2SE8MJLGHK,CLM-7WE93NZ2WE,PRV-CYX8UDJJ75,PRV-CYX8UDJJ75,2024-03-01,2024-03-01,SYNTH,EM-EST-3,[],1.0,,,['SYN-DX-01'],11,174.53,143.11,128.8
LN-QM5YW5DU3M,CLM-MZRRSS7FM6,PRV-Z84M5CG5BX,PRV-Z84M5CG5BX,2024-06-10,2024-06-10,NDC-SYN,NDC-OPIOID-01,[],1.0,,,['SYN-DX-01'],11,147.53,120.97,108.87
LN-MTDA5BCKG4,CLM-GU6KRSDL3Q,PRV-HP4BWL7QC4,PRV-HP4BWL7QC4,2024-06-17,2024-06-17,SYNTH,FAC-DAY,[],1.0,,,['SYN-DX-01'],21,175.93,144.26,129.83
LN-C79TPJYUZY,CLM-3R5WEDYYQG,PRV-EWJD2QDPA6,PRV-EWJD2QDPA6,2024-04-10,2024-04-10,SYNTH,EM-EST-2,[],1.0,,,['SYN-DX-01'],11,182.05,149.28,134.35
LN-KN9LY2L6A5,CLM-UMTLPMNNHQ,PRV-GQ36BNJZ2W,PRV-GQ36BNJZ2W,2024-03-28,2024-03-28,SYNTH,HH-VISIT,[],1.0,45.0,,['SYN-DX-01'],12,173.4,142.19,127.97
LN-5ZBH6P9JQU,CLM-S7AH4WXKDG,PRV-CYX8UDJJ75,PRV-CYX8UDJJ75,2024-07-29,2024-07-29,SYNTH,EM-EST-3,[],1.0,,,['SYN-DX-01'],11,191.19,156.78,141.1
LN-5JXSNFXCJP,CLM-S4QL73GLV4,PRV-5AE63K9XH5,PRV-5AE63K9XH5,2024-06-08,2024-06-08,SYNTH,HH-VISIT,[],1.0,45.0,,['SYN-DX-01'],12,160.8,131.86,118.67
LN-LGRNSCVX8T,CLM-MDB9PSPFHZ,PRV-GZWKQRABYX,PRV-GZWKQRABYX,2024-07-02,2024-07-02,SYNTH,FAC-DAY,[],1.0,,,['SYN-DX-01'],21,194.37,159.38,143.44
LN-R7DHGWJUFV,CLM-GMVRJJFPBU,PRV-CYX8UDJJ75,PRV-CYX8UDJJ75,2024-05-28,2024-05-28,SYNTH,EM-EST-2,[],1.0,,,['SYN-DX-01'],11,192.58,157.92,142.13
LN-5AFQC5GSY5,CLM-6VNUQ5ZC6L,PRV-Z84M5CG5BX,PRV-Z84M5CG5BX,2024-03-08,2024-03-08,NDC-SYN,NDC-OPIOID-01,[],1.0,,,['SYN-DX-01'],11,156.23,128.11,115.3
LN-K35M5TYY8H,CLM-8HFN7LYWEM,PRV-52P4GQD2DS,PRV-52P4GQD2DS,2024-06-09,2024-06-09,SYNTH,EM-EST-5,[],1.0,,,['SYN-DX-01'],11,175.83,144.18,129.76
LN-GE6WYQH7UA,CLM-CKCET8VV98,PRV-P8SZX5BYHL,PRV-P8SZX5BYHL,2024-01-06,2024-01-06,NDC-SYN,NDC-OPIOID-01,[],1.0,,,['SYN-DX-01'],11,194.41,159.42,143.48
LN-78EA6C86R5,CLM-KXKQBE4XGR,PRV-CYX8UDJJ75,PRV-CYX8UDJJ75,2024-04-23,2024-04-23,SYNTH,EM-EST-2,[],1.0,,,['SYN-DX-01'],11,182.81,149.9,134.91
LN-J9WLHH74ZK,CLM-GTS93PXPB2,PRV-YHCS7YKNYQ,PRV-YHCS7YKNYQ,2024-05-11,2024-05-11,SYNTH,PSY-60,[],1.0,60.0,,['SYN-DX-01'],11,190.09,155.87,140.28
LN-5Y7BMP8L77,CLM-HNLD8K3PRE,PRV-HP4BWL7QC4,PRV-HP4BWL7QC4,2024-07-04,2024-07-04,SYNTH,FAC-DAY,[],1.0,,,['SYN-DX-01'],21,191.61,157.12,141.41
LN-DR9M7CS26S,CLM-B93RYP9YFT,PRV-TTYMZNZQCD,PRV-TTYMZNZQCD,2024-07-28,2024-07-28,SYNTH,LAB-GEN-01,[],1.0,,,['SYN-DX-01'],11,170.97,140.2,126.18
LN-8TC4JRGUVB,CLM-ZAU62VRMH2,PRV-CYX8UDJJ75,PRV-CYX8UDJJ75,2024-06-10,2024-06-10,SYNTH,EM-EST-3,[],1.0,,,['SYN-DX-01'],11,196.93,161.48,145.33
LN-VS682LCX2B,CLM-XT6VPQYBDY,PRV-KGZA99WKKT,PRV-KGZA99WKKT,2024-06-10,2024-06-10,HCPCS2,A0427,[],1.0,,,['SYN-DX-01'],41,8.26,6.77,6.09
LN-8HLXTYK6KH,CLM-S8RSDVJT36,PRV-EGMCSQWZE2,PRV-EGMCSQWZE2,2024-06-20,2024-06-20,SYNTH,ABA-60,[],1.0,60.0,,['SYN-DX-01'],11,190.5,156.21,140.59
LN-TDBB7JPQ99,CLM-7LDGA9DNJB,PRV-GQ36BNJZ2W,PRV-GQ36BNJZ2W,2024-01-02,2024-01-02,SYNTH,HH-VISIT,[],1.0,45.0,,['SYN-DX-01'],12,178.35,146.25,131.62
LN-LMVAA8H46B,CLM-MDDJ4D8U56,PRV-52P4GQD2DS,PRV-52P4GQD2DS,2024-03-03,2024-03-03,SYNTH,EM-EST-2,[],1.0,,,['SYN-DX-01'],11,180.43,147.95,133.16
LN-KV3DLT3BLJ,CLM-VCN8N2XLKX,PRV-EWJD2QDPA6,PRV-EWJD2QDPA6,2024-08-26,2024-08-26,SYNTH,EM-EST-1,[],1.0,,,['SYN-DX-01'],11,182.95,150.02,135.02
LN-NXCJNJKTHQ,CLM-5WDF45C44S,PRV-E2KQR2ZK3Q,PRV-E2KQR2ZK3Q,2024-08-15,2024-08-15,NDC-SYN,NDC-OPIOID-01,[],1.0,,,['SYN-DX-01'],11,179.73,147.38,132.64
LN-CF9ZDXQ59C,CLM-7RUHRL5JDX,PRV-F63QP3FKES,PRV-F63QP3FKES,2024-02-16,2024-02-16,SYNTH,PSY-45,[],1.0,45.0,,['SYN-DX-01'],11,188.85,154.86,139.37
LN-2VYEFWY23G,CLM-SH762AXAR5,PRV-5AE63K9XH5,PRV-5AE63K9XH5,2024-01-01,2024-01-01,SYNTH,HH-VISIT,[],1.0,45.0,,['SYN-DX-01'],12,196.49,161.12,145.01
LN-3Y9LZU4D4F,CLM-APD3AZCFK3,PRV-Z84M5CG5BX,PRV-Z84M5CG5BX,2024-04-01,2024-04-01,NDC-SYN,NDC-OPIOID-01,[],1.0,,,['SYN-DX-01'],11,177.7,145.71,131.14
LN-SH544JE2RT,CLM-SJPXGKSG9W,PRV-DVP5UVKXMG,PRV-DVP5UVKXMG,2024-03-07,2024-03-07,SYNTH,EM-EST-4,[],1.0,,,['SYN-DX-01'],11,163.1,133.74,120.37
LN-CFJD5MFYAK,CLM-BDER3WQX95,PRV-EGMCSQWZE2,PRV-EGMCSQWZE2,2024-07-08,2024-07-08,SYNTH,ABA-60,[],1.0,60.0,,['SYN-DX-01'],11,175.72,144.09,129.68
LN-F535NMEEVT,CLM-D5C3RHEGR5,PRV-H9LG5VAJ3J,PRV-H9LG5VAJ3J,2024-03-05,2024-03-05,SYNTH,FAC-DAY,[],1.0,,,['SYN-DX-01'],21,167.97,137.74,123.97
LN-VMJEYR5646,CLM-RHGKQSPVHT,PRV-P8SZX5BYHL,PRV-P8SZX5BYHL,2024-01-12,2024-01-12,NDC-SYN,NDC-OPIOID-01,[],1.0,,,['SYN-DX-01'],11,173.21,142.03,127.83
LN-FLXBSA2MDC,CLM-HMZPUDNLBG,PRV-LJD3M755ZS,PRV-LJD3M755ZS,2024-05-04,2024-05-04,HCPCS2,A0427,[],1.0,,,['SYN-DX-01'],41,8.86,7.27,6.54
LN-6AV8Y944QE,CLM-LT8K8MWBJ2,PRV-4TYA4STMB7,PRV-4TYA4STMB7,2024-05-13,2024-05-13,SYNTH,DME-CATH,[],1.0,,,['SYN-DX-01'],12,161.35,132.31,119.08
LN-7E5QG377HL,CLM-39A9NA473V,PRV-F2HS2XPZAV,PRV-F2HS2XPZAV,2024-04-11,2024-04-11,NDC-SYN,NDC-OPIOID-01,[],1.0,,,['SYN-DX-01'],11,195.61,160.4,144.36
LN-268JMTURX7,CLM-G5GE2ZCA76,PRV-YHCS7YKNYQ,PRV-YHCS7YKNYQ,2024-02-12,2024-02-12,SYNTH,PSY-30,[],1.0,30.0,,['SYN-DX-01'],11,194.93,159.84,143.86
LN-NQEGWRYDQR,CLM-42LNZEZFX5,PRV-E2KQR2ZK3Q,PRV-E2KQR2ZK3Q,2024-05-22,2024-05-22,NDC-SYN,NDC-OPIOID-01,[],1.0,,,['SYN-DX-01'],11,155.96,127.89,115.1
LN-SHX3JLYKS2,CLM-ZKLFGTMMGV,PRV-KB3DDTGVSY,PRV-KB3DDTGVSY,2024-04-26,2024-04-26,SYNTH,DME-CATH,[],1.0,,,['SYN-DX-01'],12,180.8,148.26,133.43
LN-T6SPDXTXGP,CLM-RLRNE5Q5XG,PRV-4TYA4STMB7,PRV-4TYA4STMB7,2024-08-12,2024-08-12,SYNTH,DME-CATH,[],1.0,,,['SYN-DX-01'],12,187.22,153.52,138.17
LN-LQZ7KFWNGC,CLM-TH6KSCB5VF,PRV-YHCS7YKNYQ,PRV-YHCS7YKNYQ,2024-07-17,2024-07-17,SYNTH,PSY-60,[],1.0,60.0,,['SYN-DX-01'],11,196.72,161.31,145.18
LN-Q24NXU9YXE,CLM-ZAQ2K526XL,PRV-DVP5UVKXMG,PRV-DVP5UVKXMG,2024-04-18,2024-04-18,SYNTH,EM-EST-4,[],1.0,,,['SYN-DX-01'],11,171.91,140.97,126.87
LN-PWFQCNF9RA,CLM-55C6M4CTAW,PRV-CYX8UDJJ75,PRV-CYX8UDJJ75,2024-08-18,2024-08-18,SYNTH,EM-EST-4,[],1.0,,,['SYN-DX-01'],11,181.09,148.49,133.64
LN-UFZN5YA27J,CLM-XFHZ5KUKHK,PRV-5AE63K9XH5,PRV-5AE63K9XH5,2024-01-04,2024-01-04,SYNTH,HH-VISIT,[],1.0,45.0,,['SYN-DX-01'],12,167.48,137.33,123.6
LN-DMRTDWMVCL,CLM-TH57UYVUT8,PRV-AEV55VW98C,PRV-AEV55VW98C,2024-03-04,2024-03-04,HCPCS2,A0427,[],1.0,,,['SYN-DX-01'],41,9.3,7.63,6.87
LN-STESUJPHNN,CLM-UHFGTP69Y6,PRV-HP4BWL7QC4,PRV-HP4BWL7QC4,2024-04-18,2024-04-18,SYNTH,FAC-DAY,[],1.0,,,['SYN-DX-01'],21,200.67,164.55,148.1
LN-B8J952AEX5,CLM-2ZMC4LTJY3,PRV-E2KQR2ZK3Q,PRV-E2KQR2ZK3Q,2024-07-23,2024-07-23,NDC-SYN,NDC-OPIOID-01,[],1.0,,,['SYN-DX-01'],11,147.74,121.15,109.04
LN-FLEA4FQ4UE,CLM-VBKVMXAXX4,PRV-EWJD2QDPA6,PRV-EWJD2QDPA6,2024-07-02,2024-07-02,SYNTH,EM-EST-2,[],1.0,,,['SYN-DX-01'],11,184.77,151.51,136.36
LN-CX6HKXEWUP,CLM-6S6TAQ85JA,PRV-GQ36BNJZ2W,PRV-GQ36BNJZ2W,2024-07-13,2024-07-13,SYNTH,HH-VISIT,[],1.0,45.0,,['SYN-DX-01'],12,166.43,136.47,122.82
LN-HKCNBJP5S7,CLM-ZH4KCFWQWN,PRV-5AE63K9XH5,PRV-5AE63K9XH5,2024-02-20,2024-02-20,SYNTH,HH-VISIT,[],1.0,45.0,,['SYN-DX-01'],12,165.55,135.75,122.17
LN-TFN6QUKCCQ,CLM-9627C4MXCG,PRV-GZWKQRABYX,PRV-GZWKQRABYX,2024-06-13,2024-06-13,SYNTH,FAC-DAY,[],1.0,,,['SYN-DX-01'],21,154.58,126.76,114.08
LN-YR8NQNGUXX,CLM-8W9ND23XGZ,PRV-5AE63K9XH5,PRV-5AE63K9XH5,2024-02-11,2024-02-11,SYNTH,HH-VISIT,[],1.0,45.0,,['SYN-DX-01'],12,190.1,155.88,140.29
LN-UWQ5MQR4DF,CLM-6MN7KXZPLU,PRV-GG7BBL7G9L,PRV-GG7BBL7G9L,2024-02-26,2024-02-26,SYNTH,LAB-GEN-01,[],1.0,,,['SYN-DX-01'],11,151.59,124.3,111.87
LN-DCTTE3BY33,CLM-57GTQEFZ9J,PRV-DVP5UVKXMG,PRV-DVP5UVKXMG,2024-05-25,2024-05-25,SYNTH,EM-EST-4,[],1.0,,,['SYN-DX-01'],11,178.64,146.48,131.83
LN-6ZSDZGAXZE,CLM-AKCP7XAUTL,PRV-LEVZRZGE33,PRV-LEVZRZGE33,2024-07-18,2024-07-18,SYNTH,FAC-DAY,[],1.0,,,['SYN-DX-01'],21,180.96,148.39,133.55
LN-HTC5F5J3MH,CLM-V6BYCTPZFZ,PRV-ZU6YL2HNHH,PRV-ZU6YL2HNHH,2024-05-22,2024-05-22,SYNTH,HH-VISIT,[],1.0,45.0,,['SYN-DX-01'],12,176.47,144.71,130.24
LN-LL6NK7CW2M,CLM-3PFB8LXK8M,PRV-LJD3M755ZS,PRV-LJD3M755ZS,2024-02-10,2024-02-10,HCPCS2,A0427,[],1.0,,,['SYN-DX-01'],41,8.94,7.33,6.6
LN-QSXPPRPYUL,CLM-9ZQNQ5LTGP,PRV-KGZA99WKKT,PRV-KGZA99WKKT,2024-05-12,2024-05-12,HCPCS2,A0425,[],7.0,,7.0,['SYN-DX-01'],41,57.79,47.39,42.65
LN-ZG433TS5QX,CLM-HKB46LQD9W,PRV-ZU6YL2HNHH,PRV-ZU6YL2HNHH,2024-05-20,2024-05-20,SYNTH,HH-VISIT,[],1.0,45.0,,['SYN-DX-01'],12,165.46,135.68,122.11
LN-CN4V6LTJHU,CLM-JQSL67A8J7,PRV-DVP5UVKXMG,PRV-DVP5UVKXMG,2024-01-25,2024-01-25,SYNTH,EM-EST-3,[],1.0,,,['SYN-DX-01'],11,163.5,134.07,120.66
LN-EP2ERYWGBQ,CLM-5CZ7ZBX4W7,PRV-ZU6YL2HNHH,PRV-ZU6YL2HNHH,2024-05-22,2024-05-22,SYNTH,HH-VISIT,[],1.0,45.0,,['SYN-DX-01'],12,172.44,141.4,127.26
LN-G7QKE874C4,CLM-SGZVFTG8FN,PRV-EGMCSQWZE2,PRV-EGMCSQWZE2,2024-05-28,2024-05-28,SYNTH,ABA-60,[],1.0,60.0,,['SYN-DX-01'],11,170.59,139.88,125.89
LN-9TVSWZHC9C,CLM-L54MP43XSG,PRV-96KL4VD67A,PRV-96KL4VD67A,2024-07-10,2024-07-10,SYNTH,LAB-PNL-01,[],1.0,,,['SYN-DX-01'],11,173.65,142.39,128.15
LN-PCPGFXEZL4,CLM-C6LQ2G3DCD,PRV-KB3DDTGVSY,PRV-KB3DDTGVSY,2024-03-03,2024-03-03,SYNTH,DME-CATH,[],1.0,,,['SYN-DX-01'],12,176.42,144.66,130.19
LN-URXHGJDZA3,CLM-LF3DUEMZGG,PRV-9HWCXGYGRP,PRV-9HWCXGYGRP,2024-01-16,2024-01-16,SYNTH,ABA-60,[],1.0,60.0,,['SYN-DX-01'],11,187.2,153.5,138.15
LN-T88H5JYWRS,CLM-Z92Y546FUB,PRV-DVP5UVKXMG,PRV-DVP5UVKXMG,2024-07-07,2024-07-07,SYNTH,EM-EST-4,[],1.0,,,['SYN-DX-01'],11,152.48,125.03,112.53
LN-3AKULA3Q38,CLM-WEXLJDGKZL,PRV-52P4GQD2DS,PRV-52P4GQD2DS,2024-07-08,2024-07-08,SYNTH,EM-EST-2,[],1.0,,,['SYN-DX-01'],11,178.31,146.21,131.59
LN-CD4S2CHAL8,CLM-HY7PCR7GAN,PRV-F63QP3FKES,PRV-F63QP3FKES,2024-07-31,2024-07-31,SYNTH,PSY-30,[],1.0,30.0,,['SYN-DX-01'],11,191.49,157.02,141.32
LN-KWTEVUGBZJ,CLM-MRPUYWMR46,PRV-R6UGAZC4XJ,PRV-R6UGAZC4XJ,2024-08-13,2024-08-13,SYNTH,HH-VISIT,[],1.0,45.0,,['SYN-DX-01'],12,176.84,145.01,130.51
LN-B8AY46FHQT,CLM-6YBXUAQK6M,PRV-GZWKQRABYX,PRV-GZWKQRABYX,2024-01-17,2024-01-17,SYNTH,FAC-DAY,[],1.0,,,['SYN-DX-01'],21,163.03,133.68,120.31
LN-JUZEU7AML7,CLM-TVHGP2YTUP,PRV-ZU6YL2HNHH,PRV-ZU6YL2HNHH,2024-08-07,2024-08-07,SYNTH,HH-VISIT,[],1.0,45.0,,['SYN-DX-01'],12,174.37,142.98,128.68
LN-3FS6VSVA9U,CLM-M27HMA5MBS,PRV-HP4BWL7QC4,PRV-HP4BWL7QC4,2024-06-16,2024-06-16,SYNTH,FAC-DAY,[],1.0,,,['SYN-DX-01'],21,190.77,156.43,140.79
LN-YEYJUBS4ED,CLM-S7FGEFVVAM,PRV-4TYA4STMB7,PRV-4TYA4STMB7,2024-05-29,2024-05-29,SYNTH,DME-CATH,[],1.0,,,['SYN-DX-01'],12,175.9,144.24,129.82
LN-R97GM7ZBN7,CLM-S4P9N2X2FX,PRV-CYX8UDJJ75,PRV-CYX8UDJJ75,2024-02-06,2024-02-06,SYNTH,EM-EST-3,[],1.0,,,['SYN-DX-01'],11,191.21,156.79,141.11
LN-BSD34R2BUS,CLM-T5X2LRSCWY,PRV-H9LG5VAJ3J,PRV-H9LG5VAJ3J,2024-01-04,2024-01-04,SYNTH,FAC-DAY,[],1.0,,,['SYN-DX-01'],21,196.95,161.5,145.35
LN-MCPLACY2TD,CLM-BY92WE4ZNJ,PRV-52P4GQD2DS,PRV-52P4GQD2DS,2024-05-14,2024-05-14,SYNTH,EM-EST-3,[],1.0,,,['SYN-DX-01'],11,183.23,150.25,135.22
LN-C9VVJF5JTX,CLM-MPWJHHNZDT,PRV-EGMCSQWZE2,PRV-EGMCSQWZE2,2024-03-01,2024-03-01,SYNTH,PSY-30,[],1.0,30.0,,['SYN-DX-01'],11,171.64,140.74,126.67
LN-QXNUH3CC4V,CLM-CRZSBJDGD4,PRV-EGMCSQWZE2,PRV-EGMCSQWZE2,2024-05-31,2024-05-31,SYNTH,ABA-60,[],1.0,60.0,,['SYN-DX-01'],11,189.93,155.74,140.17
LN-A9WJ5Y7UFS,CLM-ZKXYN8BTUK,PRV-5AE63K9XH5,PRV-5AE63K9XH5,2024-01-29,2024-01-29,SYNTH,HH-VISIT,[],1.0,45.0,,['SYN-DX-01'],12,173.88,142.58,128.32
LN-7V7ARU7MM8,CLM-4QAVMRTRRT,PRV-LVGM3QWE3V,PRV-LVGM3QWE3V,2024-07-06,2024-07-06,SYNTH,DME-CATH,[],1.0,,,['SYN-DX-01'],12,177.96,145.93,131.34
LN-J3GSKSGJBR,CLM-AJCJVJWKFC,PRV-FYQT8W8H8G,PRV-FYQT8W8H8G,2024-01-03,2024-01-03,SYNTH,DME-CATH,[],1.0,,,['SYN-DX-01'],12,175.62,144.01,129.61
LN-ZN9D428EEG,CLM-KGPZ9LMF6F,PRV-GZWKQRABYX,PRV-GZWKQRABYX,2024-02-11,2024-02-11,SYNTH,FAC-DAY,[],1.0,,,['SYN-DX-01'],21,190.84,156.49,140.84
LN-7RYGUJVAWQ,CLM-WNMYWYWHG9,PRV-9HWCXGYGRP,PRV-9HWCXGYGRP,2024-02-22,2024-02-22,SYNTH,PSY-45,[],1.0,45.0,,['SYN-DX-01'],11,202.71,166.22,149.6
LN-BTSGEYQABW,CLM-2CZC57QSJD,PRV-FYQT8W8H8G,PRV-FYQT8W8H8G,2024-06-17,2024-06-17,SYNTH,DME-CATH,[],1.0,,,['SYN-DX-01'],12,161.2,132.18,118.96
LN-EXBED8N79W,CLM-LRSXJB8KS9,PRV-GZWKQRABYX,PRV-GZWKQRABYX,2024-05-07,2024-05-07,SYNTH,FAC-DAY,[],1.0,,,['SYN-DX-01'],21,182.64,149.76,134.78
LN-CHQBB8XL4Y,CLM-5HT7RJGA35,PRV-KGZA99WKKT,PRV-KGZA99WKKT,2024-02-25,2024-02-25,HCPCS2,A0425,[],31.0,,31.0,['SYN-DX-01'],41,265.07,217.36,195.62
LN-NNDJFBPVPK,CLM-JURP66VMAS,PRV-DVP5UVKXMG,PRV-DVP5UVKXMG,2024-02-05,2024-02-05,SYNTH,EM-EST-4,[],1.0,,,['SYN-DX-01'],11,174.95,143.46,129.11
LN-QSDD49JYHN,CLM-6X4YF8HQB9,PRV-GQ36BNJZ2W,PRV-GQ36BNJZ2W,2024-02-15,2024-02-15,SYNTH,HH-VISIT,[],1.0,45.0,,['SYN-DX-01'],12,190.52,156.23,140.61
LN-VHNLSJ63M2,CLM-KKPVLGEX8K,PRV-H9LG5VAJ3J,PRV-H9LG5VAJ3J,2024-01-18,2024-01-18,SYNTH,FAC-DAY,[],1.0,,,['SYN-DX-01'],21,159.09,130.45,117.4
LN-R75K4YUL37,CLM-5AZ7YPRZ2T,PRV-TTYMZNZQCD,PRV-TTYMZNZQCD,2024-08-17,2024-08-17,SYNTH,LAB-GEN-01,[],1.0,,,['SYN-DX-01'],11,176.34,144.6,130.14
LN-KS863N6HQ6,CLM-SZKZ2HRNQ9,PRV-GG7BBL7G9L,PRV-GG7BBL7G9L,2024-08-08,2024-08-08,SYNTH,LAB-PNL-01,[],1.0,,,['SYN-DX-01'],11,177.75,145.75,131.18
LN-SZB4BTDUJC,CLM-G8WYNENDV5,PRV-9HWCXGYGRP,PRV-9HWCXGYGRP,2024-05-13,2024-05-13,SYNTH,ABA-60,[],1.0,60.0,,['SYN-DX-01'],11,193.57,158.73,142.86
LN-UHX6L5PTUP,CLM-QENSMXRR36,PRV-GZWKQRABYX,PRV-GZWKQRABYX,2024-08-27,2024-08-27,SYNTH,FAC-DAY,[],1.0,,,['SYN-DX-01'],21,190.3,156.05,140.45
LN-GV6AZPAUHP,CLM-VP3QEXXGPQ,PRV-DVP5UVKXMG,PRV-DVP5UVKXMG,2024-07-13,2024-07-13,SYNTH,EM-EST-2,[],1.0,,,['SYN-DX-01'],11,188.17,154.3,138.87
LN-CMLYD5LZPK,CLM-Z6AR9DLBQZ,PRV-ZU6YL2HNHH,PRV-ZU6YL2HNHH,2024-05-12,2024-05-12,SYNTH,HH-VISIT,[],1.0,45.0,,['SYN-DX-01'],12,179.5,147.19,132.47
LN-PF46UXYGF9,CLM-YEC3NLRJZJ,PRV-5AE63K9XH5,PRV-5AE63K9XH5,2024-05-15,2024-05-15,SYNTH,HH-VISIT,[],1.0,45.0,,['SYN-DX-01'],12,198.23,162.55,146.3
LN-NTYPYTJSBJ,CLM-XTKYZ2GXEH,PRV-F63QP3FKES,PRV-F63QP3FKES,2024-04-14,2024-04-14,SYNTH,PSY-60,[],1.0,60.0,,['SYN-DX-01'],11,195.77,160.53,144.48
LN-AME363YHY5,CLM-NQFFYR2A8G,PRV-P8SZX5BYHL,PRV-P8SZX5BYHL,2024-02-16,2024-02-16,NDC-SYN,NDC-OPIOID-01,[],1.0,,,['SYN-DX-01'],11,188.27,154.38,138.94
LN-LJF3HMDA29,CLM-FEWWBPSKKF,PRV-H9LG5VAJ3J,PRV-H9LG5VAJ3J,2024-08-02,2024-08-02,SYNTH,FAC-DAY,[],1.0,,,['SYN-DX-01'],21,197.14,161.65,145.49
LN-U8USRCU2UR,CLM-M8RELSCVEH,PRV-2RBJKMU8EL,PRV-2RBJKMU8EL,2024-06-18,2024-06-18,HCPCS2,A0425,[],24.0,,24.0,['SYN-DX-01'],41,196.95,161.5,145.35
LN-AQ2KK6Q2TY,CLM-6DYPJ9VFGH,PRV-GG7BBL7G9L,PRV-GG7BBL7G9L,2024-01-05,2024-01-05,SYNTH,LAB-GEN-01,[],1.0,,,['SYN-DX-01'],11,193.61,158.76,142.88
LN-WMBQAUSTSE,CLM-G547Y2KVAF,PRV-5AE63K9XH5,PRV-5AE63K9XH5,2024-04-25,2024-04-25,SYNTH,HH-VISIT,[],1.0,45.0,,['SYN-DX-01'],12,192.41,157.78,142.0
LN-4NEE7XU75N,CLM-NGN37LJD2S,PRV-EWJD2QDPA6,PRV-EWJD2QDPA6,2024-01-18,2024-01-18,SYNTH,EM-EST-3,[],1.0,,,['SYN-DX-01'],11,171.76,140.84,126.76
LN-UY37937EJC,CLM-7NBG93F3GC,PRV-LEVZRZGE33,PRV-LEVZRZGE33,2024-04-19,2024-04-19,SYNTH,FAC-DAY,[],1.0,,,['SYN-DX-01'],21,170.76,140.02,126.02
LN-NYGHUMTJ2K,CLM-JHEWH8VUZ7,PRV-R6UGAZC4XJ,PRV-R6UGAZC4XJ,2024-06-14,2024-06-14,SYNTH,HH-VISIT,[],1.0,45.0,,['SYN-DX-01'],12,174.3,142.93,128.64
LN-WE7JWWGL28,CLM-EDCQHXYWF3,PRV-R6UGAZC4XJ,PRV-R6UGAZC4XJ,2024-02-17,2024-02-17,SYNTH,HH-VISIT,[],1.0,45.0,,['SYN-DX-01'],12,178.15,146.08,131.47
LN-E7NLN3FDDY,CLM-5X6HTW5KNM,PRV-P8SZX5BYHL,PRV-P8SZX5BYHL,2024-02-14,2024-02-14,NDC-SYN,NDC-OPIOID-01,[],1.0,,,['SYN-DX-01'],11,163.48,134.05,120.65
LN-ZE8W88CNBF,CLM-JS7PPGWHYT,PRV-GQ36BNJZ2W,PRV-GQ36BNJZ2W,2024-03-05,2024-03-05,SYNTH,HH-VISIT,[],1.0,45.0,,['SYN-DX-01'],12,200.01,164.01,147.61
LN-Q9ZBD3LUZF,CLM-BPLPCTJENQ,PRV-F63QP3FKES,PRV-F63QP3FKES,2024-06-09,2024-06-09,SYNTH,PSY-60,[],1.0,60.0,,['SYN-DX-01'],11,169.29,138.82,124.94
LN-5WW27EY73C,CLM-A79SSRTNCU,PRV-6LZYWNNT2J,PRV-6LZYWNNT2J,2024-08-21,2024-08-21,SYNTH,LAB-PNL-01,[],1.0,,,['SYN-DX-01'],11,200.41,164.34,147.91
LN-L46APWZV9Q,CLM-RDNXBZZP6X,PRV-GG7BBL7G9L,PRV-GG7BBL7G9L,2024-02-05,2024-02-05,SYNTH,LAB-PNL-01,[],1.0,,,['SYN-DX-01'],11,167.2,137.1,123.39
LN-LLXRDBUPWE,CLM-2S8KZ5NBHM,PRV-Z84M5CG5BX,PRV-Z84M5CG5BX,2024-05-01,2024-05-01,NDC-SYN,NDC-OPIOID-01,[],1.0,,,['SYN-DX-01'],11,165.72,135.89,122.3
LN-KFQEZR2LBD,CLM-WVHA63W8QJ,PRV-ZU6YL2HNHH,PRV-ZU6YL2HNHH,2024-03-21,2024-03-21,SYNTH,HH-VISIT,[],1.0,45.0,,['SYN-DX-01'],12,171.8,140.88,126.79
LN-WXBLUKBZRN,CLM-VUXDNASHV7,PRV-GQ36BNJZ2W,PRV-GQ36BNJZ2W,2024-06-01,2024-06-01,SYNTH,HH-VISIT,[],1.0,45.0,,['SYN-DX-01'],12,186.32,152.78,137.5
LN-69ZDGGDCTW,CLM-DVX22DSA39,PRV-6LZYWNNT2J,PRV-6LZYWNNT2J,2024-07-28,2024-07-28,SYNTH,LAB-GEN-01,[],1.0,,,['SYN-DX-01'],11,165.99,136.11,122.5
LN-ELJ35BKJ3G,CLM-WWAX6Q7SX5,PRV-YHCS7YKNYQ,PRV-YHCS7YKNYQ,2024-03-15,2024-03-15,SYNTH,ABA-60,[],1.0,60.0,,['SYN-DX-01'],11,189.66,155.52,139.97
LN-UZ9TC7AV3N,CLM-YJ4Z5STQXV,PRV-YHCS7YKNYQ,PRV-YHCS7YKNYQ,2024-07-24,2024-07-24,SYNTH,ABA-60,[],1.0,60.0,,['SYN-DX-01'],11,153.09,125.53,112.98
LN-MJ535SJ92E,CLM-ERAM9HTKDT,PRV-GZWKQRABYX,PRV-GZWKQRABYX,2024-07-21,2024-07-21,SYNTH,FAC-DAY,[],1.0,,,['SYN-DX-01'],21,170.69,139.97,125.97
LN-ZUBQDRYZJN,CLM-2FMTMEGHQM,PRV-ZU6YL2HNHH,PRV-ZU6YL2HNHH,2024-08-21,2024-08-21,SYNTH,HH-VISIT,[],1.0,45.0,,['SYN-DX-01'],12,184.8,151.54,136.39
LN-YDJRQX89L8,CLM-4BM6WZAFV3,PRV-52P4GQD2DS,PRV-52P4GQD2DS,2024-04-19,2024-04-19,SYNTH,EM-EST-4,[],1.0,,,['SYN-DX-01'],11,171.97,141.02,126.92
LN-XQH5HC9XPV,CLM-XBBAGJBMWY,PRV-52P4GQD2DS,PRV-52P4GQD2DS,2024-01-27,2024-01-27,SYNTH,EM-EST-3,[],1.0,,,['SYN-DX-01'],11,187.66,153.88,138.49
LN-A7D596X6C8,CLM-X3SJYFPJSZ,PRV-6LZYWNNT2J,PRV-6LZYWNNT2J,2024-02-27,2024-02-27,SYNTH,LAB-GEN-01,[],1.0,,,['SYN-DX-01'],11,180.37,147.9,133.11
LN-L6KSA2BGT3,CLM-HLX2KQRBBT,PRV-LEVZRZGE33,PRV-LEVZRZGE33,2024-05-17,2024-05-17,SYNTH,FAC-DAY,[],1.0,,,['SYN-DX-01'],21,190.64,156.32,140.69
LN-QMYUCRRTXN,CLM-K46AUJ2K8K,PRV-E2KQR2ZK3Q,PRV-E2KQR2ZK3Q,2024-03-26,2024-03-26,NDC-SYN,NDC-OPIOID-01,[],1.0,,,['SYN-DX-01'],11,194.89,159.81,143.83
LN-J5BDV45QBK,CLM-XYLN4AV942,PRV-6LZYWNNT2J,PRV-6LZYWNNT2J,2024-06-06,2024-06-06,SYNTH,LAB-GEN-01,[],1.0,,,['SYN-DX-01'],11,173.8,142.52,128.27
LN-XQGS2284PB,CLM-Q4YW69NQXD,PRV-LVGM3QWE3V,PRV-LVGM3QWE3V,2024-02-20,2024-02-20,SYNTH,DME-CATH,[],1.0,,,['SYN-DX-01'],12,191.09,156.69,141.02
LN-8W9MCY6MZC,CLM-5TGU5YS333,PRV-5AE63K9XH5,PRV-5AE63K9XH5,2024-01-25,2024-01-25,SYNTH,HH-VISIT,[],1.0,45.0,,['SYN-DX-01'],12,192.29,157.68,141.91
LN-R73UAJHMLK,CLM-QZKT3XC4PQ,PRV-F63QP3FKES,PRV-F63QP3FKES,2024-01-02,2024-01-02,SYNTH,ABA-60,[],1.0,60.0,,['SYN-DX-01'],11,183.76,150.68,135.61
LN-QGRKS2BGW5,CLM-TSLQP52SNM,PRV-LJD3M755ZS,PRV-LJD3M755ZS,2024-02-22,2024-02-22,HCPCS2,A0427,[],1.0,,,['SYN-DX-01'],41,9.27,7.6,6.84
LN-R5DE3DNNEG,CLM-5S8HFNWQJH,PRV-5AE63K9XH5,PRV-5AE63K9XH5,2024-05-19,2024-05-19,SYNTH,HH-VISIT,[],1.0,45.0,,['SYN-DX-01'],12,187.91,154.09,138.68
LN-66FFQG8U4M,CLM-UKT79M2EPG,PRV-HP4BWL7QC4,PRV-HP4BWL7QC4,2024-02-06,2024-02-06,SYNTH,FAC-DAY,[],1.0,,,['SYN-DX-01'],21,189.59,155.46,139.91
LN-BG9BHTAX59,CLM-DQXQGB3JSZ,PRV-AEV55VW98C,PRV-AEV55VW98C,2024-04-28,2024-04-28,HCPCS2,A0425,[],19.0,,19.0,['SYN-DX-01'],41,169.54,139.02,125.12
LN-VVHSV4BG5R,CLM-957UK3BHSY,PRV-EWJD2QDPA6,PRV-EWJD2QDPA6,2024-07-09,2024-07-09,SYNTH,EM-EST-1,[],1.0,,,['SYN-DX-01'],11,184.98,151.68,136.51
LN-BVEG392LPT,CLM-FL3PFFQHJ3,PRV-ZU6YL2HNHH,PRV-ZU6YL2HNHH,2024-01-25,2024-01-25,SYNTH,HH-VISIT,[],1.0,45.0,,['SYN-DX-01'],12,176.34,144.6,130.14
LN-D6QGCHZYH7,CLM-NSKA2NVMQU,PRV-F63QP3FKES,PRV-F63QP3FKES,2024-07-24,2024-07-24,SYNTH,PSY-60,[],1.0,60.0,,['SYN-DX-01'],11,186.87,153.23,137.91
LN-KLQZNLG6VC,CLM-ZE7RRVLPC5,PRV-FYQT8W8H8G,PRV-FYQT8W8H8G,2024-02-18,2024-02-18,SYNTH,DME-CATH,[],1.0,,,['SYN-DX-01'],12,181.66,148.96,134.06
LN-ARRLS7WNLP,CLM-68U5JCTD74,PRV-CYX8UDJJ75,PRV-CYX8UDJJ75,2024-04-22,2024-04-22,SYNTH,EM-EST-4,[],1.0,,,['SYN-DX-01'],11,168.9,138.5,124.65
LN-SYRA3ZL8KB,CLM-4TS8F3VA2B,PRV-CYX8UDJJ75,PRV-CYX8UDJJ75,2024-05-02,2024-05-02,SYNTH,EM-EST-3,[],1.0,,,['SYN-DX-01'],11,176.48,144.71,130.24
LN-PYNN8P79LS,CLM-7565WZN8LK,PRV-9HWCXGYGRP,PRV-9HWCXGYGRP,2024-01-17,2024-01-17,SYNTH,PSY-30,[],1.0,30.0,,['SYN-DX-01'],11,198.65,162.89,146.6
LN-GUG69RBV6U,CLM-9H2WVHSU9P,PRV-GQ36BNJZ2W,PRV-GQ36BNJZ2W,2024-02-09,2024-02-09,SYNTH,HH-VISIT,[],1.0,45.0,,['SYN-DX-01'],12,172.44,141.4,127.26
LN-XV6KVLL9RP,CLM-BDS9LQCQ84,PRV-GG7BBL7G9L,PRV-GG7BBL7G9L,2024-07-21,2024-07-21,SYNTH,LAB-PNL-01,[],1.0,,,['SYN-DX-01'],11,201.87,165.53,148.98
LN-YW7WRXHREW,CLM-KA6AXKHLXM,PRV-2RBJKMU8EL,PRV-2RBJKMU8EL,2024-06-30,2024-06-30,HCPCS2,A0425,[],15.0,,15.0,['SYN-DX-01'],41,154.66,126.82,114.14
LN-7CEJXECL4V,CLM-GEA7CJW6UQ,PRV-52P4GQD2DS,PRV-52P4GQD2DS,2024-06-27,2024-06-27,SYNTH,EM-EST-1,[],1.0,,,['SYN-DX-01'],11,179.58,147.26,132.53
LN-S8GJRJTJDS,CLM-FEARQYBBXT,PRV-FYQT8W8H8G,PRV-FYQT8W8H8G,2024-03-01,2024-03-01,SYNTH,DME-CATH,[],1.0,,,['SYN-DX-01'],12,193.11,158.35,142.51
LN-EUAQU4GAJE,CLM-8Q2QWPMJ24,PRV-4TYA4STMB7,PRV-4TYA4STMB7,2024-01-21,2024-01-21,SYNTH,DME-CATH,[],1.0,,,['SYN-DX-01'],12,206.36,169.22,152.3
LN-E3MUZ283EU,CLM-ES2EWMN8VD,PRV-LJD3M755ZS,PRV-LJD3M755ZS,2024-02-02,2024-02-02,HCPCS2,A0427,[],1.0,,,['SYN-DX-01'],41,8.61,7.06,6.35
LN-2335599SF4,CLM-RA9WKTL75M,PRV-ZU6YL2HNHH,PRV-ZU6YL2HNHH,2024-02-05,2024-02-05,SYNTH,HH-VISIT,[],1.0,45.0,,['SYN-DX-01'],12,178.47,146.35,131.72
LN-QHDDRG3CF4,CLM-QY6A3PN8WS,PRV-Z84M5CG5BX,PRV-Z84M5CG5BX,2024-05-18,2024-05-18,NDC-SYN,NDC-OPIOID-01,[],1.0,,,['SYN-DX-01'],11,192.63,157.96,142.16
LN-RPZ7JKDRBG,CLM-393WX7FB8J,PRV-GQ36BNJZ2W,PRV-GQ36BNJZ2W,2024-04-20,2024-04-20,SYNTH,HH-VISIT,[],1.0,45.0,,['SYN-DX-01'],12,164.11,134.57,121.11
LN-HJ99J2WJRJ,CLM-HAB432M7NW,PRV-52P4GQD2DS,PRV-52P4GQD2DS,2024-04-29,2024-04-29,SYNTH,EM-EST-4,[],1.0,,,['SYN-DX-01'],11,171.62,140.73,126.66
LN-S56M4GFXEJ,CLM-ZLBZKUPATA,PRV-H9LG5VAJ3J,PRV-H9LG5VAJ3J,2024-02-17,2024-02-17,SYNTH,FAC-DAY,[],1.0,,,['SYN-DX-01'],21,179.98,147.58,132.82
LN-KABRWYXK64,CLM-UKHP727U3B,PRV-GZWKQRABYX,PRV-GZWKQRABYX,2024-06-17,2024-06-17,SYNTH,FAC-DAY,[],1.0,,,['SYN-DX-01'],21,160.26,131.41,118.27
LN-VPG6VKQHZC,CLM-GDB2XNKLCY,PRV-H9LG5VAJ3J,PRV-H9LG5VAJ3J,2024-05-07,2024-05-07,SYNTH,FAC-DAY,[],1.0,,,['SYN-DX-01'],21,169.36,138.88,124.99
LN-MLBF2Z5YAK,CLM-X29H8Q9TLE,PRV-52P4GQD2DS,PRV-52P4GQD2DS,2024-02-22,2024-02-22,SYNTH,EM-EST-4,[],1.0,,,['SYN-DX-01'],11,173.64,142.38,128.14
LN-SLSTAS5BE3,CLM-BC2ZD8D3U5,PRV-ZU6YL2HNHH,PRV-ZU6YL2HNHH,2024-01-22,2024-01-22,SYNTH,HH-VISIT,[],1.0,45.0,,['SYN-DX-01'],12,172.53,141.47,127.32
LN-CV7SL6GDC3,CLM-7DMNM5FLJT,PRV-LEVZRZGE33,PRV-LEVZRZGE33,2024-08-12,2024-08-12,SYNTH,FAC-DAY,[],1.0,,,['SYN-DX-01'],21,170.49,139.8,125.82
LN-G6U7Y6TSTL,CLM-8NVA83BKWK,PRV-KB3DDTGVSY,PRV-KB3DDTGVSY,2024-07-20,2024-07-20,SYNTH,DME-CATH,[],1.0,,,['SYN-DX-01'],12,192.51,157.86,142.07
LN-ML8NBX57NW,CLM-5A3Z5FPF5N,PRV-EWJD2QDPA6,PRV-EWJD2QDPA6,2024-07-16,2024-07-16,SYNTH,EM-EST-1,[],1.0,,,['SYN-DX-01'],11,176.83,145.0,130.5
LN-72XUY587AQ,CLM-5WAPPVFJHD,PRV-HC5CWNTSHD,PRV-HC5CWNTSHD,2024-02-14,2024-02-14,SYNTH,EM-EST-2,[],1.0,,,['SYN-DX-01'],11,187.8,154.0,138.6
LN-5KRE5P4VKZ,CLM-QMUUMM2JSW,PRV-QJ8CAJLGGT,PRV-QJ8CAJLGGT,2024-06-19,2024-06-19,SYNTH,FAC-DAY,[],1.0,,,['SYN-DX-01'],21,199.01,163.19,146.87
LN-SDERGP82VR,CLM-YP2SC8T89J,PRV-ZU6YL2HNHH,PRV-ZU6YL2HNHH,2024-06-29,2024-06-29,SYNTH,HH-VISIT,[],1.0,45.0,,['SYN-DX-01'],12,187.01,153.35,138.01
LN-WQ3NYV8FE8,CLM-SW29EJ9LQE,PRV-HC5CWNTSHD,PRV-HC5CWNTSHD,2024-07-08,2024-07-08,SYNTH,EM-EST-5,[],1.0,,,['SYN-DX-01'],11,176.39,144.64,130.18
LN-KLCJTRG34J,CLM-R98L8WRUY9,PRV-5AE63K9XH5,PRV-5AE63K9XH5,2024-01-20,2024-01-20,SYNTH,HH-VISIT,[],1.0,45.0,,['SYN-DX-01'],12,193.0,158.26,142.43
LN-AT3T35DPWQ,CLM-UD9W6UJPAE,PRV-9HWCXGYGRP,PRV-9HWCXGYGRP,2024-01-25,2024-01-25,SYNTH,PSY-30,[],1.0,30.0,,['SYN-DX-01'],11,196.15,160.84,144.76
LN-BZP9R6VABU,CLM-YA6DQT7DNM,PRV-4TYA4STMB7,PRV-4TYA4STMB7,2024-01-14,2024-01-14,SYNTH,DME-CATH,[],1.0,,,['SYN-DX-01'],12,179.6,147.27,132.54
LN-T9ZTANHPED,CLM-MM35P6K6N5,PRV-52P4GQD2DS,PRV-52P4GQD2DS,2024-08-25,2024-08-25,SYNTH,EM-EST-2,[],1.0,,,['SYN-DX-01'],11,191.19,156.78,141.1
LN-D9T9FR4F5Y,CLM-45MBBYPF98,PRV-GQ36BNJZ2W,PRV-GQ36BNJZ2W,2024-07-31,2024-07-31,SYNTH,HH-VISIT,[],1.0,45.0,,['SYN-DX-01'],12,177.86,145.85,131.26
LN-4Q28ENX7CY,CLM-APLN5SDGXS,PRV-KB3DDTGVSY,PRV-KB3DDTGVSY,2024-03-31,2024-03-31,SYNTH,DME-CATH,[],1.0,,,['SYN-DX-01'],12,171.55,140.67,126.6
LN-3KWGBPKHB2,CLM-XCFY8P5ARW,PRV-ZU6YL2HNHH,PRV-ZU6YL2HNHH,2024-04-23,2024-04-23,SYNTH,HH-VISIT,[],1.0,45.0,,['SYN-DX-01'],12,203.52,166.89,150.2
LN-L68AKRPU69,CLM-2SU9C8CX6L,PRV-EWJD2QDPA6,PRV-EWJD2QDPA6,2024-02-10,2024-02-10,SYNTH,EM-EST-3,[],1.0,,,['SYN-DX-01'],11,174.7,143.25,128.93
LN-ATSH8LDVJ9,CLM-LKTGVFNXEK,PRV-KB3DDTGVSY,PRV-KB3DDTGVSY,2024-05-20,2024-05-20,SYNTH,DME-CATH,[],1.0,,,['SYN-DX-01'],12,173.67,142.41,128.17
LN-TMJ2DWYXYJ,CLM-F427368NTZ,PRV-NNZAMXRZ52,PRV-NNZAMXRZ52,2024-04-01,2024-04-01,NDC-SYN,NDC-OPIOID-01,[],1.0,,,['SYN-DX-01'],11,172.8,141.7,127.53
LN-XTCDP8GH9W,CLM-YMC4K7P7TQ,PRV-ZU6YL2HNHH,PRV-ZU6YL2HNHH,2024-03-22,2024-03-22,SYNTH,HH-VISIT,[],1.0,45.0,,['SYN-DX-01'],12,177.16,145.27,130.74
LN-RNM59Y42EX,CLM-ZG4VKTWXC9,PRV-52P4GQD2DS,PRV-52P4GQD2DS,2024-03-23,2024-03-23,SYNTH,EM-EST-1,[],1.0,,,['SYN-DX-01'],11,171.79,140.87,126.78
LN-V2HMN4KSDJ,CLM-BHJPRA5VEE,PRV-4TYA4STMB7,PRV-4TYA4STMB7,2024-08-11,2024-08-11,SYNTH,DME-CATH,[],1.0,,,['SYN-DX-01'],12,170.59,139.88,125.89
LN-P9EGFS9JKB,CLM-4TE6MGLHHN,PRV-LVGM3QWE3V,PRV-LVGM3QWE3V,2024-04-14,2024-04-14,SYNTH,DME-CATH,[],1.0,,,['SYN-DX-01'],12,199.07,163.24,146.92
LN-2JQ66ZML3X,CLM-WB87FN2CEX,PRV-QJ8CAJLGGT,PRV-QJ8CAJLGGT,2024-07-31,2024-07-31,SYNTH,FAC-DAY,[],1.0,,,['SYN-DX-01'],21,167.12,137.04,123.34
LN-G559N4RKJ2,CLM-F4347Q8S2H,PRV-ZU6YL2HNHH,PRV-ZU6YL2HNHH,2024-03-31,2024-03-31,SYNTH,HH-VISIT,[],1.0,45.0,,['SYN-DX-01'],12,202.36,165.94,149.35
LN-Z8H9X4YKLW,CLM-EGKEFRAQDA,PRV-H9LG5VAJ3J,PRV-H9LG5VAJ3J,2024-06-14,2024-06-14,SYNTH,FAC-DAY,[],1.0,,,['SYN-DX-01'],21,170.08,139.47,125.52
LN-B5J36SQCKE,CLM-HG9DNTUE2P,PRV-H9LG5VAJ3J,PRV-H9LG5VAJ3J,2024-03-07,2024-03-07,SYNTH,FAC-DAY,[],1.0,,,['SYN-DX-01'],21,186.38,152.83,137.55
LN-MBBZR3QXXH,CLM-MY9TT797F7,PRV-ZU6YL2HNHH,PRV-ZU6YL2HNHH,2024-01-11,2024-01-11,SYNTH,HH-VISIT,[],1.0,45.0,,['SYN-DX-01'],12,175.54,143.94,129.55
LN-AT8JYYL8P6,CLM-GNHHWPMH4J,PRV-CYX8UDJJ75,PRV-CYX8UDJJ75,2024-05-30,2024-05-30,SYNTH,EM-EST-5,[],1.0,,,['SYN-DX-01'],11,185.75,152.31,137.08
LN-MQX4R49ZEF,CLM-F2WP3EGER4,PRV-YHCS7YKNYQ,PRV-YHCS7YKNYQ,2024-06-01,2024-06-01,SYNTH,ABA-60,[],1.0,60.0,,['SYN-DX-01'],11,175.4,143.83,129.45
LN-BQXHC32T22,CLM-P6742W29GH,PRV-FYQT8W8H8G,PRV-FYQT8W8H8G,2024-08-09,2024-08-09,SYNTH,DME-CATH,[],1.0,,,['SYN-DX-01'],12,164.28,134.71,121.24
LN-XBG667LP2E,CLM-TGBYBFZRF8,PRV-52P4GQD2DS,PRV-52P4GQD2DS,2024-07-25,2024-07-25,SYNTH,EM-EST-1,[],1.0,,,['SYN-DX-01'],11,186.84,153.21,137.89
LN-JMNK4GKYVX,CLM-3F9QGTA2Z7,PRV-5AE63K9XH5,PRV-5AE63K9XH5,2024-07-23,2024-07-23,SYNTH,HH-VISIT,[],1.0,45.0,,['SYN-DX-01'],12,181.44,148.78,133.9
LN-V85KQMSZ9T,CLM-2H33RW2SSL,PRV-HC5CWNTSHD,PRV-HC5CWNTSHD,2024-01-29,2024-01-29,SYNTH,EM-EST-3,[],1.0,,,['SYN-DX-01'],11,190.33,156.07,140.46
LN-FADPZ9JNUC,CLM-6QBHP9SHXX,PRV-CYX8UDJJ75,PRV-CYX8UDJJ75,2024-01-31,2024-01-31,SYNTH,EM-EST-3,[],1.0,,,['SYN-DX-01'],11,160.3,131.45,118.3
LN-3RPCLY7CL9,CLM-3FVK4S8ZZC,PRV-AEV55VW98C,PRV-AEV55VW98C,2024-01-20,2024-01-20,HCPCS2,A0425,[],35.0,,35.0,['SYN-DX-01'],41,329.84,270.47,243.42
LN-RH8HEGYYAA,CLM-97LKQGZ4US,PRV-EGMCSQWZE2,PRV-EGMCSQWZE2,2024-01-06,2024-01-06,SYNTH,ABA-60,[],1.0,60.0,,['SYN-DX-01'],11,167.78,137.58,123.82
LN-HSRVL3UKPG,CLM-6WEANFQBMG,PRV-Z84M5CG5BX,PRV-Z84M5CG5BX,2024-05-17,2024-05-17,NDC-SYN,NDC-OPIOID-01,[],1.0,,,['SYN-DX-01'],11,198.89,163.09,146.78
LN-6MSXKUNWXQ,CLM-CMUUY5VTS3,PRV-2RBJKMU8EL,PRV-2RBJKMU8EL,2024-03-21,2024-03-21,HCPCS2,A0425,[],36.0,,36.0,['SYN-DX-01'],41,336.05,275.56,248.0
LN-XSTBT3CMPT,CLM-GWP8EPNLVV,PRV-HC5CWNTSHD,PRV-HC5CWNTSHD,2024-05-26,2024-05-26,SYNTH,EM-EST-3,[],1.0,,,['SYN-DX-01'],11,187.24,153.54,138.19
LN-KUVVWGNC53,CLM-8FZB4ZBEU8,PRV-TTYMZNZQCD,PRV-TTYMZNZQCD,2024-07-28,2024-07-28,SYNTH,LAB-GEN-01,[],1.0,,,['SYN-DX-01'],11,174.05,142.72,128.45
LN-X3N4R6RQNH,CLM-KBNBZZ55KG,PRV-F63QP3FKES,PRV-F63QP3FKES,2024-07-23,2024-07-23,SYNTH,ABA-60,[],1.0,60.0,,['SYN-DX-01'],11,190.37,156.1,140.49
LN-ZWVGEJXWUV,CLM-EFGCGXKNNZ,PRV-52P4GQD2DS,PRV-52P4GQD2DS,2024-01-20,2024-01-20,SYNTH,EM-EST-4,[],1.0,,,['SYN-DX-01'],11,173.85,142.56,128.3
LN-KH7PLT5BJE,CLM-AEXFF75696,PRV-TTYMZNZQCD,PRV-TTYMZNZQCD,2024-01-01,2024-01-01,SYNTH,LAB-PNL-01,[],1.0,,,['SYN-DX-01'],11,167.76,137.56,123.8
LN-JFVFJWM6FG,CLM-82QNLRDXC5,PRV-6LZYWNNT2J,PRV-6LZYWNNT2J,2024-05-26,2024-05-26,SYNTH,LAB-GEN-01,[],1.0,,,['SYN-DX-01'],11,176.12,144.42,129.98
LN-C3W92HTBLK,CLM-DY2B2YUYLL,PRV-DVP5UVKXMG,PRV-DVP5UVKXMG,2024-05-02,2024-05-02,SYNTH,EM-EST-3,[],1.0,,,['SYN-DX-01'],11,183.29,150.3,135.27
LN-38W53LYGXT,CLM-GYLXGYUNDK,PRV-ZU6YL2HNHH,PRV-ZU6YL2HNHH,2024-05-27,2024-05-27,SYNTH,HH-VISIT,[],1.0,45.0,,['SYN-DX-01'],12,175.48,143.89,129.5
LN-2DD9H8UDXX,CLM-ADSXYQTHEY,PRV-R6UGAZC4XJ,PRV-R6UGAZC4XJ,2024-03-05,2024-03-05,SYNTH,HH-VISIT,[],1.0,45.0,,['SYN-DX-01'],12,162.87,133.55,120.2
LN-3DGZHTD9QH,CLM-C862RXTCSK,PRV-LEVZRZGE33,PRV-LEVZRZGE33,2024-08-17,2024-08-17,SYNTH,FAC-DAY,[],1.0,,,['SYN-DX-01'],21,196.19,160.88,144.79
LN-K4QGB9FPEW,CLM-C4ZRMH4UNK,PRV-ZU6YL2HNHH,PRV-ZU6YL2HNHH,2024-02-22,2024-02-22,SYNTH,HH-VISIT,[],1.0,45.0,,['SYN-DX-01'],12,172.9,141.78,127.6
LN-JAZ7ETTXQV,CLM-5F3A78FDWZ,PRV-GQ36BNJZ2W,PRV-GQ36BNJZ2W,2024-03-05,2024-03-05,SYNTH,HH-VISIT,[],1.0,45.0,,['SYN-DX-01'],12,196.63,161.24,145.12
LN-BBRL9L2CAE,CLM-UYD28HYZPM,PRV-5AE63K9XH5,PRV-5AE63K9XH5,2024-05-13,2024-05-13,SYNTH,HH-VISIT,[],1.0,45.0,,['SYN-DX-01'],12,184.56,151.34,136.21
LN-7Q74FVTDDL,CLM-RD7MX69QBK,PRV-GQ36BNJZ2W,PRV-GQ36BNJZ2W,2024-05-16,2024-05-16,SYNTH,HH-VISIT,[],1.0,45.0,,['SYN-DX-01'],12,172.9,141.78,127.6
LN-PBK2FFLRXV,CLM-AWMSU5U3NT,PRV-6LZYWNNT2J,PRV-6LZYWNNT2J,2024-01-18,2024-01-18,SYNTH,LAB-PNL-01,[],1.0,,,['SYN-DX-01'],11,175.85,144.2,129.78
LN-9KBCQ8WTCG,CLM-FAEJDUFKG3,PRV-CYX8UDJJ75,PRV-CYX8UDJJ75,2024-04-21,2024-04-21,SYNTH,EM-EST-3,[],1.0,,,['SYN-DX-01'],11,163.49,134.06,120.65
LN-UU27N2XRAG,CLM-UKYBAXYSJS,PRV-EGMCSQWZE2,PRV-EGMCSQWZE2,2024-04-26,2024-04-26,SYNTH,PSY-60,[],1.0,60.0,,['SYN-DX-01'],11,172.2,141.2,127.08
LN-696RPB4VP9,CLM-VCDC6UX2EG,PRV-GQ36BNJZ2W,PRV-GQ36BNJZ2W,2024-08-08,2024-08-08,SYNTH,HH-VISIT,[],1.0,45.0,,['SYN-DX-01'],12,155.82,127.77,114.99
LN-NJX8F8Q9HQ,CLM-LG59SCNAB7,PRV-F2HS2XPZAV,PRV-F2HS2XPZAV,2024-07-29,2024-07-29,NDC-SYN,NDC-OPIOID-01,[],1.0,,,['SYN-DX-01'],11,171.29,140.46,126.41
LN-T6TBQQ4RSB,CLM-7LTC3KGEKW,PRV-EWJD2QDPA6,PRV-EWJD2QDPA6,2024-07-14,2024-07-14,SYNTH,EM-EST-5,[],1.0,,,['SYN-DX-01'],11,187.83,154.02,138.62
LN-HPQVXUAJEY,CLM-X2SDPJHG4H,PRV-52P4GQD2DS,PRV-52P4GQD2DS,2024-03-31,2024-03-31,SYNTH,EM-EST-2,[],1.0,,,['SYN-DX-01'],11,196.6,161.21,145.09
LN-FVH7C7ZMUX,CLM-6FAGU7NM3U,PRV-FYQT8W8H8G,PRV-FYQT8W8H8G,2024-02-29,2024-02-29,SYNTH,DME-CATH,[],1.0,,,['SYN-DX-01'],12,155.52,127.53,114.78
LN-ML67RCS5CQ,CLM-2Y99YT3U7Q,PRV-DVP5UVKXMG,PRV-DVP5UVKXMG,2024-01-03,2024-01-03,SYNTH,EM-EST-3,[],1.0,,,['SYN-DX-01'],11,186.87,153.23,137.91
LN-7HSVDUP8VP,CLM-YE4DWBTGZ2,PRV-52P4GQD2DS,PRV-52P4GQD2DS,2024-07-14,2024-07-14,SYNTH,EM-EST-2,[],1.0,,,['SYN-DX-01'],11,184.04,150.91,135.82
LN-35RSVKRUED,CLM-MUAA5C5WN2,PRV-HC5CWNTSHD,PRV-HC5CWNTSHD,2024-07-30,2024-07-30,SYNTH,EM-EST-1,[],1.0,,,['SYN-DX-01'],11,181.88,149.14,134.23
LN-G9ANFVH8Y6,CLM-G5JK4CETZN,PRV-NNZAMXRZ52,PRV-NNZAMXRZ52,2024-06-26,2024-06-26,NDC-SYN,NDC-OPIOID-01,[],1.0,,,['SYN-DX-01'],11,180.99,148.41,133.57
LN-D29ELVABJZ,CLM-5K6WU4355P,PRV-96KL4VD67A,PRV-96KL4VD67A,2024-06-30,2024-06-30,SYNTH,LAB-GEN-01,[],1.0,,,['SYN-DX-01'],11,179.49,147.18,132.46
LN-LYSCZE6C9A,CLM-GCZ2C47B4A,PRV-GQ36BNJZ2W,PRV-GQ36BNJZ2W,2024-03-17,2024-03-17,SYNTH,HH-VISIT,[],1.0,45.0,,['SYN-DX-01'],12,168.36,138.06,124.25
LN-L7MRPB9939,CLM-7HV6M2DRMW,PRV-CYX8UDJJ75,PRV-CYX8UDJJ75,2024-01-17,2024-01-17,SYNTH,EM-EST-4,[],1.0,,,['SYN-DX-01'],11,185.46,152.08,136.87
LN-HU2PUNNTQM,CLM-7GT9DVEN2W,PRV-HC5CWNTSHD,PRV-HC5CWNTSHD,2024-05-17,2024-05-17,SYNTH,EM-EST-5,[],1.0,,,['SYN-DX-01'],11,177.54,145.58,131.02
LN-LPEZVG3QRL,CLM-TGHG28LZGA,PRV-ZU6YL2HNHH,PRV-ZU6YL2HNHH,2024-08-15,2024-08-15,SYNTH,HH-VISIT,[],1.0,45.0,,['SYN-DX-01'],12,179.39,147.1,132.39
LN-23DMGAV9UD,CLM-SDFKV6CJHN,PRV-9HWCXGYGRP,PRV-9HWCXGYGRP,2024-01-26,2024-01-26,SYNTH,PSY-30,[],1.0,30.0,,['SYN-DX-01'],11,169.74,139.19,125.27
LN-2PGRKQXDCW,CLM-B6XECFNAG5,PRV-EWJD2QDPA6,PRV-EWJD2QDPA6,2024-03-31,2024-03-31,SYNTH,EM-EST-2,[],1.0,,,['SYN-DX-01'],11,195.25,160.1,144.09
LN-MVT9MUVAQN,CLM-WLHY2GYEHJ,PRV-FYQT8W8H8G,PRV-FYQT8W8H8G,2024-03-25,2024-03-25,SYNTH,DME-CATH,[],1.0,,,['SYN-DX-01'],12,184.7,151.45,136.31
LN-LHCGJ7AL22,CLM-45YBWCTRW3,PRV-LVGM3QWE3V,PRV-LVGM3QWE3V,2024-02-02,2024-02-02,SYNTH,DME-CATH,[],1.0,,,['SYN-DX-01'],12,172.54,141.48,127.33
LN-7YC43YVQHC,CLM-C572ZEXX94,PRV-KGZA99WKKT,PRV-KGZA99WKKT,2024-02-02,2024-02-02,HCPCS2,A0425,[],5.0,,5.0,['SYN-DX-01'],41,43.24,35.46,31.91
LN-MLV6GYG9JG,CLM-5699MHND44,PRV-ZU6YL2HNHH,PRV-ZU6YL2HNHH,2024-01-20,2024-01-20,SYNTH,HH-VISIT,[],1.0,45.0,,['SYN-DX-01'],12,175.82,144.17,129.75
LN-YE32JB5AHC,CLM-T9RQCVZGBQ,PRV-DVP5UVKXMG,PRV-DVP5UVKXMG,2024-06-12,2024-06-12,SYNTH,EM-EST-4,[],1.0,,,['SYN-DX-01'],11,180.88,148.32,133.49
LN-V3PJNPQ6CF,CLM-L525R7KLFE,PRV-LVGM3QWE3V,PRV-LVGM3QWE3V,2024-01-16,2024-01-16,SYNTH,DME-CATH,[],1.0,,,['SYN-DX-01'],12,184.46,151.26,136.13
LN-QK4QJTSGUE,CLM-FWKR2RGFV9,PRV-R6UGAZC4XJ,PRV-R6UGAZC4XJ,2024-08-16,2024-08-16,SYNTH,HH-VISIT,[],1.0,45.0,,['SYN-DX-01'],12,171.36,140.52,126.47
LN-95VA9CDAUT,CLM-NUYRKW2UKY,PRV-DVP5UVKXMG,PRV-DVP5UVKXMG,2024-06-01,2024-06-01,SYNTH,EM-EST-2,[],1.0,,,['SYN-DX-01'],11,165.8,135.96,122.36
LN-NLA3Q2TH5S,CLM-VBAGSUKRTC,PRV-NNZAMXRZ52,PRV-NNZAMXRZ52,2024-04-15,2024-04-15,NDC-SYN,NDC-OPIOID-01,[],1.0,,,['SYN-DX-01'],11,174.78,143.32,128.99
LN-9BURGWNSLX,CLM-4TT7DD3FA6,PRV-CYX8UDJJ75,PRV-CYX8UDJJ75,2024-06-21,2024-06-21,SYNTH,EM-EST-1,[],1.0,,,['SYN-DX-01'],11,185.01,151.71,136.54
LN-J7YFLNSS9C,CLM-LBQUFN24T7,PRV-GQ36BNJZ2W,PRV-GQ36BNJZ2W,2024-04-25,2024-04-25,SYNTH,HH-VISIT,[],1.0,45.0,,['SYN-DX-01'],12,173.33,142.13,127.92
LN-QCT2577UYK,CLM-L5VVL2G9DK,PRV-DVP5UVKXMG,PRV-DVP5UVKXMG,2024-01-29,2024-01-29,SYNTH,EM-EST-3,[],1.0,,,['SYN-DX-01'],11,179.17,146.92,132.23
LN-WABHLCLWZR,CLM-UJPBWN924K,PRV-4TYA4STMB7,PRV-4TYA4STMB7,2024-02-04,2024-02-04,SYNTH,DME-CATH,[],1.0,,,['SYN-DX-01'],12,190.22,155.98,140.38
LN-JQ6LGB2NX8,CLM-MN6M86JB5Z,PRV-DVP5UVKXMG,PRV-DVP5UVKXMG,2024-07-19,2024-07-19,SYNTH,EM-EST-4,[],1.0,,,['SYN-DX-01'],11,174.06,142.73,128.46
LN-HXV4J2P864,CLM-738E5LEWQH,PRV-DLK2K6289C,PRV-DLK2K6289C,2024-06-03,2024-06-03,SYNTH,LAB-PNL-01,[],1.0,,,['SYN-DX-01'],11,179.26,146.99,132.29
LN-XP4HU3ZZRY,CLM-WGNT4P23V2,PRV-DVP5UVKXMG,PRV-DVP5UVKXMG,2024-06-12,2024-06-12,SYNTH,EM-EST-3,[],1.0,,,['SYN-DX-01'],11,156.61,128.42,115.58
LN-BJV5W2759R,CLM-ENFUPD4AXM,PRV-ZU6YL2HNHH,PRV-ZU6YL2HNHH,2024-03-19,2024-03-19,SYNTH,HH-VISIT,[],1.0,45.0,,['SYN-DX-01'],12,183.16,150.19,135.17
LN-XU32RBH7F4,CLM-8T7RC3F548,PRV-HP4BWL7QC4,PRV-HP4BWL7QC4,2024-01-26,2024-01-26,SYNTH,FAC-DAY,[],1.0,,,['SYN-DX-01'],21,170.88,140.12,126.11
LN-K7NZ22TK4Y,CLM-275F2ZZQ4L,PRV-YHCS7YKNYQ,PRV-YHCS7YKNYQ,2024-07-14,2024-07-14,SYNTH,PSY-45,[],1.0,45.0,,['SYN-DX-01'],11,180.73,148.2,133.38
LN-RX7WKTY6UZ,CLM-QM5BJYW4AH,PRV-5AE63K9XH5,PRV-5AE63K9XH5,2024-06-05,2024-06-05,SYNTH,HH-VISIT,[],1.0,45.0,,['SYN-DX-01'],12,182.42,149.58,134.62
LN-WKC556YWDE,CLM-X3XW3JRKEQ,PRV-EWJD2QDPA6,PRV-EWJD2QDPA6,2024-06-03,2024-06-03,SYNTH,EM-EST-2,[],1.0,,,['SYN-DX-01'],11,173.92,142.61,128.35
LN-XXH8Y3KLYQ,CLM-APKN7ABAGQ,PRV-CYX8UDJJ75,PRV-CYX8UDJJ75,2024-08-14,2024-08-14,SYNTH,EM-EST-4,[],1.0,,,['SYN-DX-01'],11,203.58,166.94,150.25
LN-KSL53S2FBV,CLM-MKDMQRQFT3,PRV-E2KQR2ZK3Q,PRV-E2KQR2ZK3Q,2024-06-24,2024-06-24,NDC-SYN,NDC-OPIOID-01,[],1.0,,,['SYN-DX-01'],11,183.23,150.25,135.22
LN-WNJBS8RB7G,CLM-RT5NMW5WBB,PRV-HC5CWNTSHD,PRV-HC5CWNTSHD,2024-08-12,2024-08-12,SYNTH,EM-EST-2,[],1.0,,,['SYN-DX-01'],11,179.43,147.13,132.42
LN-YVDT964ZZC,CLM-9E4XKAJDE5,PRV-CYX8UDJJ75,PRV-CYX8UDJJ75,2024-06-22,2024-06-22,SYNTH,EM-EST-1,[],1.0,,,['SYN-DX-01'],11,182.35,149.53,134.58
LN-K2K4BNAFD2,CLM-ETLB2NDEU3,PRV-GG7BBL7G9L,PRV-GG7BBL7G9L,2024-06-02,2024-06-02,SYNTH,LAB-PNL-01,[],1.0,,,['SYN-DX-01'],11,179.78,147.42,132.68
LN-5F627C826P,CLM-RR5NCAAT99,PRV-CYX8UDJJ75,PRV-CYX8UDJJ75,2024-01-19,2024-01-19,SYNTH,EM-EST-4,[],1.0,,,['SYN-DX-01'],11,181.96,149.21,134.29
LN-6CVJVEVCH9,CLM-942SAG2RUJ,PRV-R6UGAZC4XJ,PRV-R6UGAZC4XJ,2024-04-20,2024-04-20,SYNTH,HH-VISIT,[],1.0,45.0,,['SYN-DX-01'],12,181.86,149.13,134.22
LN-LCK7T8SA8N,CLM-QJKZE2MJCE,PRV-5AE63K9XH5,PRV-5AE63K9XH5,2024-04-27,2024-04-27,SYNTH,HH-VISIT,[],1.0,45.0,,['SYN-DX-01'],12,188.03,154.18,138.76
LN-GR58RYC3Z9,CLM-U3SQTB6MJZ,PRV-96KL4VD67A,PRV-96KL4VD67A,2024-04-25,2024-04-25,SYNTH,LAB-GEN-01,[],1.0,,,['SYN-DX-01'],11,200.21,164.17,147.75
LN-Y73C3BZ2DG,CLM-3QKS5T4L38,PRV-R6UGAZC4XJ,PRV-R6UGAZC4XJ,2024-02-12,2024-02-12,SYNTH,HH-VISIT,[],1.0,45.0,,['SYN-DX-01'],12,180.0,147.6,132.84
LN-WMFJTPUVWR,CLM-X532TXVT2J,PRV-52P4GQD2DS,PRV-52P4GQD2DS,2024-06-17,2024-06-17,SYNTH,EM-EST-5,[],1.0,,,['SYN-DX-01'],11,190.07,155.86,140.27
LN-93RSEG5DRN,CLM-DMGBMVE7GQ,PRV-CYX8UDJJ75,PRV-CYX8UDJJ75,2024-03-05,2024-03-05,SYNTH,EM-EST-3,[],1.0,,,['SYN-DX-01'],11,176.98,145.12,130.61
LN-9G29M6K7FC,CLM-94HACY6SVG,PRV-R6UGAZC4XJ,PRV-R6UGAZC4XJ,2024-04-02,2024-04-02,SYNTH,HH-VISIT,[],1.0,45.0,,['SYN-DX-01'],12,185.85,152.4,137.16
LN-RNP3U2BH6S,CLM-DX3YE478YW,PRV-CYX8UDJJ75,PRV-CYX8UDJJ75,2024-07-08,2024-07-08,SYNTH,EM-EST-4,[],1.0,,,['SYN-DX-01'],11,172.46,141.42,127.28
LN-U447ZLVRZN,CLM-YMA63HYVYT,PRV-F63QP3FKES,PRV-F63QP3FKES,2024-06-28,2024-06-28,SYNTH,PSY-30,[],1.0,30.0,,['SYN-DX-01'],11,188.36,154.46,139.01
LN-TVGL77F4UP,CLM-Q5X3LHXHUT,PRV-F63QP3FKES,PRV-F63QP3FKES,2024-03-09,2024-03-09,SYNTH,PSY-30,[],1.0,30.0,,['SYN-DX-01'],11,194.68,159.64,143.68
LN-4YC5DNUUV3,CLM-L9SUHN2S62,PRV-HC5CWNTSHD,PRV-HC5CWNTSHD,2024-05-21,2024-05-21,SYNTH,EM-EST-2,[],1.0,,,['SYN-DX-01'],11,155.69,127.67,114.9
LN-DRMP48LMA7,CLM-CR8QBV2ZCP,PRV-GQ36BNJZ2W,PRV-GQ36BNJZ2W,2024-08-21,2024-08-21,SYNTH,HH-VISIT,[],1.0,45.0,,['SYN-DX-01'],12,183.1,150.14,135.13
LN-EUWH7VJPNM,CLM-5LVK7QXDGZ,PRV-HC5CWNTSHD,PRV-HC5CWNTSHD,2024-04-14,2024-04-14,SYNTH,EM-EST-3,[],1.0,,,['SYN-DX-01'],11,196.06,160.77,144.69
LN-WAZ48NWQ7R,CLM-JJQYZJRLM9,PRV-52P4GQD2DS,PRV-52P4GQD2DS,2024-03-20,2024-03-20,SYNTH,EM-EST-4,[],1.0,,,['SYN-DX-01'],11,179.25,146.98,132.28
LN-BM6K2URW49,CLM-CMX4EQMF4C,PRV-DVP5UVKXMG,PRV-DVP5UVKXMG,2024-02-21,2024-02-21,SYNTH,EM-EST-3,[],1.0,,,['SYN-DX-01'],11,180.42,147.94,133.15
LN-KN9Y5B8JHN,CLM-VH5PPZFVEL,PRV-HP4BWL7QC4,PRV-HP4BWL7QC4,2024-01-17,2024-01-17,SYNTH,FAC-DAY,[],1.0,,,['SYN-DX-01'],21,167.73,137.54,123.79
LN-ZHN7598KXZ,CLM-KE27S8MUH9,PRV-DLK2K6289C,PRV-DLK2K6289C,2024-05-21,2024-05-21,SYNTH,LAB-GEN-01,[],1.0,,,['SYN-DX-01'],11,193.6,158.75,142.88
LN-KUZLRPM29F,CLM-XAXCLDXT7R,PRV-H9LG5VAJ3J,PRV-H9LG5VAJ3J,2024-02-06,2024-02-06,SYNTH,FAC-DAY,[],1.0,,,['SYN-DX-01'],21,185.14,151.81,136.63
LN-6J668JY5B2,CLM-7P63JNLQSZ,PRV-96KL4VD67A,PRV-96KL4VD67A,2024-05-18,2024-05-18,SYNTH,LAB-GEN-01,[],1.0,,,['SYN-DX-01'],11,167.5,137.35,123.61
LN-PMSADA2KVJ,CLM-5FMAR9VY72,PRV-2RBJKMU8EL,PRV-2RBJKMU8EL,2024-03-16,2024-03-16,HCPCS2,A0425,[],28.0,,28.0,['SYN-DX-01'],41,268.91,220.51,198.46
LN-7792T7XWL2,CLM-NHSD6WXLHN,PRV-HP4BWL7QC4,PRV-HP4BWL7QC4,2024-05-07,2024-05-07,SYNTH,FAC-DAY,[],1.0,,,['SYN-DX-01'],21,179.72,147.37,132.63
LN-Q8BK6JJ2SE,CLM-NWGV7CR4L2,PRV-HP4BWL7QC4,PRV-HP4BWL7QC4,2024-01-07,2024-01-07,SYNTH,FAC-DAY,[],1.0,,,['SYN-DX-01'],21,198.36,162.66,146.39
LN-MHQMQYAEA2,CLM-XHMUZCTKNZ,PRV-NNZAMXRZ52,PRV-NNZAMXRZ52,2024-06-30,2024-06-30,NDC-SYN,NDC-OPIOID-01,[],1.0,,,['SYN-DX-01'],11,193.75,158.88,142.99
LN-4XA4Y5HLDX,CLM-USZ4L5TEWK,PRV-KB3DDTGVSY,PRV-KB3DDTGVSY,2024-01-17,2024-01-17,SYNTH,DME-CATH,[],1.0,,,['SYN-DX-01'],12,168.77,138.39,124.55
LN-T365WYQBGV,CLM-YHND2S35EF,PRV-9HWCXGYGRP,PRV-9HWCXGYGRP,2024-02-04,2024-02-04,SYNTH,PSY-30,[],1.0,30.0,,['SYN-DX-01'],11,174.01,142.69,128.42
LN-3P4ENXTTDK,CLM-WD8UT5TE8H,PRV-ZU6YL2HNHH,PRV-ZU6YL2HNHH,2024-07-16,2024-07-16,SYNTH,HH-VISIT,[],1.0,45.0,,['SYN-DX-01'],12,176.24,144.52,130.07
LN-TS8A3QL3QU,CLM-CESNCWUSGB,PRV-EGMCSQWZE2,PRV-EGMCSQWZE2,2024-06-09,2024-06-09,SYNTH,PSY-45,[],1.0,45.0,,['SYN-DX-01'],11,183.77,150.69,135.62
LN-35QFE2VMA4,CLM-GXNWDWQEN8,PRV-AEV55VW98C,PRV-AEV55VW98C,2024-02-26,2024-02-26,HCPCS2,A0427,[],1.0,,,['SYN-DX-01'],41,8.94,7.33,6.6
LN-NTBM24XYM6,CLM-W4R4SXEXWM,PRV-EGMCSQWZE2,PRV-EGMCSQWZE2,2024-05-29,2024-05-29,SYNTH,PSY-60,[],1.0,60.0,,['SYN-DX-01'],11,162.21,133.01,119.71
LN-TMHTE2AENN,CLM-DGH4LP87AZ,PRV-9HWCXGYGRP,PRV-9HWCXGYGRP,2024-08-27,2024-08-27,SYNTH,PSY-45,[],1.0,45.0,,['SYN-DX-01'],11,191.79,157.27,141.54
LN-9F8ZW642FD,CLM-TJRCY7VUPV,PRV-E2KQR2ZK3Q,PRV-E2KQR2ZK3Q,2024-04-02,2024-04-02,NDC-SYN,NDC-OPIOID-01,[],1.0,,,['SYN-DX-01'],11,180.54,148.04,133.24
LN-W3446GE52W,CLM-UZ7SKUHNAW,PRV-DLK2K6289C,PRV-DLK2K6289C,2024-03-22,2024-03-22,SYNTH,LAB-GEN-01,[],1.0,,,['SYN-DX-01'],11,161.03,132.04,118.84
LN-X5766XMYEL,CLM-K9JL4SQLZV,PRV-EWJD2QDPA6,PRV-EWJD2QDPA6,2024-06-03,2024-06-03,SYNTH,EM-EST-3,[],1.0,,,['SYN-DX-01'],11,176.81,144.98,130.48
LN-XPTZAXR99R,CLM-WNBNJMYB5C,PRV-52P4GQD2DS,PRV-52P4GQD2DS,2024-05-29,2024-05-29,SYNTH,EM-EST-2,[],1.0,,,['SYN-DX-01'],11,170.4,139.73,125.76
LN-9ECKRSQ29D,CLM-BA33Y7WT4N,PRV-ZU6YL2HNHH,PRV-ZU6YL2HNHH,2024-04-18,2024-04-18,SYNTH,HH-VISIT,[],1.0,45.0,,['SYN-DX-01'],12,197.01,161.55,145.4
LN-T98VNXNXM2,CLM-R5JQE26V8X,PRV-AEV55VW98C,PRV-AEV55VW98C,2024-04-29,2024-04-29,HCPCS2,A0425,[],7.0,,7.0,['SYN-DX-01'],41,59.12,48.48,43.63
LN-N6TG5DMYEF,CLM-2KR8VUPNGD,PRV-HP4BWL7QC4,PRV-HP4BWL7QC4,2024-04-03,2024-04-03,SYNTH,FAC-DAY,[],1.0,,,['SYN-DX-01'],21,188.0,154.16,138.74
LN-GRFJZ476DU,CLM-PRQCRTY78P,PRV-R6UGAZC4XJ,PRV-R6UGAZC4XJ,2024-05-18,2024-05-18,SYNTH,HH-VISIT,[],1.0,45.0,,['SYN-DX-01'],12,169.65,139.11,125.2
LN-582P3SH4UZ,CLM-KULXJBYTVQ,PRV-AEV55VW98C,PRV-AEV55VW98C,2024-02-13,2024-02-13,HCPCS2,A0427,[],1.0,,,['SYN-DX-01'],41,8.97,7.36,6.62
LN-67WRBWWXE3,CLM-544TNQBRJW,PRV-9HWCXGYGRP,PRV-9HWCXGYGRP,2024-03-31,2024-03-31,SYNTH,PSY-30,[],1.0,30.0,,['SYN-DX-01'],11,172.97,141.84,127.66
LN-QM3XZJBTPS,CLM-J9HVU3YUNW,PRV-HC5CWNTSHD,PRV-HC5CWNTSHD,2024-02-24,2024-02-24,SYNTH,EM-EST-3,[],1.0,,,['SYN-DX-01'],11,210.6,172.69,155.42
LN-ABXZY4M45G,CLM-DT8DSNMLBW,PRV-HC5CWNTSHD,PRV-HC5CWNTSHD,2024-06-30,2024-06-30,SYNTH,EM-EST-3,[],1.0,,,['SYN-DX-01'],11,181.68,148.98,134.08
LN-Z6BDJ2PQ5S,CLM-TJSSZ48UEJ,PRV-HP4BWL7QC4,PRV-HP4BWL7QC4,2024-07-08,2024-07-08,SYNTH,FAC-DAY,[],1.0,,,['SYN-DX-01'],21,178.77,146.59,131.93
LN-T9FZSXFA3D,CLM-KRRH9YSQTV,PRV-9HWCXGYGRP,PRV-9HWCXGYGRP,2024-01-03,2024-01-03,SYNTH,ABA-60,[],1.0,60.0,,['SYN-DX-01'],11,177.27,145.36,130.82
LN-UDNFXD6YA9,CLM-UPG548TVHY,PRV-NNZAMXRZ52,PRV-NNZAMXRZ52,2024-01-22,2024-01-22,NDC-SYN,NDC-OPIOID-01,[],1.0,,,['SYN-DX-01'],11,153.99,126.27,113.64
LN-WC55B4CABR,CLM-AGZ6HJNUCX,PRV-DVP5UVKXMG,PRV-DVP5UVKXMG,2024-04-18,2024-04-18,SYNTH,EM-EST-5,[],1.0,,,['SYN-DX-01'],11,159.45,130.75,117.67
LN-Z3RV26AR8Z,CLM-DNXRJ28B6D,PRV-QJ8CAJLGGT,PRV-QJ8CAJLGGT,2024-01-17,2024-01-17,SYNTH,FAC-DAY,[],1.0,,,['SYN-DX-01'],21,164.95,135.26,121.73
LN-LSF45EA8UF,CLM-8AEPV7RU6J,PRV-HC5CWNTSHD,PRV-HC5CWNTSHD,2024-02-23,2024-02-23,SYNTH,EM-EST-2,[],1.0,,,['SYN-DX-01'],11,172.28,141.27,127.14
LN-XXTPNHJ7XX,CLM-NGDFM4FYUU,PRV-LJD3M755ZS,PRV-LJD3M755ZS,2024-06-04,2024-06-04,HCPCS2,A0427,[],1.0,,,['SYN-DX-01'],41,9.01,7.39,6.65
LN-CBV23Z5E6A,CLM-67J6UNSFG3,PRV-96KL4VD67A,PRV-96KL4VD67A,2024-03-05,2024-03-05,SYNTH,LAB-GEN-01,[],1.0,,,['SYN-DX-01'],11,166.25,136.32,122.69
LN-AWAYWFZBFJ,CLM-S8Q87K6B94,PRV-Z84M5CG5BX,PRV-Z84M5CG5BX,2024-03-14,2024-03-14,NDC-SYN,NDC-OPIOID-01,[],1.0,,,['SYN-DX-01'],11,186.22,152.7,137.43
LN-Y55LKR8H9N,CLM-U46HTZT72C,PRV-EWJD2QDPA6,PRV-EWJD2QDPA6,2024-03-14,2024-03-14,SYNTH,EM-EST-1,[],1.0,,,['SYN-DX-01'],11,181.39,148.74,133.87
LN-CCH6ZNPZJG,CLM-DLEF5UTM54,PRV-ZU6YL2HNHH,PRV-ZU6YL2HNHH,2024-03-12,2024-03-12,SYNTH,HH-VISIT,[],1.0,45.0,,['SYN-DX-01'],12,186.14,152.63,137.37
LN-JRBEVTF899,CLM-WXVA68VJTU,PRV-52P4GQD2DS,PRV-52P4GQD2DS,2024-02-22,2024-02-22,SYNTH,EM-EST-1,[],1.0,,,['SYN-DX-01'],11,190.81,156.46,140.81
LN-X7HLBEV7P7,CLM-J75E297Q6K,PRV-HC5CWNTSHD,PRV-HC5CWNTSHD,2024-04-25,2024-04-25,SYNTH,EM-EST-4,[],1.0,,,['SYN-DX-01'],11,183.67,150.61,135.55
LN-EXCSRLDZPK,CLM-RZFYTXYKJ2,PRV-R6UGAZC4XJ,PRV-R6UGAZC4XJ,2024-04-07,2024-04-07,SYNTH,HH-VISIT,[],1.0,45.0,,['SYN-DX-01'],12,166.92,136.87,123.18
LN-CGHUUPDNK5,CLM-MW889DMYFR,PRV-GQ36BNJZ2W,PRV-GQ36BNJZ2W,2024-05-16,2024-05-16,SYNTH,HH-VISIT,[],1.0,45.0,,['SYN-DX-01'],12,190.07,155.86,140.27
LN-242LRNHMVY,CLM-H2SBCRGJRL,PRV-EWJD2QDPA6,PRV-EWJD2QDPA6,2024-08-14,2024-08-14,SYNTH,EM-EST-2,[],1.0,,,['SYN-DX-01'],11,177.47,145.53,130.98
LN-HLN39BNT3G,CLM-7ZQ3ZCYN4Y,PRV-5AE63K9XH5,PRV-5AE63K9XH5,2024-02-05,2024-02-05,SYNTH,HH-VISIT,[],1.0,45.0,,['SYN-DX-01'],12,164.13,134.59,121.13
LN-5EFTNBMP2F,CLM-YTDA4BWDBB,PRV-9HWCXGYGRP,PRV-9HWCXGYGRP,2024-04-19,2024-04-19,SYNTH,ABA-60,[],1.0,60.0,,['SYN-DX-01'],11,198.87,163.07,146.76
LN-T3934AGUP8,CLM-DEPXD3XFND,PRV-EWJD2QDPA6,PRV-EWJD2QDPA6,2024-06-20,2024-06-20,SYNTH,EM-EST-3,[],1.0,,,['SYN-DX-01'],11,189.2,155.14,139.63
LN-52H5HUA5PE,CLM-VFWD243Q2Z,PRV-GZWKQRABYX,PRV-GZWKQRABYX,2024-06-07,2024-06-07,SYNTH,FAC-DAY,[],1.0,,,['SYN-DX-01'],21,189.43,155.33,139.8
LN-2FY283H3S6,CLM-7PC6BG9574,PRV-QJ8CAJLGGT,PRV-QJ8CAJLGGT,2024-04-11,2024-04-11,SYNTH,FAC-DAY,[],1.0,,,['SYN-DX-01'],21,167.93,137.7,123.93
LN-U7VVBUA79S,CLM-335HV3TBGT,PRV-KB3DDTGVSY,PRV-KB3DDTGVSY,2024-05-30,2024-05-30,SYNTH,DME-CATH,[],1.0,,,['SYN-DX-01'],12,170.63,139.92,125.93
LN-J7XJTW87Q4,CLM-WTQHDUM6NH,PRV-EGMCSQWZE2,PRV-EGMCSQWZE2,2024-08-18,2024-08-18,SYNTH,PSY-45,[],1.0,45.0,,['SYN-DX-01'],11,170.03,139.42,125.48
LN-HME8R8C8MP,CLM-A7MS2VZJQN,PRV-GQ36BNJZ2W,PRV-GQ36BNJZ2W,2024-02-16,2024-02-16,SYNTH,HH-VISIT,[],1.0,45.0,,['SYN-DX-01'],12,191.86,157.33,141.6
LN-CTR5XG73L4,CLM-D3TW8XPQN3,PRV-DVP5UVKXMG,PRV-DVP5UVKXMG,2024-04-24,2024-04-24,SYNTH,EM-EST-5,[],1.0,,,['SYN-DX-01'],11,158.48,129.95,116.95
LN-UG94Q3ULEG,CLM-DVY5D6E2K3,PRV-HP4BWL7QC4,PRV-HP4BWL7QC4,2024-05-12,2024-05-12,SYNTH,FAC-DAY,[],1.0,,,['SYN-DX-01'],21,176.09,144.39,129.95
LN-SJWLXVT6BY,CLM-AVGW69SRM5,PRV-DVP5UVKXMG,PRV-DVP5UVKXMG,2024-08-02,2024-08-02,SYNTH,EM-EST-2,[],1.0,,,['SYN-DX-01'],11,193.38,158.57,142.71
LN-5GJ37S9A8R,CLM-7DA49V4NAC,PRV-LJD3M755ZS,PRV-LJD3M755ZS,2024-03-01,2024-03-01,HCPCS2,A0425,[],27.0,,27.0,['SYN-DX-01'],41,216.23,177.31,159.58
LN-7MCQF4BPMW,CLM-YWGNRJBCMK,PRV-F2HS2XPZAV,PRV-F2HS2XPZAV,2024-06-27,2024-06-27,NDC-SYN,NDC-OPIOID-01,[],1.0,,,['SYN-DX-01'],11,176.07,144.38,129.94
LN-FJPEYC42U3,CLM-DVCVAUEBCX,PRV-KB3DDTGVSY,PRV-KB3DDTGVSY,2024-02-11,2024-02-11,SYNTH,DME-CATH,[],1.0,,,['SYN-DX-01'],12,171.46,140.6,126.54
LN-7P3DUWA93X,CLM-DGW8V3GLY2,PRV-9HWCXGYGRP,PRV-9HWCXGYGRP,2024-03-18,2024-03-18,SYNTH,ABA-60,[],1.0,60.0,,['SYN-DX-01'],11,166.11,136.21,122.59
LN-R7QKGHLXR9,CLM-6EDAMTYP7G,PRV-GG7BBL7G9L,PRV-GG7BBL7G9L,2024-06-19,2024-06-19,SYNTH,LAB-GEN-01,[],1.0,,,['SYN-DX-01'],11,178.86,146.67,132.0
LN-SFV4NMS4Y2,CLM-DWEQSAQNQF,PRV-DVP5UVKXMG,PRV-DVP5UVKXMG,2024-06-27,2024-06-27,SYNTH,EM-EST-3,[],1.0,,,['SYN-DX-01'],11,203.63,166.98,150.28
LN-7Q28TTMEDZ,CLM-NH6823ULWM,PRV-5AE63K9XH5,PRV-5AE63K9XH5,2024-01-07,2024-01-07,SYNTH,HH-VISIT,[],1.0,45.0,,['SYN-DX-01'],12,172.67,141.59,127.43
LN-BD5TAVB2Q9,CLM-EDNVP9M74W,PRV-F63QP3FKES,PRV-F63QP3FKES,2024-05-08,2024-05-08,SYNTH,PSY-60,[],1.0,60.0,,['SYN-DX-01'],11,183.68,150.62,135.56
LN-VHL92MMVY7,CLM-LTJMG9XKZW,PRV-YHCS7YKNYQ,PRV-YHCS7YKNYQ,2024-02-11,2024-02-11,SYNTH,PSY-45,[],1.0,45.0,,['SYN-DX-01'],11,156.12,128.02,115.22
LN-Y4PQCQBYDT,CLM-BYMR4JZSUN,PRV-CYX8UDJJ75,PRV-CYX8UDJJ75,2024-03-23,2024-03-23,SYNTH,EM-EST-3,[],1.0,,,['SYN-DX-01'],11,162.55,133.29,119.96
LN-VQR3GHMQMN,CLM-5WDT67RGYE,PRV-R6UGAZC4XJ,PRV-R6UGAZC4XJ,2024-08-21,2024-08-21,SYNTH,HH-VISIT,[],1.0,45.0,,['SYN-DX-01'],12,182.76,149.86,134.87
LN-L5EFHVSHZL,CLM-XU8EFE2XSE,PRV-HC5CWNTSHD,PRV-HC5CWNTSHD,2024-05-05,2024-05-05,SYNTH,EM-EST-3,[],1.0,,,['SYN-DX-01'],11,182.99,150.05,135.05
LN-2CCKL9NEKB,CLM-GUS57DQWRA,PRV-R6UGAZC4XJ,PRV-R6UGAZC4XJ,2024-04-29,2024-04-29,SYNTH,HH-VISIT,[],1.0,45.0,,['SYN-DX-01'],12,178.98,146.76,132.08
LN-K68QTMGDUD,CLM-J6GL8QKXBA,PRV-NNZAMXRZ52,PRV-NNZAMXRZ52,2024-05-11,2024-05-11,NDC-SYN,NDC-OPIOID-01,[],1.0,,,['SYN-DX-01'],11,197.98,162.34,146.11
LN-TVG46M2ASP,CLM-9KSVGZ8HHR,PRV-LJD3M755ZS,PRV-LJD3M755ZS,2024-08-06,2024-08-06,HCPCS2,A0427,[],1.0,,,['SYN-DX-01'],41,9.04,7.41,6.67
LN-3TRRJCSBT5,CLM-RYNMVXXT52,PRV-9HWCXGYGRP,PRV-9HWCXGYGRP,2024-03-05,2024-03-05,SYNTH,PSY-45,[],1.0,45.0,,['SYN-DX-01'],11,161.9,132.76,119.48
LN-5MDPDSH7X5,CLM-QL3VMB96SF,PRV-Z84M5CG5BX,PRV-Z84M5CG5BX,2024-05-07,2024-05-07,NDC-SYN,NDC-OPIOID-01,[],1.0,,,['SYN-DX-01'],11,179.82,147.45,132.7
LN-RGP7KKUWFP,CLM-HW8JZPP6GF,PRV-YHCS7YKNYQ,PRV-YHCS7YKNYQ,2024-03-20,2024-03-20,SYNTH,PSY-45,[],1.0,45.0,,['SYN-DX-01'],11,166.97,136.92,123.23
LN-B6KUDXDPF6,CLM-CB2488756V,PRV-Z84M5CG5BX,PRV-Z84M5CG5BX,2024-06-09,2024-06-09,NDC-SYN,NDC-OPIOID-01,[],1.0,,,['SYN-DX-01'],11,184.53,151.31,136.18
LN-JQTMGYQTLP,CLM-EAXAFWURVL,PRV-2RBJKMU8EL,PRV-2RBJKMU8EL,2024-04-17,2024-04-17,HCPCS2,A0425,[],35.0,,35.0,['SYN-DX-01'],41,374.8,307.34,276.61
LN-Q4JFV2VVRP,CLM-EFQUZV83C6,PRV-52P4GQD2DS,PRV-52P4GQD2DS,2024-08-12,2024-08-12,SYNTH,EM-EST-1,[],1.0,,,['SYN-DX-01'],11,151.79,124.47,112.02
LN-78YC82E6CY,CLM-E2YYEDEPXD,PRV-YHCS7YKNYQ,PRV-YHCS7YKNYQ,2024-05-21,2024-05-21,SYNTH,PSY-45,[],1.0,45.0,,['SYN-DX-01'],11,177.71,145.72,131.15
LN-YUMHTMJJCF,CLM-ZFNNRJERWD,PRV-HC5CWNTSHD,PRV-HC5CWNTSHD,2024-03-11,2024-03-11,SYNTH,EM-EST-1,[],1.0,,,['SYN-DX-01'],11,180.9,148.34,133.51
LN-UNC6JKWF29,CLM-JU524VDS5M,PRV-FYQT8W8H8G,PRV-FYQT8W8H8G,2024-01-01,2024-01-01,SYNTH,DME-CATH,[],1.0,,,['SYN-DX-01'],12,172.05,141.08,126.97
LN-HP8E7WSXL9,CLM-396E6T96LP,PRV-52P4GQD2DS,PRV-52P4GQD2DS,2024-07-12,2024-07-12,SYNTH,EM-EST-5,[],1.0,,,['SYN-DX-01'],11,184.33,151.15,136.03
LN-YVQZ57UWQJ,CLM-YPS6F4NJMC,PRV-LJD3M755ZS,PRV-LJD3M755ZS,2024-03-09,2024-03-09,HCPCS2,A0427,[],1.0,,,['SYN-DX-01'],41,8.7,7.13,6.42
LN-LYSH3L9BYP,CLM-AUKU2GUDK6,PRV-5AE63K9XH5,PRV-5AE63K9XH5,2024-02-04,2024-02-04,SYNTH,HH-VISIT,[],1.0,45.0,,['SYN-DX-01'],12,157.11,128.83,115.95
LN-ARW42ZMZYM,CLM-5AVXYRT9J8,PRV-ZU6YL2HNHH,PRV-ZU6YL2HNHH,2024-02-11,2024-02-11,SYNTH,HH-VISIT,[],1.0,45.0,,['SYN-DX-01'],12,151.56,124.28,111.85
LN-4574EFRLMN,CLM-HZAE6C3429,PRV-52P4GQD2DS,PRV-52P4GQD2DS,2024-02-25,2024-02-25,SYNTH,EM-EST-3,[],1.0,,,['SYN-DX-01'],11,151.03,123.84,111.46
LN-A7TXHHR5JL,CLM-Z6MJ3MWQDZ,PRV-4TYA4STMB7,PRV-4TYA4STMB7,2024-08-08,2024-08-08,SYNTH,DME-CATH,[],1.0,,,['SYN-DX-01'],12,171.11,140.31,126.28
LN-PNGJMSXQWY,CLM-HNCG9D3Y2B,PRV-5AE63K9XH5,PRV-5AE63K9XH5,2024-05-06,2024-05-06,SYNTH,HH-VISIT,[],1.0,45.0,,['SYN-DX-01'],12,151.09,123.89,111.5
LN-V99XFHHN86,CLM-BTF8HHGY7V,PRV-KGZA99WKKT,PRV-KGZA99WKKT,2024-03-04,2024-03-04,HCPCS2,A0425,[],31.0,,31.0,['SYN-DX-01'],41,277.33,227.41,204.67
LN-77WRN3BL7R,CLM-5LTS9LY5G8,PRV-DVP5UVKXMG,PRV-DVP5UVKXMG,2024-06-20,2024-06-20,SYNTH,EM-EST-3,[],1.0,,,['SYN-DX-01'],11,187.86,154.05,138.65
LN-6SDJGFWDJJ,CLM-M4KGD5RNLD,PRV-5AE63K9XH5,PRV-5AE63K9XH5,2024-06-05,2024-06-05,SYNTH,HH-VISIT,[],1.0,45.0,,['SYN-DX-01'],12,199.9,163.92,147.53
LN-F7HXJDKUH4,CLM-XNKRUZRENG,PRV-HC5CWNTSHD,PRV-HC5CWNTSHD,2024-03-09,2024-03-09,SYNTH,EM-EST-2,[],1.0,,,['SYN-DX-01'],11,183.35,150.35,135.31
LN-CHSHSWQ86T,CLM-V6C8XH3YFA,PRV-E2KQR2ZK3Q,PRV-E2KQR2ZK3Q,2024-05-20,2024-05-20,NDC-SYN,NDC-OPIOID-01,[],1.0,,,['SYN-DX-01'],11,180.66,148.14,133.33
LN-4BR68MGVD7,CLM-CG7GHPM3QC,PRV-ZU6YL2HNHH,PRV-ZU6YL2HNHH,2024-01-07,2024-01-07,SYNTH,HH-VISIT,[],1.0,45.0,,['SYN-DX-01'],12,167.75,137.55,123.8
LN-539EU9XPG6,CLM-6YYLNL3CP4,PRV-R6UGAZC4XJ,PRV-R6UGAZC4XJ,2024-02-14,2024-02-14,SYNTH,HH-VISIT,[],1.0,45.0,,['SYN-DX-01'],12,176.19,144.48,130.03
LN-G9C859GPN7,CLM-DXNTLFWC9U,PRV-QJ8CAJLGGT,PRV-QJ8CAJLGGT,2024-01-06,2024-01-06,SYNTH,FAC-DAY,[],1.0,,,['SYN-DX-01'],21,201.51,165.24,148.72
LN-G36TFLLKER,CLM-YZ5SECBWUW,PRV-DVP5UVKXMG,PRV-DVP5UVKXMG,2024-07-10,2024-07-10,SYNTH,EM-EST-2,[],1.0,,,['SYN-DX-01'],11,172.57,141.51,127.36
LN-RQPMU8Z3FL,CLM-NXTMLVZUVA,PRV-9HWCXGYGRP,PRV-9HWCXGYGRP,2024-04-05,2024-04-05,SYNTH,PSY-30,[],1.0,30.0,,['SYN-DX-01'],11,185.67,152.25,137.03
LN-ALRTM59TKS,CLM-2LWJXQSK9L,PRV-TTYMZNZQCD,PRV-TTYMZNZQCD,2024-04-12,2024-04-12,SYNTH,LAB-PNL-01,[],1.0,,,['SYN-DX-01'],11,179.75,147.39,132.65
LN-LGN9V24P59,CLM-SANFUMHY99,PRV-CYX8UDJJ75,PRV-CYX8UDJJ75,2024-02-22,2024-02-22,SYNTH,EM-EST-4,[],1.0,,,['SYN-DX-01'],11,172.39,141.36,127.22
LN-ZJHKSAWDFL,CLM-M3AUCSBLAZ,PRV-H9LG5VAJ3J,PRV-H9LG5VAJ3J,2024-07-17,2024-07-17,SYNTH,FAC-DAY,[],1.0,,,['SYN-DX-01'],21,193.76,158.88,142.99
LN-ZN6ES8M5YJ,CLM-K7LS8B6LJX,PRV-HC5CWNTSHD,PRV-HC5CWNTSHD,2024-06-07,2024-06-07,SYNTH,EM-EST-2,[],1.0,,,['SYN-DX-01'],11,170.2,139.56,125.6
LN-LTEZ5ZQ73F,CLM-KSM6V6SRA6,PRV-TTYMZNZQCD,PRV-TTYMZNZQCD,2024-06-26,2024-06-26,SYNTH,LAB-PNL-01,[],1.0,,,['SYN-DX-01'],11,176.43,144.67,130.2
LN-UYBSGT95Q4,CLM-E8C9X5SGL8,PRV-ZU6YL2HNHH,PRV-ZU6YL2HNHH,2024-05-17,2024-05-17,SYNTH,HH-VISIT,[],1.0,45.0,,['SYN-DX-01'],12,195.4,160.23,144.21
LN-W9FCYZJ5LY,CLM-SSEJYS7KQY,PRV-NNZAMXRZ52,PRV-NNZAMXRZ52,2024-05-10,2024-05-10,NDC-SYN,NDC-OPIOID-01,[],1.0,,,['SYN-DX-01'],11,183.35,150.35,135.31
LN-AKVMSKQJCE,CLM-BEYBDPB7HG,PRV-NNZAMXRZ52,PRV-NNZAMXRZ52,2024-02-03,2024-02-03,NDC-SYN,NDC-OPIOID-01,[],1.0,,,['SYN-DX-01'],11,194.03,159.1,143.19
LN-5DAHB3YNLQ,CLM-2J4N8UTB5K,PRV-GZWKQRABYX,PRV-GZWKQRABYX,2024-08-14,2024-08-14,SYNTH,FAC-DAY,[],1.0,,,['SYN-DX-01'],21,172.2,141.2,127.08
LN-5LPPY9HYPH,CLM-6LFFZEH5VN,PRV-DVP5UVKXMG,PRV-DVP5UVKXMG,2024-05-22,2024-05-22,SYNTH,EM-EST-2,[],1.0,,,['SYN-DX-01'],11,163.25,133.86,120.47
LN-QWK2C2PTGC,CLM-6KCZG9PA2R,PRV-F2HS2XPZAV,PRV-F2HS2XPZAV,2024-06-16,2024-06-16,NDC-SYN,NDC-OPIOID-01,[],1.0,,,['SYN-DX-01'],11,198.38,162.67,146.4
LN-VEYPN9W8A5,CLM-E9BWNRVNTG,PRV-F2HS2XPZAV,PRV-F2HS2XPZAV,2024-04-24,2024-04-24,NDC-SYN,NDC-OPIOID-01,[],1.0,,,['SYN-DX-01'],11,159.43,130.73,117.66
LN-GMLBHQYP9N,CLM-FEMPBR5F7T,PRV-CYX8UDJJ75,PRV-CYX8UDJJ75,2024-03-01,2024-03-01,SYNTH,EM-EST-1,[],1.0,,,['SYN-DX-01'],11,172.75,141.66,127.49
LN-4LH5SVWBE9,CLM-QSTMGVLCPV,PRV-TTYMZNZQCD,PRV-TTYMZNZQCD,2024-02-24,2024-02-24,SYNTH,LAB-PNL-01,[],1.0,,,['SYN-DX-01'],11,166.42,136.46,122.81
LN-2NENR3BQSV,CLM-PJTHAPDM9N,PRV-Z84M5CG5BX,PRV-Z84M5CG5BX,2024-03-11,2024-03-11,NDC-SYN,NDC-OPIOID-01,[],1.0,,,['SYN-DX-01'],11,159.47,130.77,117.69
LN-MGVM2NWUHZ,CLM-BDND92GFSB,PRV-GQ36BNJZ2W,PRV-GQ36BNJZ2W,2024-08-15,2024-08-15,SYNTH,HH-VISIT,[],1.0,45.0,,['SYN-DX-01'],12,190.22,155.98,140.38
LN-6WHWYY7TX8,CLM-XPSMKEBXPX,PRV-HC5CWNTSHD,PRV-HC5CWNTSHD,2024-08-26,2024-08-26,SYNTH,EM-EST-3,[],1.0,,,['SYN-DX-01'],11,178.94,146.73,132.06
LN-LVEE5UFQLR,CLM-VGMFJHMJ94,PRV-DVP5UVKXMG,PRV-DVP5UVKXMG,2024-08-17,2024-08-17,SYNTH,EM-EST-2,[],1.0,,,['SYN-DX-01'],11,172.37,141.34,127.21
LN-Q24BTZZPPV,CLM-2NZ58KWA95,PRV-R6UGAZC4XJ,PRV-R6UGAZC4XJ,2024-01-26,2024-01-26,SYNTH,HH-VISIT,[],1.0,45.0,,['SYN-DX-01'],12,176.72,144.91,130.42
LN-YXJVLFHQPT,CLM-N45WV5R7BH,PRV-KB3DDTGVSY,PRV-KB3DDTGVSY,2024-04-17,2024-04-17,SYNTH,DME-CATH,[],1.0,,,['SYN-DX-01'],12,190.1,155.88,140.29
LN-W4RH36LCW2,CLM-6EJHJAX4SF,PRV-ZU6YL2HNHH,PRV-ZU6YL2HNHH,2024-02-01,2024-02-01,SYNTH,HH-VISIT,[],1.0,45.0,,['SYN-DX-01'],12,174.93,143.44,129.1
LN-ER29TUVZRA,CLM-8LDAXSP96R,PRV-QJ8CAJLGGT,PRV-QJ8CAJLGGT,2024-05-22,2024-05-22,SYNTH,FAC-DAY,[],1.0,,,['SYN-DX-01'],21,195.44,160.26,144.23
LN-3CSQQ6GFYY,CLM-TXY3RWWRPC,PRV-LVGM3QWE3V,PRV-LVGM3QWE3V,2024-02-19,2024-02-19,SYNTH,DME-CATH,[],1.0,,,['SYN-DX-01'],12,181.06,148.47,133.62
LN-C7LPJ8AGBQ,CLM-YARXTU6W3G,PRV-F63QP3FKES,PRV-F63QP3FKES,2024-05-27,2024-05-27,SYNTH,PSY-45,[],1.0,45.0,,['SYN-DX-01'],11,165.7,135.87,122.28
LN-BADLKHPYF4,CLM-AMYL9J3L5F,PRV-H9LG5VAJ3J,PRV-H9LG5VAJ3J,2024-03-13,2024-03-13,SYNTH,FAC-DAY,[],1.0,,,['SYN-DX-01'],21,181.41,148.76,133.88
LN-ZDRDTRY24C,CLM-6ALW2YK93N,PRV-HC5CWNTSHD,PRV-HC5CWNTSHD,2024-07-22,2024-07-22,SYNTH,EM-EST-4,[],1.0,,,['SYN-DX-01'],11,196.84,161.41,145.27
LN-HTY883JA78,CLM-BKTH82PC8D,PRV-52P4GQD2DS,PRV-52P4GQD2DS,2024-06-06,2024-06-06,SYNTH,EM-EST-4,[],1.0,,,['SYN-DX-01'],11,175.79,144.15,129.74
LN-558WEZK4XS,CLM-9LQXHWEGQR,PRV-DVP5UVKXMG,PRV-DVP5UVKXMG,2024-03-15,2024-03-15,SYNTH,EM-EST-4,[],1.0,,,['SYN-DX-01'],11,175.76,144.12,129.71
LN-RL3TL8PUY6,CLM-3J5J22QXX6,PRV-HC5CWNTSHD,PRV-HC5CWNTSHD,2024-05-06,2024-05-06,SYNTH,EM-EST-4,[],1.0,,,['SYN-DX-01'],11,177.76,145.76,131.18
LN-8R2ZW3YF8K,CLM-5EB85S2B5M,PRV-52P4GQD2DS,PRV-52P4GQD2DS,2024-03-07,2024-03-07,SYNTH,EM-EST-4,[],1.0,,,['SYN-DX-01'],11,175.24,143.7,129.33
LN-N2FY3PAB78,CLM-CFSTGFGYKB,PRV-4TYA4STMB7,PRV-4TYA4STMB7,2024-04-08,2024-04-08,SYNTH,DME-CATH,[],1.0,,,['SYN-DX-01'],12,199.54,163.62,147.26
LN-ZKGCQECFN9,CLM-LM8MSDGX8K,PRV-52P4GQD2DS,PRV-52P4GQD2DS,2024-02-05,2024-02-05,SYNTH,EM-EST-3,[],1.0,,,['SYN-DX-01'],11,190.18,155.95,140.35
LN-8VYNNAKZJ8,CLM-Z7U9WVBV8Q,PRV-TTYMZNZQCD,PRV-TTYMZNZQCD,2024-08-04,2024-08-04,SYNTH,LAB-PNL-01,[],1.0,,,['SYN-DX-01'],11,174.02,142.7,128.43
LN-J3STVNEN5F,CLM-HPRV9PK874,PRV-P8SZX5BYHL,PRV-P8SZX5BYHL,2024-04-21,2024-04-21,NDC-SYN,NDC-OPIOID-01,[],1.0,,,['SYN-DX-01'],11,162.34,133.12,119.81
LN-5SVN394LF5,CLM-MM4VKJ5N7L,PRV-GG7BBL7G9L,PRV-GG7BBL7G9L,2024-08-27,2024-08-27,SYNTH,LAB-GEN-01,[],1.0,,,['SYN-DX-01'],11,194.57,159.55,143.6
LN-GMQ5AMPTYF,CLM-9QG2F2DVLG,PRV-F2HS2XPZAV,PRV-F2HS2XPZAV,2024-08-04,2024-08-04,NDC-SYN,NDC-OPIOID-01,[],1.0,,,['SYN-DX-01'],11,180.48,147.99,133.19
LN-XPJG2CR7E2,CLM-4WP3EG4X7Y,PRV-F63QP3FKES,PRV-F63QP3FKES,2024-07-31,2024-07-31,SYNTH,PSY-45,[],1.0,45.0,,['SYN-DX-01'],11,187.6,153.83,138.45
LN-RGGXZT72VE,CLM-REGDVYSLB3,PRV-2RBJKMU8EL,PRV-2RBJKMU8EL,2024-02-20,2024-02-20,HCPCS2,A0425,[],26.0,,26.0,['SYN-DX-01'],41,249.21,204.35,183.91
LN-34S5RJ2QG5,CLM-7RWUXEV37Z,PRV-5AE63K9XH5,PRV-5AE63K9XH5,2024-08-19,2024-08-19,SYNTH,HH-VISIT,[],1.0,45.0,,['SYN-DX-01'],12,180.49,148.0,133.2
LN-T2R99YU376,CLM-64WSTY6U85,PRV-YHCS7YKNYQ,PRV-YHCS7YKNYQ,2024-06-27,2024-06-27,SYNTH,PSY-30,[],1.0,30.0,,['SYN-DX-01'],11,157.18,128.89,116.0
LN-4JB9QW7AXL,CLM-6ZXW67VWNM,PRV-DVP5UVKXMG,PRV-DVP5UVKXMG,2024-03-06,2024-03-06,SYNTH,EM-EST-3,[],1.0,,,['SYN-DX-01'],11,171.7,140.79,126.71
LN-GVF93YAB8P,CLM-AKYCPWCHV6,PRV-H9LG5VAJ3J,PRV-H9LG5VAJ3J,2024-03-10,2024-03-10,SYNTH,FAC-DAY,[],1.0,,,['SYN-DX-01'],21,169.36,138.88,124.99
LN-6KHJJRYFJX,CLM-24742WYZP9,PRV-HC5CWNTSHD,PRV-HC5CWNTSHD,2024-08-15,2024-08-15,SYNTH,EM-EST-5,[],1.0,,,['SYN-DX-01'],11,154.06,126.33,113.7
LN-3G2SGLPDZ7,CLM-AFZLJ8KECX,PRV-KGZA99WKKT,PRV-KGZA99WKKT,2024-05-29,2024-05-29,HCPCS2,A0427,[],1.0,,,['SYN-DX-01'],41,8.11,6.65,5.99
LN-H3UV38ZJAZ,CLM-7DNR7UGCBV,PRV-GQ36BNJZ2W,PRV-GQ36BNJZ2W,2024-04-05,2024-04-05,SYNTH,HH-VISIT,[],1.0,45.0,,['SYN-DX-01'],12,171.27,140.44,126.4
LN-JNJUMMKVEL,CLM-4L9GMPL2FB,PRV-6LZYWNNT2J,PRV-6LZYWNNT2J,2024-05-24,2024-05-24,SYNTH,LAB-GEN-01,[],1.0,,,['SYN-DX-01'],11,193.77,158.89,143.0
LN-9VDMBUPBXS,CLM-QPDUCFUK3Q,PRV-YHCS7YKNYQ,PRV-YHCS7YKNYQ,2024-03-09,2024-03-09,SYNTH,ABA-60,[],1.0,60.0,,['SYN-DX-01'],11,176.05,144.36,129.92
LN-MUN6PQRMVM,CLM-6SK66VGGG6,PRV-CYX8UDJJ75,PRV-CYX8UDJJ75,2024-02-27,2024-02-27,SYNTH,EM-EST-3,[],1.0,,,['SYN-DX-01'],11,169.9,139.32,125.39
LN-4KWZADSFBC,CLM-X5L5GUE8HD,PRV-EGMCSQWZE2,PRV-EGMCSQWZE2,2024-07-02,2024-07-02,SYNTH,PSY-45,[],1.0,45.0,,['SYN-DX-01'],11,170.83,140.08,126.07
LN-9AQ7XXPEEF,CLM-6HLGDZF85G,PRV-CYX8UDJJ75,PRV-CYX8UDJJ75,2024-03-26,2024-03-26,SYNTH,EM-EST-2,[],1.0,,,['SYN-DX-01'],11,171.84,140.91,126.82
LN-2UJTHY3F63,CLM-H5K57SXH76,PRV-LVGM3QWE3V,PRV-LVGM3QWE3V,2024-04-12,2024-04-12,SYNTH,DME-CATH,[],1.0,,,['SYN-DX-01'],12,182.95,150.02,135.02
LN-BS8NKCNNBZ,CLM-URWSM6JA3R,PRV-LEVZRZGE33,PRV-LEVZRZGE33,2024-03-02,2024-03-02,SYNTH,FAC-DAY,[],1.0,,,['SYN-DX-01'],21,168.45,138.13,124.32
LN-PTVQ5UWNRG,CLM-HA4XZD4BR6,PRV-EWJD2QDPA6,PRV-EWJD2QDPA6,2024-08-06,2024-08-06,SYNTH,EM-EST-3,[],1.0,,,['SYN-DX-01'],11,199.53,163.61,147.25
LN-9VYHDLL68C,CLM-L8Y3JWURQP,PRV-HC5CWNTSHD,PRV-HC5CWNTSHD,2024-07-28,2024-07-28,SYNTH,EM-EST-5,[],1.0,,,['SYN-DX-01'],11,165.55,135.75,122.17
LN-K6JNDPCH5U,CLM-WYPW9XQQAL,PRV-DLK2K6289C,PRV-DLK2K6289C,2024-04-17,2024-04-17,SYNTH,LAB-PNL-01,[],1.0,,,['SYN-DX-01'],11,193.93,159.02,143.12
LN-L4H756A4WJ,CLM-NX2PRFPGYC,PRV-9HWCXGYGRP,PRV-9HWCXGYGRP,2024-04-20,2024-04-20,SYNTH,PSY-30,[],1.0,30.0,,['SYN-DX-01'],11,195.39,160.22,144.2
LN-2D9LP8BZE9,CLM-VA8G2ZA8P4,PRV-HC5CWNTSHD,PRV-HC5CWNTSHD,2024-05-22,2024-05-22,SYNTH,EM-EST-4,[],1.0,,,['SYN-DX-01'],11,191.66,157.16,141.44
LN-7PXVEYBNZ6,CLM-TJ2WEDRY4P,PRV-YHCS7YKNYQ,PRV-YHCS7YKNYQ,2024-01-21,2024-01-21,SYNTH,PSY-45,[],1.0,45.0,,['SYN-DX-01'],11,172.25,141.25,127.12
LN-HRL8WRSM4Z,CLM-Y5UTXKZSSP,PRV-KB3DDTGVSY,PRV-KB3DDTGVSY,2024-03-02,2024-03-02,SYNTH,DME-CATH,[],1.0,,,['SYN-DX-01'],12,161.65,132.55,119.3
LN-JGZUHU82WT,CLM-73U4CMYMYS,PRV-DVP5UVKXMG,PRV-DVP5UVKXMG,2024-03-20,2024-03-20,SYNTH,EM-EST-3,[],1.0,,,['SYN-DX-01'],11,153.79,126.11,113.5
LN-38ZVWQKGXZ,CLM-8DK5PAMVJU,PRV-EWJD2QDPA6,PRV-EWJD2QDPA6,2024-04-07,2024-04-07,SYNTH,EM-EST-4,[],1.0,,,['SYN-DX-01'],11,161.41,132.36,119.12
LN-N8HAV9ZUE7,CLM-HSM4TADH89,PRV-ZU6YL2HNHH,PRV-ZU6YL2HNHH,2024-04-07,2024-04-07,SYNTH,HH-VISIT,[],1.0,45.0,,['SYN-DX-01'],12,183.57,150.53,135.48
LN-UFNESYLEZF,CLM-GGRRNNJY4M,PRV-GQ36BNJZ2W,PRV-GQ36BNJZ2W,2024-03-16,2024-03-16,SYNTH,HH-VISIT,[],1.0,45.0,,['SYN-DX-01'],12,187.91,154.09,138.68
LN-FC6QJDU6QZ,CLM-JTMGS3F277,PRV-DVP5UVKXMG,PRV-DVP5UVKXMG,2024-01-27,2024-01-27,SYNTH,EM-EST-2,[],1.0,,,['SYN-DX-01'],11,187.49,153.74,138.37
LN-LQA7FLQF3Y,CLM-XA4BXZP7PG,PRV-E2KQR2ZK3Q,PRV-E2KQR2ZK3Q,2024-02-26,2024-02-26,NDC-SYN,NDC-OPIOID-01,[],1.0,,,['SYN-DX-01'],11,203.33,166.73,150.06
LN-6KLGAWGAK4,CLM-GMAXNY5KXR,PRV-QJ8CAJLGGT,PRV-QJ8CAJLGGT,2024-04-03,2024-04-03,SYNTH,FAC-DAY,[],1.0,,,['SYN-DX-01'],21,183.09,150.13,135.12
LN-H94GXWQ7WH,CLM-YG7CP69CNC,PRV-CYX8UDJJ75,PRV-CYX8UDJJ75,2024-07-16,2024-07-16,SYNTH,EM-EST-3,[],1.0,,,['SYN-DX-01'],11,185.5,152.11,136.9
LN-PVVD6H4RRZ,CLM-9KFLACMTZ4,PRV-DLK2K6289C,PRV-DLK2K6289C,2024-08-01,2024-08-01,SYNTH,LAB-PNL-01,[],1.0,,,['SYN-DX-01'],11,152.09,124.71,112.24
LN-837ZGJPCRF,CLM-FGK65PW86N,PRV-DLK2K6289C,PRV-DLK2K6289C,2024-07-23,2024-07-23,SYNTH,LAB-GEN-01,[],1.0,,,['SYN-DX-01'],11,176.13,144.43,129.99
LN-M5RVMVTUHX,CLM-56EUTWKXY8,PRV-DLK2K6289C,PRV-DLK2K6289C,2024-06-16,2024-06-16,SYNTH,LAB-PNL-01,[],1.0,,,['SYN-DX-01'],11,176.23,144.51,130.06
LN-7ZUTUCG4DY,CLM-9E7ZEMCZA9,PRV-9HWCXGYGRP,PRV-9HWCXGYGRP,2024-03-31,2024-03-31,SYNTH,PSY-30,[],1.0,30.0,,['SYN-DX-01'],11,155.09,127.17,114.45
LN-QA9CLYM7M6,CLM-MZVV7J5GVJ,PRV-R6UGAZC4XJ,PRV-R6UGAZC4XJ,2024-08-09,2024-08-09,SYNTH,HH-VISIT,[],1.0,45.0,,['SYN-DX-01'],12,191.71,157.2,141.48
LN-NTE3W3NU67,CLM-XF62Q26X5Q,PRV-HC5CWNTSHD,PRV-HC5CWNTSHD,2024-04-08,2024-04-08,SYNTH,EM-EST-3,[],1.0,,,['SYN-DX-01'],11,199.69,163.75,147.38
LN-HH3HR73RJ8,CLM-TD7VFTB7KB,PRV-LEVZRZGE33,PRV-LEVZRZGE33,2024-08-16,2024-08-16,SYNTH,FAC-DAY,[],1.0,,,['SYN-DX-01'],21,183.85,150.76,135.68
LN-MV9CQVFJMK,CLM-8QPVAU6VQC,PRV-FYQT8W8H8G,PRV-FYQT8W8H8G,2024-04-22,2024-04-22,SYNTH,DME-CATH,[],1.0,,,['SYN-DX-01'],12,167.49,137.34,123.61
LN-RF5F8FKNSA,CLM-XVHJAGWBRG,PRV-R6UGAZC4XJ,PRV-R6UGAZC4XJ,2024-08-05,2024-08-05,SYNTH,HH-VISIT,[],1.0,45.0,,['SYN-DX-01'],12,172.08,141.11,127.0
LN-Y7SYDSHMRH,CLM-WQY8FKZX3L,PRV-6LZYWNNT2J,PRV-6LZYWNNT2J,2024-05-27,2024-05-27,SYNTH,LAB-PNL-01,[],1.0,,,['SYN-DX-01'],11,177.81,145.8,131.22
LN-JH6X8CTTZX,CLM-CV9FFH4ZHQ,PRV-TTYMZNZQCD,PRV-TTYMZNZQCD,2024-07-11,2024-07-11,SYNTH,LAB-PNL-01,[],1.0,,,['SYN-DX-01'],11,191.11,156.71,141.04
LN-TBYTRA3UB4,CLM-WKGDM7UF8F,PRV-LEVZRZGE33,PRV-LEVZRZGE33,2024-03-17,2024-03-17,SYNTH,FAC-DAY,[],1.0,,,['SYN-DX-01'],21,191.06,156.67,141.0
LN-Q97WK8DW82,CLM-PMFPHTTZHW,PRV-2RBJKMU8EL,PRV-2RBJKMU8EL,2024-06-07,2024-06-07,HCPCS2,A0425,[],33.0,,33.0,['SYN-DX-01'],41,298.68,244.92,220.43
LN-BT6XRPCPN7,CLM-P37Z8WCD5X,PRV-CYX8UDJJ75,PRV-CYX8UDJJ75,2024-06-28,2024-06-28,SYNTH,EM-EST-3,[],1.0,,,['SYN-DX-01'],11,171.03,140.24,126.22
LN-XSQ8Y7F2N3,CLM-SHHDSFAKDF,PRV-GZWKQRABYX,PRV-GZWKQRABYX,2024-06-17,2024-06-17,SYNTH,FAC-DAY,[],1.0,,,['SYN-DX-01'],21,183.33,150.33,135.3
LN-5UZXGDEG3N,CLM-KEQHAJN2FQ,PRV-DVP5UVKXMG,PRV-DVP5UVKXMG,2024-01-21,2024-01-21,SYNTH,EM-EST-5,[],1.0,,,['SYN-DX-01'],11,181.79,149.07,134.16
LN-8CU2SEGJDQ,CLM-PHKEFKAMHW,PRV-KGZA99WKKT,PRV-KGZA99WKKT,2024-06-16,2024-06-16,HCPCS2,A0425,[],8.0,,8.0,['SYN-DX-01'],41,69.18,56.73,51.06
LN-AVCHTLE9XC,CLM-PT94ZAGP5S,PRV-LVGM3QWE3V,PRV-LVGM3QWE3V,2024-03-17,2024-03-17,SYNTH,DME-CATH,[],1.0,,,['SYN-DX-01'],12,203.76,167.08,150.37
LN-MBV33LH9HE,CLM-NK8PVRVT4E,PRV-4TYA4STMB7,PRV-4TYA4STMB7,2024-05-19,2024-05-19,SYNTH,DME-CATH,[],1.0,,,['SYN-DX-01'],12,193.45,158.63,142.77
LN-CQ27UX3E78,CLM-V5Q9T6BSYE,PRV-EGMCSQWZE2,PRV-EGMCSQWZE2,2024-02-05,2024-02-05,SYNTH,PSY-30,[],1.0,30.0,,['SYN-DX-01'],11,178.97,146.76,132.08
LN-G2RSSPUZSN,CLM-CFZJV5XT62,PRV-52P4GQD2DS,PRV-52P4GQD2DS,2024-06-13,2024-06-13,SYNTH,EM-EST-3,[],1.0,,,['SYN-DX-01'],11,216.19,177.28,159.55
LN-E8HYJJA5HU,CLM-SH47HGAZ6M,PRV-GQ36BNJZ2W,PRV-GQ36BNJZ2W,2024-07-18,2024-07-18,SYNTH,HH-VISIT,[],1.0,45.0,,['SYN-DX-01'],12,166.69,136.69,123.02
LN-J2DN2MH57F,CLM-EGNTQCATNF,PRV-FYQT8W8H8G,PRV-FYQT8W8H8G,2024-05-19,2024-05-19,SYNTH,DME-CATH,[],1.0,,,['SYN-DX-01'],12,181.24,148.62,133.76
LN-2LLEJ5SNCC,CLM-97CA8K68DT,PRV-6LZYWNNT2J,PRV-6LZYWNNT2J,2024-08-26,2024-08-26,SYNTH,LAB-GEN-01,[],1.0,,,['SYN-DX-01'],11,171.5,140.63,126.57
LN-TGMES8F28A,CLM-QPQYWHC9GC,PRV-KB3DDTGVSY,PRV-KB3DDTGVSY,2024-08-13,2024-08-13,SYNTH,DME-CATH,[],1.0,,,['SYN-DX-01'],12,187.11,153.43,138.09
LN-NP3PFSSQV5,CLM-NXPYUC6D2Q,PRV-DVP5UVKXMG,PRV-DVP5UVKXMG,2024-08-24,2024-08-24,SYNTH,EM-EST-3,[],1.0,,,['SYN-DX-01'],11,189.76,155.6,140.04
LN-4YXLAYW22S,CLM-5NWN7A2UUB,PRV-CYX8UDJJ75,PRV-CYX8UDJJ75,2024-05-16,2024-05-16,SYNTH,EM-EST-2,[],1.0,,,['SYN-DX-01'],11,172.87,141.75,127.58
LN-YN84C72U5S,CLM-KKQD9F8EBH,PRV-EWJD2QDPA6,PRV-EWJD2QDPA6,2024-05-21,2024-05-21,SYNTH,EM-EST-3,[],1.0,,,['SYN-DX-01'],11,188.94,154.93,139.44
LN-LYCXWKVKUE,CLM-488HRUGQRR,PRV-F63QP3FKES,PRV-F63QP3FKES,2024-03-24,2024-03-24,SYNTH,PSY-30,[],1.0,30.0,,['SYN-DX-01'],11,190.56,156.26,140.63
LN-QTYWMVBX8R,CLM-QBT532VWB2,PRV-QJ8CAJLGGT,PRV-QJ8CAJLGGT,2024-03-20,2024-03-20,SYNTH,FAC-DAY,[],1.0,,,['SYN-DX-01'],21,172.44,141.4,127.26
LN-LSTN4LXTNB,CLM-VJ7KM77JJD,PRV-52P4GQD2DS,PRV-52P4GQD2DS,2024-02-16,2024-02-16,SYNTH,EM-EST-3,[],1.0,,,['SYN-DX-01'],11,180.07,147.66,132.89
LN-CUGZ2EJPSD,CLM-UNF88RX6E6,PRV-HP4BWL7QC4,PRV-HP4BWL7QC4,2024-03-13,2024-03-13,SYNTH,FAC-DAY,[],1.0,,,['SYN-DX-01'],21,200.05,164.04,147.64
LN-BEHE67CLGU,CLM-ZD76UT62X7,PRV-52P4GQD2DS,PRV-52P4GQD2DS,2024-05-08,2024-05-08,SYNTH,EM-EST-3,[],1.0,,,['SYN-DX-01'],11,161.98,132.82,119.54
LN-CCLBC2UPLA,CLM-WNA54LJMS4,PRV-HC5CWNTSHD,PRV-HC5CWNTSHD,2024-05-03,2024-05-03,SYNTH,EM-EST-2,[],1.0,,,['SYN-DX-01'],11,182.88,149.96,134.96
LN-A4A34JCUK8,CLM-792C8TSPYR,PRV-KB3DDTGVSY,PRV-KB3DDTGVSY,2024-06-27,2024-06-27,SYNTH,DME-CATH,[],1.0,,,['SYN-DX-01'],12,163.38,133.97,120.57
LN-QETZ6E8DT4,CLM-KW238KH4DX,PRV-AEV55VW98C,PRV-AEV55VW98C,2024-04-06,2024-04-06,HCPCS2,A0427,[],1.0,,,['SYN-DX-01'],41,8.97,7.36,6.62
LN-JFFZPQQEES,CLM-4V3PW7HR8U,PRV-LJD3M755ZS,PRV-LJD3M755ZS,2024-03-29,2024-03-29,HCPCS2,A0425,[],23.0,,23.0,['SYN-DX-01'],41,203.87,167.17,150.45
LN-4D353BQH6U,CLM-USY6B43BVM,PRV-6LZYWNNT2J,PRV-6LZYWNNT2J,2024-08-05,2024-08-05,SYNTH,LAB-GEN-01,[],1.0,,,['SYN-DX-01'],11,169.16,138.71,124.84
LN-BKJCRCSMCM,CLM-EPDRVVTD7F,PRV-EWJD2QDPA6,PRV-EWJD2QDPA6,2024-05-07,2024-05-07,SYNTH,EM-EST-4,[],1.0,,,['SYN-DX-01'],11,168.77,138.39,124.55
LN-286975L64Q,CLM-FXC2BEFWT2,PRV-9HWCXGYGRP,PRV-9HWCXGYGRP,2024-01-09,2024-01-09,SYNTH,PSY-60,[],1.0,60.0,,['SYN-DX-01'],11,183.99,150.87,135.78
LN-U392TL2UZZ,CLM-M2DURYU6U9,PRV-DVP5UVKXMG,PRV-DVP5UVKXMG,2024-08-13,2024-08-13,SYNTH,EM-EST-3,[],1.0,,,['SYN-DX-01'],11,174.28,142.91,128.62
LN-BHNFF689C2,CLM-EX29FPH4BP,PRV-HC5CWNTSHD,PRV-HC5CWNTSHD,2024-04-22,2024-04-22,SYNTH,EM-EST-3,[],1.0,,,['SYN-DX-01'],11,192.01,157.45,141.7
LN-FTVKV5NUMN,CLM-ARZCPZ3HLH,PRV-96KL4VD67A,PRV-96KL4VD67A,2024-07-28,2024-07-28,SYNTH,LAB-GEN-01,[],1.0,,,['SYN-DX-01'],11,178.22,146.14,131.53
LN-U25A2JNQFH,CLM-9V2JTGR8EH,PRV-E2KQR2ZK3Q,PRV-E2KQR2ZK3Q,2024-08-25,2024-08-25,NDC-SYN,NDC-OPIOID-01,[],1.0,,,['SYN-DX-01'],11,174.42,143.02,128.72
LN-U9GWUQZ2PY,CLM-B3WMWUUWQ5,PRV-KGZA99WKKT,PRV-KGZA99WKKT,2024-03-19,2024-03-19,HCPCS2,A0425,[],29.0,,29.0,['SYN-DX-01'],41,262.71,215.42,193.88
LN-EC8XLSBWSM,CLM-G9TN5E2329,PRV-HC5CWNTSHD,PRV-HC5CWNTSHD,2024-03-19,2024-03-19,SYNTH,EM-EST-2,[],1.0,,,['SYN-DX-01'],11,200.55,164.45,148.0
LN-XMPTQ359VC,CLM-TY8BZUZGRS,PRV-9HWCXGYGRP,PRV-9HWCXGYGRP,2024-04-13,2024-04-13,SYNTH,ABA-60,[],1.0,60.0,,['SYN-DX-01'],11,159.66,130.92,117.83
LN-HHMFT5H7X5,CLM-4HV6JWXW4P,PRV-EGMCSQWZE2,PRV-EGMCSQWZE2,2024-03-20,2024-03-20,SYNTH,ABA-60,[],1.0,60.0,,['SYN-DX-01'],11,166.37,136.42,122.78
LN-JR2NFWEQXP,CLM-VDSH2D8JRD,PRV-GZWKQRABYX,PRV-GZWKQRABYX,2024-06-22,2024-06-22,SYNTH,FAC-DAY,[],1.0,,,['SYN-DX-01'],21,185.88,152.42,137.18
LN-F46JT8BUH2,CLM-JWRGCYCR3J,PRV-QJ8CAJLGGT,PRV-QJ8CAJLGGT,2024-07-15,2024-07-15,SYNTH,FAC-DAY,[],1.0,,,['SYN-DX-01'],21,188.06,154.21,138.79
LN-RJEA6UNYS7,CLM-EL4DNDW3ZJ,PRV-52P4GQD2DS,PRV-52P4GQD2DS,2024-02-10,2024-02-10,SYNTH,EM-EST-5,[],1.0,,,['SYN-DX-01'],11,165.99,136.11,122.5
LN-HLLPXDNX3A,CLM-DN4QMM24LM,PRV-P8SZX5BYHL,PRV-P8SZX5BYHL,2024-03-21,2024-03-21,NDC-SYN,NDC-OPIOID-01,[],1.0,,,['SYN-DX-01'],11,192.72,158.03,142.23
LN-HWFGD945CG,CLM-M9ZVLPYX4L,PRV-NNZAMXRZ52,PRV-NNZAMXRZ52,2024-01-24,2024-01-24,NDC-SYN,NDC-OPIOID-01,[],1.0,,,['SYN-DX-01'],11,158.58,130.04,117.04
LN-ZA6N3JF8L9,CLM-58DVUVPQ8L,PRV-EGMCSQWZE2,PRV-EGMCSQWZE2,2024-03-19,2024-03-19,SYNTH,PSY-45,[],1.0,45.0,,['SYN-DX-01'],11,199.97,163.98,147.58
LN-WVQSG6YWZC,CLM-AV9G48EQJ2,PRV-ZU6YL2HNHH,PRV-ZU6YL2HNHH,2024-07-10,2024-07-10,SYNTH,HH-VISIT,[],1.0,45.0,,['SYN-DX-01'],12,169.45,138.95,125.05
LN-HMG9FPS5U7,CLM-C2L9SS6AYA,PRV-5AE63K9XH5,PRV-5AE63K9XH5,2024-08-07,2024-08-07,SYNTH,HH-VISIT,[],1.0,45.0,,['SYN-DX-01'],12,194.38,159.39,143.45
LN-FVASQXWWTU,CLM-JJ26X7MUKV,PRV-F63QP3FKES,PRV-F63QP3FKES,2024-05-19,2024-05-19,SYNTH,PSY-60,[],1.0,60.0,,['SYN-DX-01'],11,173.19,142.02,127.82
LN-3HPVLXCKRH,CLM-FTJM2NRAY3,PRV-DVP5UVKXMG,PRV-DVP5UVKXMG,2024-02-25,2024-02-25,SYNTH,EM-EST-4,[],1.0,,,['SYN-DX-01'],11,172.75,141.66,127.49
LN-WA3VKN9KAY,CLM-YKG8Y289KY,PRV-GG7BBL7G9L,PRV-GG7BBL7G9L,2024-01-26,2024-01-26,SYNTH,LAB-PNL-01,[],1.0,,,['SYN-DX-01'],11,175.99,144.31,129.88
LN-DL5WMPQHME,CLM-2VJA7T2BEQ,PRV-GQ36BNJZ2W,PRV-GQ36BNJZ2W,2024-05-15,2024-05-15,SYNTH,HH-VISIT,[],1.0,45.0,,['SYN-DX-01'],12,172.92,141.79,127.61
LN-75PPVNDVTA,CLM-CNM45D5JCL,PRV-AEV55VW98C,PRV-AEV55VW98C,2024-05-06,2024-05-06,HCPCS2,A0425,[],28.0,,28.0,['SYN-DX-01'],41,259.03,212.4,191.16
LN-JPRFJQLK3T,CLM-U784XMJY7E,PRV-DVP5UVKXMG,PRV-DVP5UVKXMG,2024-03-30,2024-03-30,SYNTH,EM-EST-4,[],1.0,,,['SYN-DX-01'],11,187.57,153.81,138.43
LN-SSCSUXERPA,CLM-UVJN6S3VZB,PRV-FYQT8W8H8G,PRV-FYQT8W8H8G,2024-06-21,2024-06-21,SYNTH,DME-CATH,[],1.0,,,['SYN-DX-01'],12,165.77,135.93,122.34
LN-9DEMASQEVJ,CLM-9KBW93NEUR,PRV-GG7BBL7G9L,PRV-GG7BBL7G9L,2024-07-26,2024-07-26,SYNTH,LAB-GEN-01,[],1.0,,,['SYN-DX-01'],11,172.3,141.29,127.16
LN-BMMATHDFGT,CLM-LQUNVVD7LU,PRV-2RBJKMU8EL,PRV-2RBJKMU8EL,2024-07-08,2024-07-08,HCPCS2,A0427,[],1.0,,,['SYN-DX-01'],41,8.54,7.0,6.3
LN-CMXVQRC5XA,CLM-K2SGND5J54,PRV-52P4GQD2DS,PRV-52P4GQD2DS,2024-06-13,2024-06-13,SYNTH,EM-EST-3,[],1.0,,,['SYN-DX-01'],11,178.26,146.17,131.55
LN-B598GYVFA7,CLM-3HVJ5W6FTS,PRV-F63QP3FKES,PRV-F63QP3FKES,2024-03-27,2024-03-27,SYNTH,PSY-30,[],1.0,30.0,,['SYN-DX-01'],11,212.35,174.13,156.72
LN-CFSYGJ7P3Y,CLM-B4A4CV64FD,PRV-H9LG5VAJ3J,PRV-H9LG5VAJ3J,2024-04-23,2024-04-23,SYNTH,FAC-DAY,[],1.0,,,['SYN-DX-01'],21,183.35,150.35,135.31
LN-TT4P3JBCZP,CLM-QKL5JGNBUP,PRV-CYX8UDJJ75,PRV-CYX8UDJJ75,2024-06-07,2024-06-07,SYNTH,EM-EST-2,[],1.0,,,['SYN-DX-01'],11,167.46,137.32,123.59
LN-23JMVXA3NY,CLM-QMT38T32EK,PRV-ZU6YL2HNHH,PRV-ZU6YL2HNHH,2024-07-25,2024-07-25,SYNTH,HH-VISIT,[],1.0,45.0,,['SYN-DX-01'],12,170.7,139.97,125.97
LN-3DYA6T3UU9,CLM-HPDCZZN2MB,PRV-Z84M5CG5BX,PRV-Z84M5CG5BX,2024-01-12,2024-01-12,NDC-SYN,NDC-OPIOID-01,[],1.0,,,['SYN-DX-01'],11,171.51,140.64,126.58
LN-F56ASFVAGX,CLM-VQCD3GD3C6,PRV-5AE63K9XH5,PRV-5AE63K9XH5,2024-02-14,2024-02-14,SYNTH,HH-VISIT,[],1.0,45.0,,['SYN-DX-01'],12,194.24,159.28,143.35
LN-CSCPLJWSBR,CLM-FTARRWRAKD,PRV-LEVZRZGE33,PRV-LEVZRZGE33,2024-03-14,2024-03-14,SYNTH,FAC-DAY,[],1.0,,,['SYN-DX-01'],21,170.77,140.03,126.03
LN-T7XCRCVKZ2,CLM-UL2VTMF2MU,PRV-5AE63K9XH5,PRV-5AE63K9XH5,2024-03-01,2024-03-01,SYNTH,HH-VISIT,[],1.0,45.0,,['SYN-DX-01'],12,181.97,149.22,134.3
LN-4652B2XRLP,CLM-ZU7FNEYT5U,PRV-GG7BBL7G9L,PRV-GG7BBL7G9L,2024-05-25,2024-05-25,SYNTH,LAB-GEN-01,[],1.0,,,['SYN-DX-01'],11,167.91,137.69,123.92
LN-S6BF8HS3J7,CLM-CN79E33379,PRV-DVP5UVKXMG,PRV-DVP5UVKXMG,2024-03-08,2024-03-08,SYNTH,EM-EST-3,[],1.0,,,['SYN-DX-01'],11,166.13,136.23,122.61
LN-8NNZMKY2HY,CLM-LJC27JK24N,PRV-52P4GQD2DS,PRV-52P4GQD2DS,2024-08-11,2024-08-11,SYNTH,EM-EST-5,[],1.0,,,['SYN-DX-01'],11,172.3,141.29,127.16
LN-TN954BES3R,CLM-YGN42UAWJY,PRV-5AE63K9XH5,PRV-5AE63K9XH5,2024-04-23,2024-04-23,SYNTH,HH-VISIT,[],1.0,45.0,,['SYN-DX-01'],12,159.6,130.87,117.78
LN-C3KAYN9J7S,CLM-T6L99X5AAK,PRV-EGMCSQWZE2,PRV-EGMCSQWZE2,2024-03-08,2024-03-08,SYNTH,PSY-30,[],1.0,30.0,,['SYN-DX-01'],11,200.03,164.02,147.62
LN-T3LYGVJ2Q9,CLM-R7TQDH43PQ,PRV-GG7BBL7G9L,PRV-GG7BBL7G9L,2024-05-23,2024-05-23,SYNTH,LAB-PNL-01,[],1.0,,,['SYN-DX-01'],11,190.51,156.22,140.6
LN-3FVCLGU664,CLM-8DVTUSMUBA,PRV-KB3DDTGVSY,PRV-KB3DDTGVSY,2024-07-27,2024-07-27,SYNTH,DME-CATH,[],1.0,,,['SYN-DX-01'],12,175.5,143.91,129.52
LN-68Q76A68HD,CLM-S5CEUMRZ7R,PRV-Z84M5CG5BX,PRV-Z84M5CG5BX,2024-02-28,2024-02-28,NDC-SYN,NDC-OPIOID-01,[],1.0,,,['SYN-DX-01'],11,170.42,139.74,125.77
LN-5QLHSLBA5X,CLM-8FRSVMFG55,PRV-EGMCSQWZE2,PRV-EGMCSQWZE2,2024-02-05,2024-02-05,SYNTH,PSY-30,[],1.0,30.0,,['SYN-DX-01'],11,195.06,159.95,143.95
LN-PRJUHQH8W6,CLM-ECGCQEWLB6,PRV-DLK2K6289C,PRV-DLK2K6289C,2024-08-09,2024-08-09,SYNTH,LAB-GEN-01,[],1.0,,,['SYN-DX-01'],11,165.02,135.32,121.79
LN-GA5R6RMLAS,CLM-SU84VVJD8V,PRV-5AE63K9XH5,PRV-5AE63K9XH5,2024-08-19,2024-08-19,SYNTH,HH-VISIT,[],1.0,45.0,,['SYN-DX-01'],12,181.4,148.75,133.88
LN-46AR2WTKPY,CLM-H23VZ44VNP,PRV-HP4BWL7QC4,PRV-HP4BWL7QC4,2024-07-30,2024-07-30,SYNTH,FAC-DAY,[],1.0,,,['SYN-DX-01'],21,174.49,143.08,128.77
LN-N3JU38SW2E,CLM-MPBJMZLYLP,PRV-LJD3M755ZS,PRV-LJD3M755ZS,2024-04-06,2024-04-06,HCPCS2,A0427,[],1.0,,,['SYN-DX-01'],41,9.79,8.03,7.23
LN-4GMTLYAXAH,CLM-PXETSJ3EVJ,PRV-H9LG5VAJ3J,PRV-H9LG5VAJ3J,2024-03-01,2024-03-01,SYNTH,FAC-DAY,[],1.0,,,['SYN-DX-01'],21,174.95,143.46,129.11
LN-69XTHEDRF5,CLM-2ZSF4DZKW8,PRV-GQ36BNJZ2W,PRV-GQ36BNJZ2W,2024-04-23,2024-04-23,SYNTH,HH-VISIT,[],1.0,45.0,,['SYN-DX-01'],12,170.34,139.68,125.71
LN-ETSVT4UWE8,CLM-C6JR4TZF76,PRV-DLK2K6289C,PRV-DLK2K6289C,2024-08-25,2024-08-25,SYNTH,LAB-GEN-01,[],1.0,,,['SYN-DX-01'],11,198.43,162.71,146.44
LN-HVKRF6AY9Z,CLM-2AZD4S6CSF,PRV-KB3DDTGVSY,PRV-KB3DDTGVSY,2024-05-06,2024-05-06,SYNTH,DME-CATH,[],1.0,,,['SYN-DX-01'],12,180.9,148.34,133.51
LN-2J272DDNKZ,CLM-P7WNZ7TDYY,PRV-H9LG5VAJ3J,PRV-H9LG5VAJ3J,2024-03-11,2024-03-11,SYNTH,FAC-DAY,[],1.0,,,['SYN-DX-01'],21,175.05,143.54,129.19
LN-8BJGSB9NT5,CLM-GLLVTP4H5Z,PRV-4TYA4STMB7,PRV-4TYA4STMB7,2024-02-06,2024-02-06,SYNTH,DME-CATH,[],1.0,,,['SYN-DX-01'],12,175.71,144.08,129.67
LN-TA4E5SVX25,CLM-GSY9XLX6TX,PRV-CYX8UDJJ75,PRV-CYX8UDJJ75,2024-08-05,2024-08-05,SYNTH,EM-EST-3,[],1.0,,,['SYN-DX-01'],11,188.59,154.64,139.18
LN-YMVCCXJ5DH,CLM-23K969X8H7,PRV-EWJD2QDPA6,PRV-EWJD2QDPA6,2024-05-16,2024-05-16,SYNTH,EM-EST-4,[],1.0,,,['SYN-DX-01'],11,183.84,150.75,135.68
LN-CQMRPZBYMN,CLM-8HYZ6N8CYG,PRV-52P4GQD2DS,PRV-52P4GQD2DS,2024-03-05,2024-03-05,SYNTH,EM-EST-5,[],1.0,,,['SYN-DX-01'],11,180.11,147.69,132.92
LN-U99T2XE9PP,CLM-WMZAXV227F,PRV-HC5CWNTSHD,PRV-HC5CWNTSHD,2024-05-04,2024-05-04,SYNTH,EM-EST-2,[],1.0,,,['SYN-DX-01'],11,178.65,146.49,131.84
LN-SS54V236BK,CLM-LWD5RX5JZ9,PRV-ZU6YL2HNHH,PRV-ZU6YL2HNHH,2024-08-03,2024-08-03,SYNTH,HH-VISIT,[],1.0,45.0,,['SYN-DX-01'],12,177.12,145.24,130.72
LN-NN5FJ4X5VS,CLM-KCRP7BFE7T,PRV-F63QP3FKES,PRV-F63QP3FKES,2024-03-17,2024-03-17,SYNTH,ABA-60,[],1.0,60.0,,['SYN-DX-01'],11,194.93,159.84,143.86
LN-DSDNXZRDER,CLM-GDXCF3HLVF,PRV-GQ36BNJZ2W,PRV-GQ36BNJZ2W,2024-03-20,2024-03-20,SYNTH,HH-VISIT,[],1.0,45.0,,['SYN-DX-01'],12,182.64,149.76,134.78
LN-6JN995H9QY,CLM-92AFB967EJ,PRV-96KL4VD67A,PRV-96KL4VD67A,2024-04-21,2024-04-21,SYNTH,LAB-PNL-01,[],1.0,,,['SYN-DX-01'],11,167.63,137.46,123.71
LN-3DK9LWBV3C,CLM-7ZHL3ZBY6P,PRV-CYX8UDJJ75,PRV-CYX8UDJJ75,2024-04-04,2024-04-04,SYNTH,EM-EST-3,[],1.0,,,['SYN-DX-01'],11,171.61,140.72,126.65
LN-EXGSJDS77X,CLM-78DDD6MLZP,PRV-YHCS7YKNYQ,PRV-YHCS7YKNYQ,2024-08-07,2024-08-07,SYNTH,PSY-60,[],1.0,60.0,,['SYN-DX-01'],11,189.61,155.48,139.93
LN-DVHXVY57P6,CLM-QVWR3WM9N8,PRV-EGMCSQWZE2,PRV-EGMCSQWZE2,2024-07-02,2024-07-02,SYNTH,PSY-60,[],1.0,60.0,,['SYN-DX-01'],11,185.84,152.39,137.15
LN-5W5J83QWDU,CLM-EF8BXJAUSH,PRV-YHCS7YKNYQ,PRV-YHCS7YKNYQ,2024-02-06,2024-02-06,SYNTH,ABA-60,[],1.0,60.0,,['SYN-DX-01'],11,198.06,162.41,146.17
LN-SJ4VXS9DRQ,CLM-LP5JLNBM26,PRV-52P4GQD2DS,PRV-52P4GQD2DS,2024-03-15,2024-03-15,SYNTH,EM-EST-5,[],1.0,,,['SYN-DX-01'],11,184.12,150.98,135.88
LN-URZSRL9NG2,CLM-C3RY24Q62W,PRV-F2HS2XPZAV,PRV-F2HS2XPZAV,2024-02-04,2024-02-04,NDC-SYN,NDC-OPIOID-01,[],1.0,,,['SYN-DX-01'],11,174.27,142.9,128.61
LN-S2UWBD32Y2,CLM-GJ382AG4RV,PRV-H9LG5VAJ3J,PRV-H9LG5VAJ3J,2024-05-19,2024-05-19,SYNTH,FAC-DAY,[],1.0,,,['SYN-DX-01'],21,195.91,160.65,144.59
LN-L78E8KE8JX,CLM-9KDRPMWXBN,PRV-CYX8UDJJ75,PRV-CYX8UDJJ75,2024-06-09,2024-06-09,SYNTH,EM-EST-4,[],1.0,,,['SYN-DX-01'],11,191.84,157.31,141.58
LN-J9NJ24SVS5,CLM-9KRJYBLP23,PRV-52P4GQD2DS,PRV-52P4GQD2DS,2024-07-04,2024-07-04,SYNTH,EM-EST-3,[],1.0,,,['SYN-DX-01'],11,181.32,148.68,133.81
LN-BKB7Q3952W,CLM-54U3APSWPL,PRV-Z84M5CG5BX,PRV-Z84M5CG5BX,2024-05-10,2024-05-10,NDC-SYN,NDC-OPIOID-01,[],1.0,,,['SYN-DX-01'],11,186.93,153.28,137.95
LN-D8QLL4L52B,CLM-GL76GFCVUA,PRV-LJD3M755ZS,PRV-LJD3M755ZS,2024-03-06,2024-03-06,HCPCS2,A0427,[],1.0,,,['SYN-DX-01'],41,9.62,7.89,7.1
LN-PVD2N49NC6,CLM-QJUPNKLNKV,PRV-ZU6YL2HNHH,PRV-ZU6YL2HNHH,2024-06-05,2024-06-05,SYNTH,HH-VISIT,[],1.0,45.0,,['SYN-DX-01'],12,177.01,145.15,130.64
LN-7G9PMPA42D,CLM-JAD46GHY6R,PRV-NNZAMXRZ52,PRV-NNZAMXRZ52,2024-03-08,2024-03-08,NDC-SYN,NDC-OPIOID-01,[],1.0,,,['SYN-DX-01'],11,172.92,141.79,127.61
LN-3LARZ7645H,CLM-UBKHZ5S2XE,PRV-6LZYWNNT2J,PRV-6LZYWNNT2J,2024-02-05,2024-02-05,SYNTH,LAB-PNL-01,[],1.0,,,['SYN-DX-01'],11,181.07,148.48,133.63
LN-MAY4PRC7GR,CLM-K6MF3BJ7SD,PRV-9HWCXGYGRP,PRV-9HWCXGYGRP,2024-08-04,2024-08-04,SYNTH,PSY-60,[],1.0,60.0,,['SYN-DX-01'],11,174.91,143.43,129.09
LN-9DTAKJDDMG,CLM-MRNR7WKD9J,PRV-96KL4VD67A,PRV-96KL4VD67A,2024-02-19,2024-02-19,SYNTH,LAB-PNL-01,[],1.0,,,['SYN-DX-01'],11,174.41,143.02,128.72
LN-PGYSA882YK,CLM-Z97MDVREQW,PRV-LEVZRZGE33,PRV-LEVZRZGE33,2024-06-29,2024-06-29,SYNTH,FAC-DAY,[],1.0,,,['SYN-DX-01'],21,202.11,165.73,149.16
LN-EK8WAS33FK,CLM-VW5BMZDLP5,PRV-GQ36BNJZ2W,PRV-GQ36BNJZ2W,2024-06-10,2024-06-10,SYNTH,HH-VISIT,[],1.0,45.0,,['SYN-DX-01'],12,182.27,149.46,134.51
LN-XERQTL5BAT,CLM-LTL5JV3HF4,PRV-EWJD2QDPA6,PRV-EWJD2QDPA6,2024-07-23,2024-07-23,SYNTH,EM-EST-3,[],1.0,,,['SYN-DX-01'],11,179.48,147.17,132.45
LN-DG29JLNRBT,CLM-S9PUVN7WC8,PRV-HC5CWNTSHD,PRV-HC5CWNTSHD,2024-05-05,2024-05-05,SYNTH,EM-EST-2,[],1.0,,,['SYN-DX-01'],11,179.79,147.43,132.69
LN-Q7DD6KVV32,CLM-ZA6DJCA7VL,PRV-LEVZRZGE33,PRV-LEVZRZGE33,2024-01-08,2024-01-08,SYNTH,FAC-DAY,[],1.0,,,['SYN-DX-01'],21,184.63,151.4,136.26
LN-QZYC92CWMZ,CLM-ZMMNGT3ENV,PRV-5AE63K9XH5,PRV-5AE63K9XH5,2024-05-23,2024-05-23,SYNTH,HH-VISIT,[],1.0,45.0,,['SYN-DX-01'],12,183.97,150.86,135.77
LN-EW3PM82HB6,CLM-6DYAN47UDR,PRV-DVP5UVKXMG,PRV-DVP5UVKXMG,2024-04-14,2024-04-14,SYNTH,EM-EST-3,[],1.0,,,['SYN-DX-01'],11,176.61,144.82,130.34
LN-WY7PGVTJSR,CLM-KA3PRWSBX6,PRV-YHCS7YKNYQ,PRV-YHCS7YKNYQ,2024-08-06,2024-08-06,SYNTH,PSY-45,[],1.0,45.0,,['SYN-DX-01'],11,186.68,153.08,137.77
LN-VWL7J3Z4FF,CLM-QYX64E6Z9Q,PRV-CYX8UDJJ75,PRV-CYX8UDJJ75,2024-01-07,2024-01-07,SYNTH,EM-EST-4,[],1.0,,,['SYN-DX-01'],11,159.78,131.02,117.92
LN-D37PA2SGYJ,CLM-UR8ZZZDCMV,PRV-ZU6YL2HNHH,PRV-ZU6YL2HNHH,2024-07-19,2024-07-19,SYNTH,HH-VISIT,[],1.0,45.0,,['SYN-DX-01'],12,175.0,143.5,129.15
LN-QAB2G85GZW,CLM-85QVWZ6VCP,PRV-QJ8CAJLGGT,PRV-QJ8CAJLGGT,2024-07-29,2024-07-29,SYNTH,FAC-DAY,[],1.0,,,['SYN-DX-01'],21,178.83,146.64,131.98
LN-A24DM6DU55,CLM-AUSN8GTCWQ,PRV-GQ36BNJZ2W,PRV-GQ36BNJZ2W,2024-05-07,2024-05-07,SYNTH,HH-VISIT,[],1.0,45.0,,['SYN-DX-01'],12,179.1,146.86,132.17
LN-8QXJMK2JNR,CLM-CAAQ6WR8VT,PRV-QJ8CAJLGGT,PRV-QJ8CAJLGGT,2024-02-29,2024-02-29,SYNTH,FAC-DAY,[],1.0,,,['SYN-DX-01'],21,169.13,138.69,124.82
LN-4DCSUZGB2J,CLM-5RVCKNEJYC,PRV-YHCS7YKNYQ,PRV-YHCS7YKNYQ,2024-03-09,2024-03-09,SYNTH,ABA-60,[],1.0,60.0,,['SYN-DX-01'],11,173.79,142.51,128.26
LN-79QVWXWBMS,CLM-JRZ595A5PZ,PRV-9HWCXGYGRP,PRV-9HWCXGYGRP,2024-02-08,2024-02-08,SYNTH,PSY-30,[],1.0,30.0,,['SYN-DX-01'],11,166.73,136.72,123.05
LN-NB5PYR82BW,CLM-TF8AUKB4MS,PRV-CYX8UDJJ75,PRV-CYX8UDJJ75,2024-04-27,2024-04-27,SYNTH,EM-EST-2,[],1.0,,,['SYN-DX-01'],11,193.38,158.57,142.71
LN-YPAHY2A5UN,CLM-W35TVM3XM8,PRV-CYX8UDJJ75,PRV-CYX8UDJJ75,2024-06-15,2024-06-15,SYNTH,EM-EST-2,[],1.0,,,['SYN-DX-01'],11,186.11,152.61,137.35
LN-L4LCLHMDJ6,CLM-2S2DEW6J45,PRV-52P4GQD2DS,PRV-52P4GQD2DS,2024-06-08,2024-06-08,SYNTH,EM-EST-3,[],1.0,,,['SYN-DX-01'],11,182.45,149.61,134.65
LN-EEYCQSE7R4,CLM-GWGNEWDTVD,PRV-EGMCSQWZE2,PRV-EGMCSQWZE2,2024-01-06,2024-01-06,SYNTH,ABA-60,[],1.0,60.0,,['SYN-DX-01'],11,182.27,149.46,134.51
LN-X24XSV7HRR,CLM-FP3UUD7N6P,PRV-LJD3M755ZS,PRV-LJD3M755ZS,2024-02-03,2024-02-03,HCPCS2,A0427,[],1.0,,,['SYN-DX-01'],41,8.46,6.94,6.25
LN-RHEVK94SKW,CLM-468A4WHXNM,PRV-AEV55VW98C,PRV-AEV55VW98C,2024-06-27,2024-06-27,HCPCS2,A0425,[],13.0,,13.0,['SYN-DX-01'],41,117.22,96.12,86.51
LN-UCMMCMK8JD,CLM-M98E6J8YLT,PRV-F63QP3FKES,PRV-F63QP3FKES,2024-07-22,2024-07-22,SYNTH,PSY-45,[],1.0,45.0,,['SYN-DX-01'],11,184.46,151.26,136.13
LN-38QFVVQUYE,CLM-X8KJHTPQ26,PRV-GZWKQRABYX,PRV-GZWKQRABYX,2024-06-18,2024-06-18,SYNTH,FAC-DAY,[],1.0,,,['SYN-DX-01'],21,196.8,161.38,145.24
LN-29F3RNBLHM,CLM-MTAN6S88X2,PRV-HC5CWNTSHD,PRV-HC5CWNTSHD,2024-03-06,2024-03-06,SYNTH,EM-EST-4,[],1.0,,,['SYN-DX-01'],11,179.33,147.05,132.35
LN-JUCSPFBVF5,CLM-B74JAPL6PA,PRV-DVP5UVKXMG,PRV-DVP5UVKXMG,2024-08-20,2024-08-20,SYNTH,EM-EST-2,[],1.0,,,['SYN-DX-01'],11,175.2,143.66,129.29
LN-NY4CDVZHEE,CLM-9R5GSSRPTD,PRV-EGMCSQWZE2,PRV-EGMCSQWZE2,2024-07-13,2024-07-13,SYNTH,PSY-45,[],1.0,45.0,,['SYN-DX-01'],11,171.41,140.56,126.5
LN-WYRPM5PMNU,CLM-TSX6FXW76H,PRV-LVGM3QWE3V,PRV-LVGM3QWE3V,2024-07-15,2024-07-15,SYNTH,DME-CATH,[],1.0,,,['SYN-DX-01'],12,174.21,142.85,128.56
LN-EABK2AKYDX,CLM-RG3VDTZ3KY,PRV-Z84M5CG5BX,PRV-Z84M5CG5BX,2024-07-11,2024-07-11,NDC-SYN,NDC-OPIOID-01,[],1.0,,,['SYN-DX-01'],11,197.31,161.79,145.61
LN-X8F5XGEE57,CLM-5KS87HB6EC,PRV-ZU6YL2HNHH,PRV-ZU6YL2HNHH,2024-03-19,2024-03-19,SYNTH,HH-VISIT,[],1.0,45.0,,['SYN-DX-01'],12,185.34,151.98,136.78
LN-8DKHS4ZRMU,CLM-JKDY5X268N,PRV-HP4BWL7QC4,PRV-HP4BWL7QC4,2024-05-13,2024-05-13,SYNTH,FAC-DAY,[],1.0,,,['SYN-DX-01'],21,165.56,135.76,122.18
LN-3MXQATFJA2,CLM-Y9HWKHUPTH,PRV-9HWCXGYGRP,PRV-9HWCXGYGRP,2024-02-23,2024-02-23,SYNTH,PSY-60,[],1.0,60.0,,['SYN-DX-01'],11,181.29,148.66,133.79
LN-T7AXNPN2ZL,CLM-YHG7PAXPPP,PRV-LJD3M755ZS,PRV-LJD3M755ZS,2024-05-29,2024-05-29,HCPCS2,A0427,[],1.0,,,['SYN-DX-01'],41,9.74,7.99,7.19
LN-ZAFJ8B3ZYF,CLM-DQUMX59JGC,PRV-96KL4VD67A,PRV-96KL4VD67A,2024-03-17,2024-03-17,SYNTH,LAB-GEN-01,[],1.0,,,['SYN-DX-01'],11,151.09,123.89,111.5
LN-GS2PJGW9KW,CLM-VYJL98JP3X,PRV-5AE63K9XH5,PRV-5AE63K9XH5,2024-08-08,2024-08-08,SYNTH,HH-VISIT,[],1.0,45.0,,['SYN-DX-01'],12,169.56,139.04,125.14
LN-7G5J78BLUW,CLM-VWMHBP53LR,PRV-QJ8CAJLGGT,PRV-QJ8CAJLGGT,2024-05-11,2024-05-11,SYNTH,FAC-DAY,[],1.0,,,['SYN-DX-01'],21,180.12,147.7,132.93
LN-ZZH94TN5MW,CLM-SFHTZPRYY2,PRV-ZU6YL2HNHH,PRV-ZU6YL2HNHH,2024-02-16,2024-02-16,SYNTH,HH-VISIT,[],1.0,45.0,,['SYN-DX-01'],12,183.38,150.37,135.33
LN-ZFEPRPWSWK,CLM-K5WTUMCBME,PRV-9HWCXGYGRP,PRV-9HWCXGYGRP,2024-07-11,2024-07-11,SYNTH,PSY-30,[],1.0,30.0,,['SYN-DX-01'],11,172.77,141.67,127.5
LN-PJEX3YWDUJ,CLM-WV27LMXH28,PRV-2RBJKMU8EL,PRV-2RBJKMU8EL,2024-07-04,2024-07-04,HCPCS2,A0427,[],1.0,,,['SYN-DX-01'],41,9.88,8.1,7.29
LN-32F25DPN3H,CLM-DAY58GHDYG,PRV-ZU6YL2HNHH,PRV-ZU6YL2HNHH,2024-07-15,2024-07-15,SYNTH,HH-VISIT,[],1.0,45.0,,['SYN-DX-01'],12,158.67,130.11,117.1
LN-XVHH58KLE6,CLM-UZ8SH4C7M8,PRV-4TYA4STMB7,PRV-4TYA4STMB7,2024-06-15,2024-06-15,SYNTH,DME-CATH,[],1.0,,,['SYN-DX-01'],12,194.43,159.43,143.49
LN-JGZP4MTMYJ,CLM-ZSVM39SBJW,PRV-CYX8UDJJ75,PRV-CYX8UDJJ75,2024-04-02,2024-04-02,SYNTH,EM-EST-4,[],1.0,,,['SYN-DX-01'],11,191.65,157.15,141.44
LN-QJUTT7G57K,CLM-U24REWALSZ,PRV-F63QP3FKES,PRV-F63QP3FKES,2024-04-19,2024-04-19,SYNTH,ABA-60,[],1.0,60.0,,['SYN-DX-01'],11,164.27,134.7,121.23
LN-PZHYF8G574,CLM-UM58GXEMXV,PRV-KB3DDTGVSY,PRV-KB3DDTGVSY,2024-05-19,2024-05-19,SYNTH,DME-CATH,[],1.0,,,['SYN-DX-01'],12,179.17,146.92,132.23
LN-6LC5NN3L5G,CLM-GJMMKNWAEV,PRV-HP4BWL7QC4,PRV-HP4BWL7QC4,2024-03-30,2024-03-30,SYNTH,FAC-DAY,[],1.0,,,['SYN-DX-01'],21,164.37,134.78,121.3
LN-PJTZ9HLHHR,CLM-6AUZL7Z7TQ,PRV-ZU6YL2HNHH,PRV-ZU6YL2HNHH,2024-02-24,2024-02-24,SYNTH,HH-VISIT,[],1.0,45.0,,['SYN-DX-01'],12,211.32,173.28,155.95
LN-WU773SNUZN,CLM-UKBA9BWKK7,PRV-HC5CWNTSHD,PRV-HC5CWNTSHD,2024-04-01,2024-04-01,SYNTH,EM-EST-4,[],1.0,,,['SYN-DX-01'],11,176.27,144.54,130.09
LN-3SJ6XVBG2Q,CLM-SHBLKLYLP3,PRV-GZWKQRABYX,PRV-GZWKQRABYX,2024-05-07,2024-05-07,SYNTH,FAC-DAY,[],1.0,,,['SYN-DX-01'],21,191.79,157.27,141.54
LN-CE6XYVZ827,CLM-UPA8BDW5WY,PRV-52P4GQD2DS,PRV-52P4GQD2DS,2024-05-04,2024-05-04,SYNTH,EM-EST-2,[],1.0,,,['SYN-DX-01'],11,153.18,125.61,113.05
LN-YZ6QMRYQMA,CLM-6YQXBY7PLJ,PRV-5AE63K9XH5,PRV-5AE63K9XH5,2024-04-12,2024-04-12,SYNTH,HH-VISIT,[],1.0,45.0,,['SYN-DX-01'],12,214.08,175.55,158.0
LN-QARU4FUNWZ,CLM-4NDDNU7YXK,PRV-DVP5UVKXMG,PRV-DVP5UVKXMG,2024-05-19,2024-05-19,SYNTH,EM-EST-2,[],1.0,,,['SYN-DX-01'],11,184.12,150.98,135.88
LN-BDYB5SU5RW,CLM-WSJRXRD6VN,PRV-9HWCXGYGRP,PRV-9HWCXGYGRP,2024-04-15,2024-04-15,SYNTH,ABA-60,[],1.0,60.0,,['SYN-DX-01'],11,193.89,158.99,143.09
LN-FWSY5XCYYA,CLM-9NML8G64JJ,PRV-F63QP3FKES,PRV-F63QP3FKES,2024-07-31,2024-07-31,SYNTH,PSY-45,[],1.0,45.0,,['SYN-DX-01'],11,196.96,161.51,145.36
LN-Q77QZARXDT,CLM-WFCJ947LNB,PRV-9HWCXGYGRP,PRV-9HWCXGYGRP,2024-03-11,2024-03-11,SYNTH,PSY-45,[],1.0,45.0,,['SYN-DX-01'],11,183.52,150.49,135.44
LN-DZ4D7BYB7Q,CLM-NG5HDAB2ZA,PRV-EWJD2QDPA6,PRV-EWJD2QDPA6,2024-06-05,2024-06-05,SYNTH,EM-EST-5,[],1.0,,,['SYN-DX-01'],11,170.3,139.65,125.69
LN-H5BDXH9DZ2,CLM-7YF9N5BF99,PRV-EWJD2QDPA6,PRV-EWJD2QDPA6,2024-03-12,2024-03-12,SYNTH,EM-EST-4,[],1.0,,,['SYN-DX-01'],11,189.82,155.65,140.09
LN-LZKPE4PUTJ,CLM-XKK26NK458,PRV-F2HS2XPZAV,PRV-F2HS2XPZAV,2024-06-27,2024-06-27,NDC-SYN,NDC-OPIOID-01,[],1.0,,,['SYN-DX-01'],11,171.8,140.88,126.79
LN-BK35YKFHN4,CLM-2CZ6WGMP8J,PRV-KB3DDTGVSY,PRV-KB3DDTGVSY,2024-08-22,2024-08-22,SYNTH,DME-CATH,[],1.0,,,['SYN-DX-01'],12,173.92,142.61,128.35
LN-UP236QLXZT,CLM-ZMBPXQZMWF,PRV-EGMCSQWZE2,PRV-EGMCSQWZE2,2024-01-20,2024-01-20,SYNTH,PSY-60,[],1.0,60.0,,['SYN-DX-01'],11,161.55,132.47,119.22
LN-FP6CB5VTA9,CLM-83P2Z6BZ38,PRV-LVGM3QWE3V,PRV-LVGM3QWE3V,2024-04-19,2024-04-19,SYNTH,DME-CATH,[],1.0,,,['SYN-DX-01'],12,201.56,165.28,148.75
LN-J5YRKHJEUM,CLM-QUN6QTLQWC,PRV-KB3DDTGVSY,PRV-KB3DDTGVSY,2024-08-12,2024-08-12,SYNTH,DME-CATH,[],1.0,,,['SYN-DX-01'],12,195.75,160.51,144.46
LN-66JVSRG5KL,CLM-A7PLEKJ8CL,PRV-F2HS2XPZAV,PRV-F2HS2XPZAV,2024-08-14,2024-08-14,NDC-SYN,NDC-OPIOID-01,[],1.0,,,['SYN-DX-01'],11,187.93,154.1,138.69
LN-U2MATS2BZJ,CLM-6V9Z5FVN5G,PRV-HC5CWNTSHD,PRV-HC5CWNTSHD,2024-01-26,2024-01-26,SYNTH,EM-EST-3,[],1.0,,,['SYN-DX-01'],11,190.03,155.82,140.24
LN-CB2NWJT9AH,CLM-XBSKT3ZYNJ,PRV-F63QP3FKES,PRV-F63QP3FKES,2024-05-27,2024-05-27,SYNTH,ABA-60,[],1.0,60.0,,['SYN-DX-01'],11,168.13,137.87,124.08
LN-V8RCWNLY29,CLM-KCUYHAQDJW,PRV-EWJD2QDPA6,PRV-EWJD2QDPA6,2024-07-05,2024-07-05,SYNTH,EM-EST-3,[],1.0,,,['SYN-DX-01'],11,195.27,160.12,144.11
LN-JGRL65A3XK,CLM-UL8R7H3P7Y,PRV-52P4GQD2DS,PRV-52P4GQD2DS,2024-05-25,2024-05-25,SYNTH,EM-EST-4,[],1.0,,,['SYN-DX-01'],11,196.86,161.43,145.29
LN-B2C6V3RXCP,CLM-GG9VQRCXX7,PRV-GQ36BNJZ2W,PRV-GQ36BNJZ2W,2024-01-25,2024-01-25,SYNTH,HH-VISIT,[],1.0,45.0,,['SYN-DX-01'],12,190.18,155.95,140.35
LN-FKSB7NRTTG,CLM-W85KQBHK8W,PRV-9HWCXGYGRP,PRV-9HWCXGYGRP,2024-03-26,2024-03-26,SYNTH,ABA-60,[],1.0,60.0,,['SYN-DX-01'],11,177.2,145.3,130.77
LN-PSYCTZ4USF,CLM-CH8EAH5VX7,PRV-F63QP3FKES,PRV-F63QP3FKES,2024-08-06,2024-08-06,SYNTH,PSY-60,[],1.0,60.0,,['SYN-DX-01'],11,181.68,148.98,134.08
LN-23ZEAXHYG8,CLM-AEY8TMFV5N,PRV-FYQT8W8H8G,PRV-FYQT8W8H8G,2024-05-21,2024-05-21,SYNTH,DME-CATH,[],1.0,,,['SYN-DX-01'],12,189.39,155.3,139.77
LN-47ZQBN55B9,CLM-PAUQCZ84KS,PRV-NNZAMXRZ52,PRV-NNZAMXRZ52,2024-07-28,2024-07-28,NDC-SYN,NDC-OPIOID-01,[],1.0,,,['SYN-DX-01'],11,176.05,144.36,129.92
LN-NSBZHBMU7M,CLM-7WD9D6TVYZ,PRV-GG7BBL7G9L,PRV-GG7BBL7G9L,2024-03-14,2024-03-14,SYNTH,LAB-PNL-01,[],1.0,,,['SYN-DX-01'],11,183.77,150.69,135.62
LN-6PXTRMTJJH,CLM-JE6KP93DJE,PRV-NNZAMXRZ52,PRV-NNZAMXRZ52,2024-02-03,2024-02-03,NDC-SYN,NDC-OPIOID-01,[],1.0,,,['SYN-DX-01'],11,188.97,154.96,139.46
LN-93FRRVD4W4,CLM-8D3XEZANWZ,PRV-9HWCXGYGRP,PRV-9HWCXGYGRP,2024-04-24,2024-04-24,SYNTH,ABA-60,[],1.0,60.0,,['SYN-DX-01'],11,176.13,144.43,129.99
LN-BYC3XL5VRX,CLM-DLQMF8P7E9,PRV-EWJD2QDPA6,PRV-EWJD2QDPA6,2024-03-07,2024-03-07,SYNTH,EM-EST-5,[],1.0,,,['SYN-DX-01'],11,163.56,134.12,120.71
LN-JT2EM2TTJ2,CLM-52V8MUAJD2,PRV-9HWCXGYGRP,PRV-9HWCXGYGRP,2024-03-07,2024-03-07,SYNTH,PSY-30,[],1.0,30.0,,['SYN-DX-01'],11,162.58,133.32,119.99
LN-C89DQ6RTQN,CLM-9E5FLZ485C,PRV-F63QP3FKES,PRV-F63QP3FKES,2024-06-14,2024-06-14,SYNTH,PSY-30,[],1.0,30.0,,['SYN-DX-01'],11,171.42,140.56,126.5
LN-4YAJV783XF,CLM-PMHR3TDAWJ,PRV-CYX8UDJJ75,PRV-CYX8UDJJ75,2024-01-14,2024-01-14,SYNTH,EM-EST-2,[],1.0,,,['SYN-DX-01'],11,184.22,151.06,135.95
LN-P8ZJVWXP3E,CLM-M6WBTSH3YB,PRV-YHCS7YKNYQ,PRV-YHCS7YKNYQ,2024-04-30,2024-04-30,SYNTH,PSY-30,[],1.0,30.0,,['SYN-DX-01'],11,186.62,153.03,137.73
LN-FRPXPCRB4M,CLM-FQTD4DWNYY,PRV-AEV55VW98C,PRV-AEV55VW98C,2024-04-10,2024-04-10,HCPCS2,A0425,[],25.0,,25.0,['SYN-DX-01'],41,213.78,175.3,157.77
LN-3EJFA3UU9M,CLM-EHVQMWFU45,PRV-H9LG5VAJ3J,PRV-H9LG5VAJ3J,2024-03-23,2024-03-23,SYNTH,FAC-DAY,[],1.0,,,['SYN-DX-01'],21,173.66,142.4,128.16
LN-5NS4EDAVHY,CLM-39F639JS58,PRV-R6UGAZC4XJ,PRV-R6UGAZC4XJ,2024-02-21,2024-02-21,SYNTH,HH-VISIT,[],1.0,45.0,,['SYN-DX-01'],12,193.32,158.52,142.67
LN-4PMACD67LD,CLM-G2TJTLKXPT,PRV-EWJD2QDPA6,PRV-EWJD2QDPA6,2024-06-09,2024-06-09,SYNTH,EM-EST-3,[],1.0,,,['SYN-DX-01'],11,178.46,146.34,131.71
LN-4V5JZMVE4L,CLM-Z89YWA8F42,PRV-DVP5UVKXMG,PRV-DVP5UVKXMG,2024-02-05,2024-02-05,SYNTH,EM-EST-2,[],1.0,,,['SYN-DX-01'],11,167.43,137.29,123.56
LN-CJ69GGQXG8,CLM-XYK4ALBCUB,PRV-52P4GQD2DS,PRV-52P4GQD2DS,2024-02-29,2024-02-29,SYNTH,EM-EST-4,[],1.0,,,['SYN-DX-01'],11,175.47,143.89,129.5
LN-5RK8QSMQDJ,CLM-FYNFUD5KSW,PRV-EWJD2QDPA6,PRV-EWJD2QDPA6,2024-08-15,2024-08-15,SYNTH,EM-EST-2,[],1.0,,,['SYN-DX-01'],11,168.8,138.42,124.58
LN-Y3LC4D4BNA,CLM-KDAX8N399B,PRV-HC5CWNTSHD,PRV-HC5CWNTSHD,2024-06-22,2024-06-22,SYNTH,EM-EST-3,[],1.0,,,['SYN-DX-01'],11,176.06,144.37,129.93
LN-WW9RFRVRNY,CLM-ZRSRTU7NFX,PRV-LJD3M755ZS,PRV-LJD3M755ZS,2024-03-05,2024-03-05,HCPCS2,A0425,[],13.0,,13.0,['SYN-DX-01'],41,124.18,101.83,91.65
LN-3TD66NGJBS,CLM-7FARGK6PQT,PRV-5AE63K9XH5,PRV-5AE63K9XH5,2024-01-06,2024-01-06,SYNTH,HH-VISIT,[],1.0,45.0,,['SYN-DX-01'],12,195.3,160.15,144.14
LN-5SD27A3LRY,CLM-6SUYCMA5W8,PRV-CYX8UDJJ75,PRV-CYX8UDJJ75,2024-01-03,2024-01-03,SYNTH,EM-EST-3,[],1.0,,,['SYN-DX-01'],11,160.11,131.29,118.16
LN-EBG6UQWCZH,CLM-V63MXT8DFR,PRV-GQ36BNJZ2W,PRV-GQ36BNJZ2W,2024-02-26,2024-02-26,SYNTH,HH-VISIT,[],1.0,45.0,,['SYN-DX-01'],12,189.77,155.61,140.05
LN-AXZ3RWVSYX,CLM-B8XKRFTYH7,PRV-LVGM3QWE3V,PRV-LVGM3QWE3V,2024-06-20,2024-06-20,SYNTH,DME-CATH,[],1.0,,,['SYN-DX-01'],12,200.69,164.57,148.11
LN-WN45JETJ5T,CLM-8LXUH6ZLHQ,PRV-LVGM3QWE3V,PRV-LVGM3QWE3V,2024-01-13,2024-01-13,SYNTH,DME-CATH,[],1.0,,,['SYN-DX-01'],12,189.4,155.31,139.78
LN-CGREHDLVYX,CLM-X77JG7AYUL,PRV-GZWKQRABYX,PRV-GZWKQRABYX,2024-03-11,2024-03-11,SYNTH,FAC-DAY,[],1.0,,,['SYN-DX-01'],21,193.14,158.37,142.53
LN-BAZA2H3WQE,CLM-CCJ8J7AQBS,PRV-EWJD2QDPA6,PRV-EWJD2QDPA6,2024-06-17,2024-06-17,SYNTH,EM-EST-5,[],1.0,,,['SYN-DX-01'],11,167.94,137.71,123.94
LN-9DY9KVEWCP,CLM-H5R38RLGMY,PRV-DVP5UVKXMG,PRV-DVP5UVKXMG,2024-08-24,2024-08-24,SYNTH,EM-EST-3,[],1.0,,,['SYN-DX-01'],11,197.49,161.94,145.75
LN-YVGN9FAWCL,CLM-MA66KRUYJG,PRV-EWJD2QDPA6,PRV-EWJD2QDPA6,2024-04-05,2024-04-05,SYNTH,EM-EST-2,[],1.0,,,['SYN-DX-01'],11,187.37,153.64,138.28
LN-8WWGGGFRNA,CLM-83DQKPTBTR,PRV-CYX8UDJJ75,PRV-CYX8UDJJ75,2024-01-12,2024-01-12,SYNTH,EM-EST-5,[],1.0,,,['SYN-DX-01'],11,160.41,131.54,118.39
LN-QJUJN447LQ,CLM-CFTGJ8PMCX,PRV-GQ36BNJZ2W,PRV-GQ36BNJZ2W,2024-04-22,2024-04-22,SYNTH,HH-VISIT,[],1.0,45.0,,['SYN-DX-01'],12,195.23,160.09,144.08
LN-YKLJBU22AM,CLM-CK7A663S7R,PRV-52P4GQD2DS,PRV-52P4GQD2DS,2024-07-09,2024-07-09,SYNTH,EM-EST-2,[],1.0,,,['SYN-DX-01'],11,182.74,149.85,134.87
LN-Z68VR5E4BN,CLM-38EW9RN5QS,PRV-52P4GQD2DS,PRV-52P4GQD2DS,2024-07-02,2024-07-02,SYNTH,EM-EST-2,[],1.0,,,['SYN-DX-01'],11,196.53,161.15,145.03
LN-AP5JR2RDJF,CLM-6MV4S6QK7Z,PRV-P8SZX5BYHL,PRV-P8SZX5BYHL,2024-04-23,2024-04-23,NDC-SYN,NDC-OPIOID-01,[],1.0,,,['SYN-DX-01'],11,192.69,158.01,142.21
LN-UN96TJ6HPG,CLM-N2VK9EM8AY,PRV-GQ36BNJZ2W,PRV-GQ36BNJZ2W,2024-01-05,2024-01-05,SYNTH,HH-VISIT,[],1.0,45.0,,['SYN-DX-01'],12,203.55,166.91,150.22
LN-PMTYS97MJ9,CLM-7M5DMKQZHW,PRV-H9LG5VAJ3J,PRV-H9LG5VAJ3J,2024-02-08,2024-02-08,SYNTH,FAC-DAY,[],1.0,,,['SYN-DX-01'],21,184.75,151.5,136.35
LN-XJVGGH7NBL,CLM-U5GJRCHPC2,PRV-GQ36BNJZ2W,PRV-GQ36BNJZ2W,2024-06-05,2024-06-05,SYNTH,HH-VISIT,[],1.0,45.0,,['SYN-DX-01'],12,219.81,180.24,162.22
LN-HSY2XEFYM5,CLM-7HGAH6HKVN,PRV-HC5CWNTSHD,PRV-HC5CWNTSHD,2024-04-08,2024-04-08,SYNTH,EM-EST-2,[],1.0,,,['SYN-DX-01'],11,183.65,150.59,135.53
LN-P8FTQNPS6R,CLM-NLA6MC6UVK,PRV-R6UGAZC4XJ,PRV-R6UGAZC4XJ,2024-06-14,2024-06-14,SYNTH,HH-VISIT,[],1.0,45.0,,['SYN-DX-01'],12,165.75,135.91,122.32
LN-2MEJ36JTSK,CLM-KKQ7LMKNFP,PRV-AEV55VW98C,PRV-AEV55VW98C,2024-06-25,2024-06-25,HCPCS2,A0425,[],7.0,,7.0,['SYN-DX-01'],41,67.25,55.14,49.63
LN-EZDMVQ75WE,CLM-8LMZ8W7EJG,PRV-R6UGAZC4XJ,PRV-R6UGAZC4XJ,2024-07-08,2024-07-08,SYNTH,HH-VISIT,[],1.0,45.0,,['SYN-DX-01'],12,197.47,161.93,145.74
LN-MX8TYKGGBN,CLM-6DL7SYZBV6,PRV-FYQT8W8H8G,PRV-FYQT8W8H8G,2024-07-20,2024-07-20,SYNTH,DME-CATH,[],1.0,,,['SYN-DX-01'],12,182.08,149.31,134.38
LN-NF93YGT4DS,CLM-ABMQ3CCBDG,PRV-52P4GQD2DS,PRV-52P4GQD2DS,2024-04-03,2024-04-03,SYNTH,EM-EST-5,[],1.0,,,['SYN-DX-01'],11,182.99,150.05,135.05
LN-5C2RTX3KQ2,CLM-2JM2H2UXF8,PRV-CYX8UDJJ75,PRV-CYX8UDJJ75,2024-06-05,2024-06-05,SYNTH,EM-EST-3,[],1.0,,,['SYN-DX-01'],11,193.97,159.06,143.15
LN-55XLUJ6Q6J,CLM-MDNR7RUNUB,PRV-5AE63K9XH5,PRV-5AE63K9XH5,2024-08-13,2024-08-13,SYNTH,HH-VISIT,[],1.0,45.0,,['SYN-DX-01'],12,190.48,156.19,140.57
LN-GFR26RJDLZ,CLM-7AN78ATKDD,PRV-F63QP3FKES,PRV-F63QP3FKES,2024-08-05,2024-08-05,SYNTH,ABA-60,[],1.0,60.0,,['SYN-DX-01'],11,181.65,148.95,134.06
LN-2VWHZBKXZM,CLM-XNDCQG5E3Q,PRV-CYX8UDJJ75,PRV-CYX8UDJJ75,2024-03-05,2024-03-05,SYNTH,EM-EST-4,[],1.0,,,['SYN-DX-01'],11,168.05,137.8,124.02
LN-HF3UJZ6G9N,CLM-GEE9SGUS59,PRV-LVGM3QWE3V,PRV-LVGM3QWE3V,2024-06-25,2024-06-25,SYNTH,DME-CATH,[],1.0,,,['SYN-DX-01'],12,188.02,154.18,138.76
LN-W5UV4VURNA,CLM-9785GE38G8,PRV-F63QP3FKES,PRV-F63QP3FKES,2024-01-24,2024-01-24,SYNTH,ABA-60,[],1.0,60.0,,['SYN-DX-01'],11,160.67,131.75,118.58
LN-4JYTGTUYSW,CLM-B7CF9WTWQT,PRV-GQ36BNJZ2W,PRV-GQ36BNJZ2W,2024-08-08,2024-08-08,SYNTH,HH-VISIT,[],1.0,45.0,,['SYN-DX-01'],12,191.82,157.29,141.56
LN-E364RA5HW6,CLM-G99TH96WDV,PRV-9HWCXGYGRP,PRV-9HWCXGYGRP,2024-06-27,2024-06-27,SYNTH,PSY-60,[],1.0,60.0,,['SYN-DX-01'],11,181.26,148.63,133.77
LN-UHY3NG4ZZ4,CLM-PF49M22385,PRV-ZU6YL2HNHH,PRV-ZU6YL2HNHH,2024-03-20,2024-03-20,SYNTH,HH-VISIT,[],1.0,45.0,,['SYN-DX-01'],12,180.81,148.26,133.43
LN-7KNYW3Z4VT,CLM-D7AJ3ZMUSQ,PRV-5AE63K9XH5,PRV-5AE63K9XH5,2024-04-06,2024-04-06,SYNTH,HH-VISIT,[],1.0,45.0,,['SYN-DX-01'],12,202.26,165.85,149.26
LN-282V2589Y3,CLM-88F8W2JGPA,PRV-52P4GQD2DS,PRV-52P4GQD2DS,2024-03-30,2024-03-30,SYNTH,EM-EST-5,[],1.0,,,['SYN-DX-01'],11,185.07,151.76,136.58
LN-DLRMESRGP9,CLM-CURV3M3MQR,PRV-NNZAMXRZ52,PRV-NNZAMXRZ52,2024-07-13,2024-07-13,NDC-SYN,NDC-OPIOID-01,[],1.0,,,['SYN-DX-01'],11,170.99,140.21,126.19
LN-MCC7H4Y5UV,CLM-FDXA488EP3,PRV-ZU6YL2HNHH,PRV-ZU6YL2HNHH,2024-03-24,2024-03-24,SYNTH,HH-VISIT,[],1.0,45.0,,['SYN-DX-01'],12,165.53,135.73,122.16
LN-9FXQ9MY2KL,CLM-QQJTERMGZY,PRV-96KL4VD67A,PRV-96KL4VD67A,2024-05-28,2024-05-28,SYNTH,LAB-PNL-01,[],1.0,,,['SYN-DX-01'],11,216.62,177.63,159.87
LN-NUMR3R6GAZ,CLM-FU5QLG3C56,PRV-5AE63K9XH5,PRV-5AE63K9XH5,2024-04-22,2024-04-22,SYNTH,HH-VISIT,[],1.0,45.0,,['SYN-DX-01'],12,173.05,141.9,127.71
LN-3WWHH7ZATV,CLM-D2M4BX66XX,PRV-5AE63K9XH5,PRV-5AE63K9XH5,2024-06-08,2024-06-08,SYNTH,HH-VISIT,[],1.0,45.0,,['SYN-DX-01'],12,168.89,138.49,124.64
LN-GJWB9PQLBK,CLM-QRX3NEP6XK,PRV-HP4BWL7QC4,PRV-HP4BWL7QC4,2024-07-18,2024-07-18,SYNTH,FAC-DAY,[],1.0,,,['SYN-DX-01'],21,165.04,135.33,121.8
LN-B5DZXWH432,CLM-KHEF7LTBAP,PRV-EWJD2QDPA6,PRV-EWJD2QDPA6,2024-07-08,2024-07-08,SYNTH,EM-EST-4,[],1.0,,,['SYN-DX-01'],11,189.08,155.05,139.55
LN-ZKR9CPUAK8,CLM-D89T8CTU3N,PRV-2RBJKMU8EL,PRV-2RBJKMU8EL,2024-08-03,2024-08-03,HCPCS2,A0425,[],21.0,,21.0,['SYN-DX-01'],41,177.44,145.5,130.95
LN-43N4ES6KDD,CLM-BRV2EC5N5F,PRV-ZU6YL2HNHH,PRV-ZU6YL2HNHH,2024-06-20,2024-06-20,SYNTH,HH-VISIT,[],1.0,45.0,,['SYN-DX-01'],12,193.56,158.72,142.85
LN-X5AV8C4L9A,CLM-C662F5DX7K,PRV-HC5CWNTSHD,PRV-HC5CWNTSHD,2024-06-29,2024-06-29,SYNTH,EM-EST-3,[],1.0,,,['SYN-DX-01'],11,185.15,151.82,136.64
LN-Z92588LY6Y,CLM-E5QYVC8QS4,PRV-R6UGAZC4XJ,PRV-R6UGAZC4XJ,2024-05-11,2024-05-11,SYNTH,HH-VISIT,[],1.0,45.0,,['SYN-DX-01'],12,195.58,160.38,144.34
LN-2QSW28QZ9D,CLM-ZUSC7CQ8S2,PRV-DLK2K6289C,PRV-DLK2K6289C,2024-07-11,2024-07-11,SYNTH,LAB-PNL-01,[],1.0,,,['SYN-DX-01'],11,168.12,137.86,124.07
LN-H8EL6A3HKJ,CLM-VBW3R64SCT,PRV-LJD3M755ZS,PRV-LJD3M755ZS,2024-02-06,2024-02-06,HCPCS2,A0427,[],1.0,,,['SYN-DX-01'],41,8.52,6.99,6.29
LN-FGDLEYJU49,CLM-LWRFP2CLQ4,PRV-EWJD2QDPA6,PRV-EWJD2QDPA6,2024-08-17,2024-08-17,SYNTH,EM-EST-3,[],1.0,,,['SYN-DX-01'],11,185.48,152.09,136.88
LN-X5ZXD78HKQ,CLM-AJLJ65W3HS,PRV-LJD3M755ZS,PRV-LJD3M755ZS,2024-04-20,2024-04-20,HCPCS2,A0427,[],1.0,,,['SYN-DX-01'],41,9.26,7.59,6.83
LN-W37BNUC5HJ,CLM-CNPXPZENL9,PRV-R6UGAZC4XJ,PRV-R6UGAZC4XJ,2024-03-25,2024-03-25,SYNTH,HH-VISIT,[],1.0,45.0,,['SYN-DX-01'],12,187.38,153.65,138.28
LN-PFSXA7CVEY,CLM-49T2Y4F9J8,PRV-R6UGAZC4XJ,PRV-R6UGAZC4XJ,2024-04-23,2024-04-23,SYNTH,HH-VISIT,[],1.0,45.0,,['SYN-DX-01'],12,189.58,155.46,139.91
LN-BUMHGHBS2K,CLM-BGXV5USGLK,PRV-9HWCXGYGRP,PRV-9HWCXGYGRP,2024-05-01,2024-05-01,SYNTH,PSY-60,[],1.0,60.0,,['SYN-DX-01'],11,179.51,147.2,132.48
LN-27YMZ4PGMM,CLM-6LPYCTY4Q4,PRV-CYX8UDJJ75,PRV-CYX8UDJJ75,2024-01-24,2024-01-24,SYNTH,EM-EST-2,[],1.0,,,['SYN-DX-01'],11,190.6,156.29,140.66
LN-W9DRXNY47X,CLM-MTKBV4GAKH,PRV-FYQT8W8H8G,PRV-FYQT8W8H8G,2024-04-21,2024-04-21,SYNTH,DME-CATH,[],1.0,,,['SYN-DX-01'],12,194.33,159.35,143.41
LN-YA72RSYGUY,CLM-B9YHDAG6HD,PRV-E2KQR2ZK3Q,PRV-E2KQR2ZK3Q,2024-06-20,2024-06-20,NDC-SYN,NDC-OPIOID-01,[],1.0,,,['SYN-DX-01'],11,186.73,153.12,137.81
LN-HEZPVCF2PM,CLM-TC5YHHLK6Q,PRV-5AE63K9XH5,PRV-5AE63K9XH5,2024-06-27,2024-06-27,SYNTH,HH-VISIT,[],1.0,45.0,,['SYN-DX-01'],12,170.08,139.47,125.52
LN-X87J7VP6M4,CLM-CL7BGNBJK9,PRV-9HWCXGYGRP,PRV-9HWCXGYGRP,2024-04-02,2024-04-02,SYNTH,PSY-30,[],1.0,30.0,,['SYN-DX-01'],11,176.68,144.88,130.39
LN-8GKNDBQDA8,CLM-JPKNMLTWMX,PRV-F63QP3FKES,PRV-F63QP3FKES,2024-07-01,2024-07-01,SYNTH,PSY-30,[],1.0,30.0,,['SYN-DX-01'],11,192.8,158.1,142.29
LN-LJRAZPBDAL,CLM-PNJ9CKPSUY,PRV-2RBJKMU8EL,PRV-2RBJKMU8EL,2024-03-02,2024-03-02,HCPCS2,A0425,[],19.0,,19.0,['SYN-DX-01'],41,172.92,141.79,127.61
LN-FHBGCUV2Q6,CLM-Q9WMGQKZ59,PRV-DVP5UVKXMG,PRV-DVP5UVKXMG,2024-07-15,2024-07-15,SYNTH,EM-EST-3,[],1.0,,,['SYN-DX-01'],11,174.35,142.97,128.67
LN-PY747ZM5UR,CLM-RX79EYCDDL,PRV-DVP5UVKXMG,PRV-DVP5UVKXMG,2024-01-19,2024-01-19,SYNTH,EM-EST-2,[],1.0,,,['SYN-DX-01'],11,166.73,136.72,123.05
LN-VDXGCS9VJV,CLM-G3762DK3CZ,PRV-GQ36BNJZ2W,PRV-GQ36BNJZ2W,2024-01-21,2024-01-21,SYNTH,HH-VISIT,[],1.0,45.0,,['SYN-DX-01'],12,203.01,166.47,149.82
LN-BAS56E3NJV,CLM-W4T7DR9MAH,PRV-HC5CWNTSHD,PRV-HC5CWNTSHD,2024-07-18,2024-07-18,SYNTH,EM-EST-4,[],1.0,,,['SYN-DX-01'],11,200.23,164.19,147.77
LN-UQBYGTVPCG,CLM-333A8CGAWU,PRV-LEVZRZGE33,PRV-LEVZRZGE33,2024-04-13,2024-04-13,SYNTH,FAC-DAY,[],1.0,,,['SYN-DX-01'],21,193.34,158.54,142.69
LN-ASCLXRNFH3,CLM-PVY4AHLXUU,PRV-LVGM3QWE3V,PRV-LVGM3QWE3V,2024-01-02,2024-01-02,SYNTH,DME-CATH,[],1.0,,,['SYN-DX-01'],12,179.42,147.12,132.41
LN-3874Z48Q8V,CLM-PAM8L2PCST,PRV-EGMCSQWZE2,PRV-EGMCSQWZE2,2024-05-13,2024-05-13,SYNTH,ABA-60,[],1.0,60.0,,['SYN-DX-01'],11,177.1,145.22,130.7
LN-XRDFW6CSJD,CLM-8PCTUAQABY,PRV-TTYMZNZQCD,PRV-TTYMZNZQCD,2024-06-16,2024-06-16,SYNTH,LAB-GEN-01,[],1.0,,,['SYN-DX-01'],11,193.1,158.34,142.51
LN-JSWM4H8B7B,CLM-6HWUFSVMEJ,PRV-HC5CWNTSHD,PRV-HC5CWNTSHD,2024-02-08,2024-02-08,SYNTH,EM-EST-3,[],1.0,,,['SYN-DX-01'],11,159.76,131.0,117.9
LN-XZMER8LM9Z,CLM-7QJN9KDD35,PRV-KGZA99WKKT,PRV-KGZA99WKKT,2024-01-26,2024-01-26,HCPCS2,A0425,[],21.0,,21.0,['SYN-DX-01'],41,150.32,123.26,110.93
LN-U7YP3UKEXJ,CLM-B5TLU3XV8T,PRV-YHCS7YKNYQ,PRV-YHCS7YKNYQ,2024-04-01,2024-04-01,SYNTH,PSY-45,[],1.0,45.0,,['SYN-DX-01'],11,186.61,153.02,137.72
LN-RSR2ZZD9YF,CLM-V8MMB6PQXJ,PRV-EWJD2QDPA6,PRV-EWJD2QDPA6,2024-03-01,2024-03-01,SYNTH,EM-EST-2,[],1.0,,,['SYN-DX-01'],11,172.16,141.17,127.05
LN-A4WMERS2Y9,CLM-377ZKYSJXR,PRV-HC5CWNTSHD,PRV-HC5CWNTSHD,2024-05-13,2024-05-13,SYNTH,EM-EST-5,[],1.0,,,['SYN-DX-01'],11,192.3,157.69,141.92
LN-DPSGCMGNYA,CLM-AENU5VF2G3,PRV-EWJD2QDPA6,PRV-EWJD2QDPA6,2024-02-10,2024-02-10,SYNTH,EM-EST-3,[],1.0,,,['SYN-DX-01'],11,189.43,155.33,139.8
LN-B9D6FXNK3K,CLM-T8UV2HRJH9,PRV-GZWKQRABYX,PRV-GZWKQRABYX,2024-05-23,2024-05-23,SYNTH,FAC-DAY,[],1.0,,,['SYN-DX-01'],21,187.99,154.15,138.74
LN-Z8FKXVVAUV,CLM-RADEBLX659,PRV-96KL4VD67A,PRV-96KL4VD67A,2024-01-18,2024-01-18,SYNTH,LAB-GEN-01,[],1.0,,,['SYN-DX-01'],11,176.74,144.93,130.44
LN-SBPN54737H,CLM-ZW5J8QQLJQ,PRV-EGMCSQWZE2,PRV-EGMCSQWZE2,2024-03-13,2024-03-13,SYNTH,PSY-30,[],1.0,30.0,,['SYN-DX-01'],11,172.33,141.31,127.18
LN-SCH3NFPP5H,CLM-3TVVWHNCST,PRV-HC5CWNTSHD,PRV-HC5CWNTSHD,2024-01-26,2024-01-26,SYNTH,EM-EST-3,[],1.0,,,['SYN-DX-01'],11,164.91,135.23,121.71
LN-RNL9UKM3EK,CLM-D8JQBYWQLZ,PRV-5AE63K9XH5,PRV-5AE63K9XH5,2024-01-02,2024-01-02,SYNTH,HH-VISIT,[],1.0,45.0,,['SYN-DX-01'],12,170.36,139.7,125.73
LN-58ET2ER47E,CLM-BTTWPGWVXH,PRV-LEVZRZGE33,PRV-LEVZRZGE33,2024-05-19,2024-05-19,SYNTH,FAC-DAY,[],1.0,,,['SYN-DX-01'],21,150.17,123.14,110.83
LN-774TNBKHLT,CLM-YGSZKXFRY3,PRV-9HWCXGYGRP,PRV-9HWCXGYGRP,2024-08-27,2024-08-27,SYNTH,PSY-30,[],1.0,30.0,,['SYN-DX-01'],11,194.37,159.38,143.44
LN-7SVPT7SV8W,CLM-2T7DVKSBSB,PRV-EWJD2QDPA6,PRV-EWJD2QDPA6,2024-02-18,2024-02-18,SYNTH,EM-EST-4,[],1.0,,,['SYN-DX-01'],11,182.5,149.65,134.69
LN-EJTGXL7V9F,CLM-38FYQ7BJ3B,PRV-2RBJKMU8EL,PRV-2RBJKMU8EL,2024-06-23,2024-06-23,HCPCS2,A0427,[],1.0,,,['SYN-DX-01'],41,9.37,7.68,6.91
LN-565QYHZA4R,CLM-JMW7RPWCKX,PRV-NNZAMXRZ52,PRV-NNZAMXRZ52,2024-01-11,2024-01-11,NDC-SYN,NDC-OPIOID-01,[],1.0,,,['SYN-DX-01'],11,154.94,127.05,114.34
LN-6786AMC262,CLM-CJPRFTTYPQ,PRV-KB3DDTGVSY,PRV-KB3DDTGVSY,2024-08-13,2024-08-13,SYNTH,DME-CATH,[],1.0,,,['SYN-DX-01'],12,195.29,160.14,144.13
LN-53BRBPMH44,CLM-DFEWSXSW4F,PRV-F2HS2XPZAV,PRV-F2HS2XPZAV,2024-05-19,2024-05-19,NDC-SYN,NDC-OPIOID-01,[],1.0,,,['SYN-DX-01'],11,172.81,141.7,127.53
LN-Z2HA87L7KG,CLM-6VQ73VGE6M,PRV-52P4GQD2DS,PRV-52P4GQD2DS,2024-02-21,2024-02-21,SYNTH,EM-EST-5,[],1.0,,,['SYN-DX-01'],11,190.74,156.41,140.77
LN-VWP7QNJDRA,CLM-XX6C4BCMJP,PRV-9HWCXGYGRP,PRV-9HWCXGYGRP,2024-06-18,2024-06-18,SYNTH,PSY-30,[],1.0,30.0,,['SYN-DX-01'],11,168.39,138.08,124.27
LN-ZWPEPDJMNN,CLM-C458KXWPTN,PRV-H9LG5VAJ3J,PRV-H9LG5VAJ3J,2024-07-12,2024-07-12,SYNTH,FAC-DAY,[],1.0,,,['SYN-DX-01'],21,182.59,149.72,134.75
LN-W7SG5W2SEA,CLM-KKH87W6PS9,PRV-2RBJKMU8EL,PRV-2RBJKMU8EL,2024-04-30,2024-04-30,HCPCS2,A0425,[],15.0,,15.0,['SYN-DX-01'],41,138.09,113.23,101.91
LN-TEY9V3E2E2,CLM-3WZJKLLDNV,PRV-FYQT8W8H8G,PRV-FYQT8W8H8G,2024-03-19,2024-03-19,SYNTH,DME-CATH,[],1.0,,,['SYN-DX-01'],12,189.81,155.64,140.08
LN-9UP3M2JKSG,CLM-X6WYW5KN8U,PRV-9HWCXGYGRP,PRV-9HWCXGYGRP,2024-03-12,2024-03-12,SYNTH,PSY-45,[],1.0,45.0,,['SYN-DX-01'],11,199.28,163.41,147.07
LN-3CKUU9GMDU,CLM-MSX6DJ67V8,PRV-R6UGAZC4XJ,PRV-R6UGAZC4XJ,2024-06-09,2024-06-09,SYNTH,HH-VISIT,[],1.0,45.0,,['SYN-DX-01'],12,183.79,150.71,135.64
LN-NWVLCKG6AX,CLM-3ZLPSHFA4J,PRV-9HWCXGYGRP,PRV-9HWCXGYGRP,2024-01-26,2024-01-26,SYNTH,PSY-45,[],1.0,45.0,,['SYN-DX-01'],11,201.55,165.27,148.74
LN-T2BEMPSPWA,CLM-HLM93BKE3P,PRV-E2KQR2ZK3Q,PRV-E2KQR2ZK3Q,2024-05-20,2024-05-20,NDC-SYN,NDC-OPIOID-01,[],1.0,,,['SYN-DX-01'],11,176.77,144.95,130.45
LN-HQAM35KMTB,CLM-4ETZPBM6SZ,PRV-52P4GQD2DS,PRV-52P4GQD2DS,2024-06-13,2024-06-13,SYNTH,EM-EST-2,[],1.0,,,['SYN-DX-01'],11,168.85,138.46,124.61
LN-2DVM89EY2R,CLM-Z4BK8WAL7R,PRV-EWJD2QDPA6,PRV-EWJD2QDPA6,2024-08-16,2024-08-16,SYNTH,EM-EST-2,[],1.0,,,['SYN-DX-01'],11,174.79,143.33,129.0
LN-N7KZ29R82U,CLM-H62KBXQ2KV,PRV-HP4BWL7QC4,PRV-HP4BWL7QC4,2024-03-01,2024-03-01,SYNTH,FAC-DAY,[],1.0,,,['SYN-DX-01'],21,188.97,154.96,139.46
LN-5KY5SRG69W,CLM-4YRZ8FTSDN,PRV-FYQT8W8H8G,PRV-FYQT8W8H8G,2024-08-25,2024-08-25,SYNTH,DME-CATH,[],1.0,,,['SYN-DX-01'],12,187.26,153.55,138.2
LN-72P45TJJ2D,CLM-DT7KB2FZKS,PRV-EWJD2QDPA6,PRV-EWJD2QDPA6,2024-08-14,2024-08-14,SYNTH,EM-EST-4,[],1.0,,,['SYN-DX-01'],11,175.8,144.16,129.74
LN-YZWWSYPZB5,CLM-CDJ65UGGEP,PRV-9HWCXGYGRP,PRV-9HWCXGYGRP,2024-05-14,2024-05-14,SYNTH,ABA-60,[],1.0,60.0,,['SYN-DX-01'],11,194.48,159.47,143.52
LN-P3MLRYDNZ8,CLM-S2UTGXD6LR,PRV-4TYA4STMB7,PRV-4TYA4STMB7,2024-06-09,2024-06-09,SYNTH,DME-CATH,[],1.0,,,['SYN-DX-01'],12,172.23,141.23,127.11
LN-C6KRCSXGWZ,CLM-PXLAU3HRHF,PRV-NNZAMXRZ52,PRV-NNZAMXRZ52,2024-02-17,2024-02-17,NDC-SYN,NDC-OPIOID-01,[],1.0,,,['SYN-DX-01'],11,200.61,164.5,148.05
LN-WTYKF9HAKB,CLM-J73F9VC23Y,PRV-GQ36BNJZ2W,PRV-GQ36BNJZ2W,2024-07-26,2024-07-26,SYNTH,HH-VISIT,[],1.0,45.0,,['SYN-DX-01'],12,171.77,140.85,126.77
LN-Z7NJCTSL3L,CLM-3JYN6VN4K8,PRV-DVP5UVKXMG,PRV-DVP5UVKXMG,2024-08-11,2024-08-11,SYNTH,EM-EST-2,[],1.0,,,['SYN-DX-01'],11,186.58,153.0,137.7
LN-8W7MT453ED,CLM-HJ7JE6PE9J,PRV-KB3DDTGVSY,PRV-KB3DDTGVSY,2024-07-13,2024-07-13,SYNTH,DME-CATH,[],1.0,,,['SYN-DX-01'],12,190.89,156.53,140.88
LN-H7U72HVBXN,CLM-M7C6XM5GY9,PRV-5AE63K9XH5,PRV-5AE63K9XH5,2024-07-30,2024-07-30,SYNTH,HH-VISIT,[],1.0,45.0,,['SYN-DX-01'],12,192.07,157.5,141.75
LN-P5AKCRJZBD,CLM-UD965E8LMG,PRV-ZU6YL2HNHH,PRV-ZU6YL2HNHH,2024-05-13,2024-05-13,SYNTH,HH-VISIT,[],1.0,45.0,,['SYN-DX-01'],12,184.78,151.52,136.37
LN-ARD2MY4QUT,CLM-K2KLDE75AF,PRV-ZU6YL2HNHH,PRV-ZU6YL2HNHH,2024-08-03,2024-08-03,SYNTH,HH-VISIT,[],1.0,45.0,,['SYN-DX-01'],12,186.5,152.93,137.64
LN-2QVWGR2RGP,CLM-B3SQYLL2ZE,PRV-F63QP3FKES,PRV-F63QP3FKES,2024-05-01,2024-05-01,SYNTH,PSY-30,[],1.0,30.0,,['SYN-DX-01'],11,176.33,144.59,130.13
LN-L4K5DQ34T4,CLM-TCG3KSPXER,PRV-HC5CWNTSHD,PRV-HC5CWNTSHD,2024-08-08,2024-08-08,SYNTH,EM-EST-3,[],1.0,,,['SYN-DX-01'],11,165.21,135.47,121.92
LN-9MD7F9425N,CLM-F4DTV8AK7K,PRV-DLK2K6289C,PRV-DLK2K6289C,2024-05-05,2024-05-05,SYNTH,LAB-GEN-01,[],1.0,,,['SYN-DX-01'],11,165.47,135.69,122.12
LN-NCMJASZ676,CLM-GDQQ63N5TD,PRV-HP4BWL7QC4,PRV-HP4BWL7QC4,2024-06-25,2024-06-25,SYNTH,FAC-DAY,[],1.0,,,['SYN-DX-01'],21,183.22,150.24,135.22
LN-F77LYXNMMR,CLM-83MS5DNQTW,PRV-TTYMZNZQCD,PRV-TTYMZNZQCD,2024-05-13,2024-05-13,SYNTH,LAB-PNL-01,[],1.0,,,['SYN-DX-01'],11,185.3,151.95,136.75
LN-A8G26AAD6W,CLM-6UK8H6HDCU,PRV-QJ8CAJLGGT,PRV-QJ8CAJLGGT,2024-03-23,2024-03-23,SYNTH,FAC-DAY,[],1.0,,,['SYN-DX-01'],21,176.77,144.95,130.45
LN-8LSGUSVNX5,CLM-MR8RKHDPW2,PRV-E2KQR2ZK3Q,PRV-E2KQR2ZK3Q,2024-04-09,2024-04-09,NDC-SYN,NDC-OPIOID-01,[],1.0,,,['SYN-DX-01'],11,181.01,148.43,133.59
LN-ZXKEPCL3YU,CLM-TUCE2GJJX5,PRV-DVP5UVKXMG,PRV-DVP5UVKXMG,2024-05-12,2024-05-12,SYNTH,EM-EST-2,[],1.0,,,['SYN-DX-01'],11,174.1,142.76,128.48
LN-8VP872VGKM,CLM-8ZVTLMTK2G,PRV-9HWCXGYGRP,PRV-9HWCXGYGRP,2024-06-24,2024-06-24,SYNTH,PSY-60,[],1.0,60.0,,['SYN-DX-01'],11,197.11,161.63,145.47
LN-9JFZH8YQA5,CLM-Y2LHWQVCP9,PRV-ZU6YL2HNHH,PRV-ZU6YL2HNHH,2024-06-19,2024-06-19,SYNTH,HH-VISIT,[],1.0,45.0,,['SYN-DX-01'],12,180.4,147.93,133.14
LN-24WF9Z9NAH,CLM-VLQSZP8PUB,PRV-NNZAMXRZ52,PRV-NNZAMXRZ52,2024-07-15,2024-07-15,NDC-SYN,NDC-OPIOID-01,[],1.0,,,['SYN-DX-01'],11,200.57,164.47,148.02
LN-76982Q37KP,CLM-5CM6NNNBXK,PRV-HC5CWNTSHD,PRV-HC5CWNTSHD,2024-06-27,2024-06-27,SYNTH,EM-EST-3,[],1.0,,,['SYN-DX-01'],11,175.44,143.86,129.47
LN-SBUBGKA67Z,CLM-7P566YHF2Z,PRV-5AE63K9XH5,PRV-5AE63K9XH5,2024-05-21,2024-05-21,SYNTH,HH-VISIT,[],1.0,45.0,,['SYN-DX-01'],12,173.41,142.2,127.98
LN-YCBT3292H6,CLM-YNH32DLXHA,PRV-9HWCXGYGRP,PRV-9HWCXGYGRP,2024-06-06,2024-06-06,SYNTH,PSY-60,[],1.0,60.0,,['SYN-DX-01'],11,171.75,140.83,126.75
LN-FR2LHCVK6B,CLM-VA4NN7KMSN,PRV-F63QP3FKES,PRV-F63QP3FKES,2024-05-23,2024-05-23,SYNTH,ABA-60,[],1.0,60.0,,['SYN-DX-01'],11,196.97,161.52,145.37
LN-4ZDLRLBBFE,CLM-H6P5969BTJ,PRV-5AE63K9XH5,PRV-5AE63K9XH5,2024-06-01,2024-06-01,SYNTH,HH-VISIT,[],1.0,45.0,,['SYN-DX-01'],12,173.39,142.18,127.96
LN-MUQUR2CZR4,CLM-EEJZ2HJFXV,PRV-R6UGAZC4XJ,PRV-R6UGAZC4XJ,2024-06-18,2024-06-18,SYNTH,HH-VISIT,[],1.0,45.0,,['SYN-DX-01'],12,171.24,140.42,126.38
LN-7KLRU88W3N,CLM-SX2XVR2RDC,PRV-P8SZX5BYHL,PRV-P8SZX5BYHL,2024-03-26,2024-03-26,NDC-SYN,NDC-OPIOID-01,[],1.0,,,['SYN-DX-01'],11,185.55,152.15,136.94
LN-YQJPL9MMLH,CLM-VUKPS36P53,PRV-6LZYWNNT2J,PRV-6LZYWNNT2J,2024-06-06,2024-06-06,SYNTH,LAB-PNL-01,[],1.0,,,['SYN-DX-01'],11,181.33,148.69,133.82
LN-MZUZYJD6HP,CLM-D2E3BSMUWU,PRV-LEVZRZGE33,PRV-LEVZRZGE33,2024-05-04,2024-05-04,SYNTH,FAC-DAY,[],1.0,,,['SYN-DX-01'],21,175.82,144.17,129.75
LN-DY7NL6JLDS,CLM-6MSZK94T7P,PRV-LVGM3QWE3V,PRV-LVGM3QWE3V,2024-05-06,2024-05-06,SYNTH,DME-CATH,[],1.0,,,['SYN-DX-01'],12,199.39,163.5,147.15
LN-JL8VBQJ5DH,CLM-NH6Z2UXQGF,PRV-HP4BWL7QC4,PRV-HP4BWL7QC4,2024-08-05,2024-08-05,SYNTH,FAC-DAY,[],1.0,,,['SYN-DX-01'],21,183.59,150.54,135.49
LN-2T8PCNVLDP,CLM-UGFW3RYAJ6,PRV-CYX8UDJJ75,PRV-CYX8UDJJ75,2024-01-30,2024-01-30,SYNTH,EM-EST-3,[],1.0,,,['SYN-DX-01'],11,168.89,138.49,124.64
LN-EA396PA25E,CLM-7CHPQRCBTN,PRV-QJ8CAJLGGT,PRV-QJ8CAJLGGT,2024-03-27,2024-03-27,SYNTH,FAC-DAY,[],1.0,,,['SYN-DX-01'],21,177.92,145.89,131.3
LN-PAYTSRE2VK,CLM-7EKEWFEEEJ,PRV-R6UGAZC4XJ,PRV-R6UGAZC4XJ,2024-05-11,2024-05-11,SYNTH,HH-VISIT,[],1.0,45.0,,['SYN-DX-01'],12,159.43,130.73,117.66
LN-9888BTAFXZ,CLM-SNSYP5DEVZ,PRV-EWJD2QDPA6,PRV-EWJD2QDPA6,2024-04-05,2024-04-05,SYNTH,EM-EST-4,[],1.0,,,['SYN-DX-01'],11,183.23,150.25,135.22
LN-GNP8MFVV45,CLM-CH7RRHXTXE,PRV-R6UGAZC4XJ,PRV-R6UGAZC4XJ,2024-05-28,2024-05-28,SYNTH,HH-VISIT,[],1.0,45.0,,['SYN-DX-01'],12,177.13,145.25,130.72
LN-3BBAMVCMZT,CLM-3AAUXLZEPM,PRV-CYX8UDJJ75,PRV-CYX8UDJJ75,2024-01-29,2024-01-29,SYNTH,EM-EST-4,[],1.0,,,['SYN-DX-01'],11,184.01,150.89,135.8
LN-U2XVJXUT4J,CLM-AWAFPPHRL4,PRV-KB3DDTGVSY,PRV-KB3DDTGVSY,2024-05-04,2024-05-04,SYNTH,DME-CATH,[],1.0,,,['SYN-DX-01'],12,162.11,132.93,119.64
LN-X3RTY6GQKL,CLM-3B4J4TRN7P,PRV-6LZYWNNT2J,PRV-6LZYWNNT2J,2024-08-14,2024-08-14,SYNTH,LAB-GEN-01,[],1.0,,,['SYN-DX-01'],11,170.33,139.67,125.7
LN-TCENFQKYD6,CLM-A2WQBJMJ53,PRV-QJ8CAJLGGT,PRV-QJ8CAJLGGT,2024-07-17,2024-07-17,SYNTH,FAC-DAY,[],1.0,,,['SYN-DX-01'],21,173.16,141.99,127.79
LN-7AN8XDRCSZ,CLM-L9KUHVWWXU,PRV-DVP5UVKXMG,PRV-DVP5UVKXMG,2024-05-19,2024-05-19,SYNTH,EM-EST-3,[],1.0,,,['SYN-DX-01'],11,178.57,146.43,131.79
LN-MG8HARJY9S,CLM-NAYYATL7LA,PRV-YHCS7YKNYQ,PRV-YHCS7YKNYQ,2024-01-26,2024-01-26,SYNTH,PSY-45,[],1.0,45.0,,['SYN-DX-01'],11,182.46,149.62,134.66
LN-2DZ9YB287Q,CLM-MHYAL4Y866,PRV-GQ36BNJZ2W,PRV-GQ36BNJZ2W,2024-07-07,2024-07-07,SYNTH,HH-VISIT,[],1.0,45.0,,['SYN-DX-01'],12,164.13,134.59,121.13
LN-NGCYJMR3C2,CLM-TL93UYLABK,PRV-FYQT8W8H8G,PRV-FYQT8W8H8G,2024-06-26,2024-06-26,SYNTH,DME-CATH,[],1.0,,,['SYN-DX-01'],12,166.8,136.78,123.1
LN-TDHTBULYST,CLM-DK9U7E42RQ,PRV-HC5CWNTSHD,PRV-HC5CWNTSHD,2024-02-12,2024-02-12,SYNTH,EM-EST-4,[],1.0,,,['SYN-DX-01'],11,172.94,141.81,127.63
LN-G2FB4M7ACT,CLM-H5GFGQ9J37,PRV-HC5CWNTSHD,PRV-HC5CWNTSHD,2024-04-26,2024-04-26,SYNTH,EM-EST-2,[],1.0,,,['SYN-DX-01'],11,146.57,120.19,108.17
LN-LQEU6ZTDK9,CLM-658UMFNBTG,PRV-HP4BWL7QC4,PRV-HP4BWL7QC4,2024-07-05,2024-07-05,SYNTH,FAC-DAY,[],1.0,,,['SYN-DX-01'],21,168.23,137.95,124.15
LN-GL86SQLBRL,CLM-9LYG8TA6VE,PRV-KB3DDTGVSY,PRV-KB3DDTGVSY,2024-04-14,2024-04-14,SYNTH,DME-CATH,[],1.0,,,['SYN-DX-01'],12,186.62,153.03,137.73
LN-X6AHNPK4S9,CLM-EL5JGSHEQM,PRV-4TYA4STMB7,PRV-4TYA4STMB7,2024-01-16,2024-01-16,SYNTH,DME-CATH,[],1.0,,,['SYN-DX-01'],12,167.69,137.51,123.76
LN-K2MJ4V52J2,CLM-SQ3H6AKZXP,PRV-52P4GQD2DS,PRV-52P4GQD2DS,2024-05-20,2024-05-20,SYNTH,EM-EST-5,[],1.0,,,['SYN-DX-01'],11,181.38,148.73,133.86
LN-S4RJ8BVTH7,CLM-C4K3D37Z4R,PRV-HP4BWL7QC4,PRV-HP4BWL7QC4,2024-08-07,2024-08-07,SYNTH,FAC-DAY,[],1.0,,,['SYN-DX-01'],21,190.29,156.04,140.44
LN-WPB8AXKD7T,CLM-QWAU2RJZUV,PRV-HC5CWNTSHD,PRV-HC5CWNTSHD,2024-08-22,2024-08-22,SYNTH,EM-EST-2,[],1.0,,,['SYN-DX-01'],11,193.66,158.8,142.92
LN-C89N2MRM3P,CLM-4GJBGZBWNR,PRV-HC5CWNTSHD,PRV-HC5CWNTSHD,2024-03-17,2024-03-17,SYNTH,EM-EST-2,[],1.0,,,['SYN-DX-01'],11,181.34,148.7,133.83
LN-5QFA82KZZE,CLM-K8HWDQ5HJ9,PRV-TTYMZNZQCD,PRV-TTYMZNZQCD,2024-05-21,2024-05-21,SYNTH,LAB-PNL-01,[],1.0,,,['SYN-DX-01'],11,169.97,139.38,125.44
LN-5L46WPJEMT,CLM-U2ELCJC5PT,PRV-EWJD2QDPA6,PRV-EWJD2QDPA6,2024-05-30,2024-05-30,SYNTH,EM-EST-2,[],1.0,,,['SYN-DX-01'],11,193.49,158.66,142.79
LN-AGRWA4YKAH,CLM-BUT6BJDYKE,PRV-H9LG5VAJ3J,PRV-H9LG5VAJ3J,2024-06-30,2024-06-30,SYNTH,FAC-DAY,[],1.0,,,['SYN-DX-01'],21,207.65,170.27,153.24
LN-S6TP66D333,CLM-AEG46MP9JK,PRV-5AE63K9XH5,PRV-5AE63K9XH5,2024-07-07,2024-07-07,SYNTH,HH-VISIT,[],1.0,45.0,,['SYN-DX-01'],12,181.34,148.7,133.83
LN-2H2UAULEVZ,CLM-L27L8UB6XQ,PRV-H9LG5VAJ3J,PRV-H9LG5VAJ3J,2024-03-11,2024-03-11,SYNTH,FAC-DAY,[],1.0,,,['SYN-DX-01'],21,190.93,156.56,140.9
LN-AHYTT89ZHF,CLM-CB73KC3UHF,PRV-HC5CWNTSHD,PRV-HC5CWNTSHD,2024-06-02,2024-06-02,SYNTH,EM-EST-2,[],1.0,,,['SYN-DX-01'],11,182.58,149.72,134.75
LN-KYYDLPZLCL,CLM-NPDTH5TYZR,PRV-HC5CWNTSHD,PRV-HC5CWNTSHD,2024-02-02,2024-02-02,SYNTH,EM-EST-4,[],1.0,,,['SYN-DX-01'],11,174.16,142.81,128.53
LN-33VC2VZ2G4,CLM-5L7GXKMSYF,PRV-EWJD2QDPA6,PRV-EWJD2QDPA6,2024-04-20,2024-04-20,SYNTH,EM-EST-1,[],1.0,,,['SYN-DX-01'],11,195.48,160.29,144.26
LN-8S3GJKSQBV,CLM-57NJY8RETD,PRV-EWJD2QDPA6,PRV-EWJD2QDPA6,2024-04-12,2024-04-12,SYNTH,EM-EST-3,[],1.0,,,['SYN-DX-01'],11,198.72,162.95,146.66
LN-JTG4DLXCV7,CLM-F6CVN2XNAK,PRV-5AE63K9XH5,PRV-5AE63K9XH5,2024-01-21,2024-01-21,SYNTH,HH-VISIT,[],1.0,45.0,,['SYN-DX-01'],12,185.52,152.13,136.92
LN-7KF8V4LSVA,CLM-H8P3LN5R94,PRV-52P4GQD2DS,PRV-52P4GQD2DS,2024-04-04,2024-04-04,SYNTH,EM-EST-5,[],1.0,,,['SYN-DX-01'],11,170.43,139.75,125.78
LN-Y8YQ4LNKUY,CLM-EBRFCCN7ZC,PRV-GZWKQRABYX,PRV-GZWKQRABYX,2024-01-02,2024-01-02,SYNTH,FAC-DAY,[],1.0,,,['SYN-DX-01'],21,184.45,151.25,136.12
LN-TCZ2M7WE83,CLM-65JFCFMWKF,PRV-E2KQR2ZK3Q,PRV-E2KQR2ZK3Q,2024-01-06,2024-01-06,NDC-SYN,NDC-OPIOID-01,[],1.0,,,['SYN-DX-01'],11,178.77,146.59,131.93
LN-9CST7C94W3,CLM-TK4L3ECF6B,PRV-R6UGAZC4XJ,PRV-R6UGAZC4XJ,2024-07-08,2024-07-08,SYNTH,HH-VISIT,[],1.0,45.0,,['SYN-DX-01'],12,176.16,144.45,130.0
LN-CQ9FNCFSG9,CLM-Q7XB5S4R8L,PRV-F63QP3FKES,PRV-F63QP3FKES,2024-02-01,2024-02-01,SYNTH,ABA-60,[],1.0,60.0,,['SYN-DX-01'],11,164.77,135.11,121.6
LN-Z83WJJ4R3A,CLM-UGLEKCHUS7,PRV-9HWCXGYGRP,PRV-9HWCXGYGRP,2024-08-22,2024-08-22,SYNTH,PSY-45,[],1.0,45.0,,['SYN-DX-01'],11,178.13,146.07,131.46
LN-LXDZNFG5KF,CLM-TK9B8LUL46,PRV-EWJD2QDPA6,PRV-EWJD2QDPA6,2024-04-04,2024-04-04,SYNTH,EM-EST-3,[],1.0,,,['SYN-DX-01'],11,159.91,131.13,118.02
LN-FBKVZKCEU5,CLM-945YE3B2D3,PRV-F63QP3FKES,PRV-F63QP3FKES,2024-03-11,2024-03-11,SYNTH,ABA-60,[],1.0,60.0,,['SYN-DX-01'],11,169.95,139.36,125.42
LN-CH7QRZNFGS,CLM-BVUFCCWVSR,PRV-DVP5UVKXMG,PRV-DVP5UVKXMG,2024-05-09,2024-05-09,SYNTH,EM-EST-5,[],1.0,,,['SYN-DX-01'],11,182.31,149.49,134.54
LN-YC5NDDC3UB,CLM-43F44DK9RQ,PRV-EWJD2QDPA6,PRV-EWJD2QDPA6,2024-05-03,2024-05-03,SYNTH,EM-EST-2,[],1.0,,,['SYN-DX-01'],11,184.19,151.04,135.94
LN-662SKPR2BA,CLM-TXESJFP2BV,PRV-GQ36BNJZ2W,PRV-GQ36BNJZ2W,2024-07-25,2024-07-25,SYNTH,HH-VISIT,[],1.0,45.0,,['SYN-DX-01'],12,200.29,164.24,147.82
LN-B8SQJDZJCX,CLM-CC9JM9PRNT,PRV-DVP5UVKXMG,PRV-DVP5UVKXMG,2024-07-31,2024-07-31,SYNTH,EM-EST-3,[],1.0,,,['SYN-DX-01'],11,183.36,150.36,135.32
LN-YUZ4HVTYDZ,CLM-QYG9W2X7SY,PRV-52P4GQD2DS,PRV-52P4GQD2DS,2024-01-06,2024-01-06,SYNTH,EM-EST-3,[],1.0,,,['SYN-DX-01'],11,187.35,153.63,138.27
LN-FL4X9EKF9Y,CLM-4L7ZEQ8MRQ,PRV-HP4BWL7QC4,PRV-HP4BWL7QC4,2024-03-02,2024-03-02,SYNTH,FAC-DAY,[],1.0,,,['SYN-DX-01'],21,174.14,142.79,128.51
LN-HPLLV7CJH7,CLM-6TZWMDV65S,PRV-P8SZX5BYHL,PRV-P8SZX5BYHL,2024-07-16,2024-07-16,NDC-SYN,NDC-OPIOID-01,[],1.0,,,['SYN-DX-01'],11,179.06,146.83,132.15
LN-82ALZBXHNP,CLM-7BEQYZY3J5,PRV-DLK2K6289C,PRV-DLK2K6289C,2024-07-25,2024-07-25,SYNTH,LAB-GEN-01,[],1.0,,,['SYN-DX-01'],11,195.85,160.6,144.54
LN-ZQUYLZH5NJ,CLM-V39ENF5RTS,PRV-AEV55VW98C,PRV-AEV55VW98C,2024-06-14,2024-06-14,HCPCS2,A0427,[],1.0,,,['SYN-DX-01'],41,8.26,6.77,6.09
LN-QBFXT2WCGJ,CLM-VNDS63P3VZ,PRV-52P4GQD2DS,PRV-52P4GQD2DS,2024-07-17,2024-07-17,SYNTH,EM-EST-4,[],1.0,,,['SYN-DX-01'],11,188.87,154.87,139.38
LN-A438NRPWAM,CLM-EX3HBQ4NPK,PRV-GQ36BNJZ2W,PRV-GQ36BNJZ2W,2024-03-27,2024-03-27,SYNTH,HH-VISIT,[],1.0,45.0,,['SYN-DX-01'],12,185.82,152.37,137.13
LN-PK34HDNRUW,CLM-MR24MDCWNM,PRV-HP4BWL7QC4,PRV-HP4BWL7QC4,2024-08-18,2024-08-18,SYNTH,FAC-DAY,[],1.0,,,['SYN-DX-01'],21,158.72,130.15,117.14
LN-GFE7RNQCB2,CLM-P9NNCDFRDE,PRV-ZU6YL2HNHH,PRV-ZU6YL2HNHH,2024-06-19,2024-06-19,SYNTH,HH-VISIT,[],1.0,45.0,,['SYN-DX-01'],12,168.75,138.38,124.54
LN-GWD6HCSL4N,CLM-AXR9XU2U88,PRV-TTYMZNZQCD,PRV-TTYMZNZQCD,2024-06-10,2024-06-10,SYNTH,LAB-GEN-01,[],1.0,,,['SYN-DX-01'],11,162.66,133.38,120.04
LN-ATQPCC6Z6H,CLM-AU4YU3R3FN,PRV-R6UGAZC4XJ,PRV-R6UGAZC4XJ,2024-02-28,2024-02-28,SYNTH,HH-VISIT,[],1.0,45.0,,['SYN-DX-01'],12,182.54,149.68,134.71
LN-RPLRV475JX,CLM-PBGL3MQFXY,PRV-HC5CWNTSHD,PRV-HC5CWNTSHD,2024-04-09,2024-04-09,SYNTH,EM-EST-1,[],1.0,,,['SYN-DX-01'],11,174.05,142.72,128.45
LN-7NTRWUB7VE,CLM-628H7KYHBB,PRV-EGMCSQWZE2,PRV-EGMCSQWZE2,2024-08-06,2024-08-06,SYNTH,PSY-45,[],1.0,45.0,,['SYN-DX-01'],11,191.14,156.73,141.06
LN-UAU6FU62QL,CLM-QZGYEZYKJ6,PRV-DVP5UVKXMG,PRV-DVP5UVKXMG,2024-07-04,2024-07-04,SYNTH,EM-EST-3,[],1.0,,,['SYN-DX-01'],11,180.63,148.12,133.31
LN-CN5YVUXV6A,CLM-ZRTFEJR767,PRV-52P4GQD2DS,PRV-52P4GQD2DS,2024-03-24,2024-03-24,SYNTH,EM-EST-3,[],1.0,,,['SYN-DX-01'],11,200.94,164.77,148.29
LN-RY3SWTZQ8B,CLM-WGJAV3H2C4,PRV-KB3DDTGVSY,PRV-KB3DDTGVSY,2024-02-21,2024-02-21,SYNTH,DME-CATH,[],1.0,,,['SYN-DX-01'],12,195.94,160.67,144.6
LN-5HV9HCTGTA,CLM-9JU9UKMNNF,PRV-CYX8UDJJ75,PRV-CYX8UDJJ75,2024-02-21,2024-02-21,SYNTH,EM-EST-3,[],1.0,,,['SYN-DX-01'],11,194.28,159.31,143.38
LN-GDWWWEMZYP,CLM-M2Q7U6RBZ8,PRV-LVGM3QWE3V,PRV-LVGM3QWE3V,2024-07-06,2024-07-06,SYNTH,DME-CATH,[],1.0,,,['SYN-DX-01'],12,158.75,130.17,117.15
LN-RM32XLHBF2,CLM-EVXVLK9M8V,PRV-DVP5UVKXMG,PRV-DVP5UVKXMG,2024-02-07,2024-02-07,SYNTH,EM-EST-3,[],1.0,,,['SYN-DX-01'],11,178.94,146.73,132.06
LN-VEXWDBVEMG,CLM-XMQ4RJDD3M,PRV-EGMCSQWZE2,PRV-EGMCSQWZE2,2024-02-12,2024-02-12,SYNTH,PSY-60,[],1.0,60.0,,['SYN-DX-01'],11,180.74,148.21,133.39
LN-SHTAEUCTDW,CLM-3CADG45MES,PRV-F63QP3FKES,PRV-F63QP3FKES,2024-06-11,2024-06-11,SYNTH,PSY-30,[],1.0,30.0,,['SYN-DX-01'],11,171.16,140.35,126.31
LN-764Z2DQ8V6,CLM-K4FDKBU9Y2,PRV-LJD3M755ZS,PRV-LJD3M755ZS,2024-04-09,2024-04-09,HCPCS2,A0425,[],13.0,,13.0,['SYN-DX-01'],41,116.72,95.71,86.14
LN-SKZBVCF78W,CLM-ZHJJWD5CMP,PRV-F2HS2XPZAV,PRV-F2HS2XPZAV,2024-04-16,2024-04-16,NDC-SYN,NDC-OPIOID-01,[],1.0,,,['SYN-DX-01'],11,182.46,149.62,134.66
LN-MCJPMCXEKM,CLM-LMF5VNTXR5,PRV-CYX8UDJJ75,PRV-CYX8UDJJ75,2024-03-07,2024-03-07,SYNTH,EM-EST-3,[],1.0,,,['SYN-DX-01'],11,172.78,141.68,127.51
LN-UKQAKRDNJF,CLM-86UL42YRCJ,PRV-FYQT8W8H8G,PRV-FYQT8W8H8G,2024-06-07,2024-06-07,SYNTH,DME-CATH,[],1.0,,,['SYN-DX-01'],12,161.79,132.67,119.4
LN-PK26KF4BLB,CLM-Y4ZQ9HQZ64,PRV-GQ36BNJZ2W,PRV-GQ36BNJZ2W,2024-07-01,2024-07-01,SYNTH,HH-VISIT,[],1.0,45.0,,['SYN-DX-01'],12,184.95,151.66,136.49
LN-Z2NNXC9D65,CLM-7LZSQ76U8T,PRV-P8SZX5BYHL,PRV-P8SZX5BYHL,2024-06-20,2024-06-20,NDC-SYN,NDC-OPIOID-01,[],1.0,,,['SYN-DX-01'],11,184.11,150.97,135.87
LN-ATVDUGY7QM,CLM-VKDWGPVSVE,PRV-52P4GQD2DS,PRV-52P4GQD2DS,2024-04-10,2024-04-10,SYNTH,EM-EST-3,[],1.0,,,['SYN-DX-01'],11,141.41,115.96,104.36
LN-3VSDZULLYX,CLM-JUVZFUS9HG,PRV-96KL4VD67A,PRV-96KL4VD67A,2024-03-16,2024-03-16,SYNTH,LAB-GEN-01,[],1.0,,,['SYN-DX-01'],11,186.72,153.11,137.8
LN-5JUXMQQK5P,CLM-CA48KSY9JR,PRV-ZU6YL2HNHH,PRV-ZU6YL2HNHH,2024-02-08,2024-02-08,SYNTH,HH-VISIT,[],1.0,45.0,,['SYN-DX-01'],12,159.12,130.48,117.43
LN-4BNR2S4WM8,CLM-YHG6JMZLAS,PRV-HC5CWNTSHD,PRV-HC5CWNTSHD,2024-01-06,2024-01-06,SYNTH,EM-EST-3,[],1.0,,,['SYN-DX-01'],11,193.06,158.31,142.48
LN-27HVZBHEVY,CLM-JN2GCS4T4Y,PRV-R6UGAZC4XJ,PRV-R6UGAZC4XJ,2024-03-14,2024-03-14,SYNTH,HH-VISIT,[],1.0,45.0,,['SYN-DX-01'],12,170.98,140.2,126.18
LN-YXJVP62QZC,CLM-NXV7FVW6RX,PRV-EWJD2QDPA6,PRV-EWJD2QDPA6,2024-06-30,2024-06-30,SYNTH,EM-EST-2,[],1.0,,,['SYN-DX-01'],11,163.84,134.35,120.91
LN-DMTLDB97LQ,CLM-ZWD43BMZHV,PRV-96KL4VD67A,PRV-96KL4VD67A,2024-04-24,2024-04-24,SYNTH,LAB-PNL-01,[],1.0,,,['SYN-DX-01'],11,193.28,158.49,142.64
LN-M7ZMHHQTUX,CLM-H2U4QGPYZG,PRV-AEV55VW98C,PRV-AEV55VW98C,2024-06-15,2024-06-15,HCPCS2,A0427,[],1.0,,,['SYN-DX-01'],41,9.18,7.53,6.78
LN-UJJA3V8DUN,CLM-KBP6EE5H7V,PRV-QJ8CAJLGGT,PRV-QJ8CAJLGGT,2024-06-05,2024-06-05,SYNTH,FAC-DAY,[],1.0,,,['SYN-DX-01'],21,182.5,149.65,134.69
LN-ABKKG4HCNY,CLM-HP3ZSHRFDH,PRV-CYX8UDJJ75,PRV-CYX8UDJJ75,2024-05-01,2024-05-01,SYNTH,EM-EST-3,[],1.0,,,['SYN-DX-01'],11,193.87,158.97,143.07
LN-JWNEEQQ46K,CLM-YN3T4LSAP7,PRV-R6UGAZC4XJ,PRV-R6UGAZC4XJ,2024-04-07,2024-04-07,SYNTH,HH-VISIT,[],1.0,45.0,,['SYN-DX-01'],12,173.64,142.38,128.14
LN-RM9H6DT33P,CLM-B73YMH99WU,PRV-96KL4VD67A,PRV-96KL4VD67A,2024-06-30,2024-06-30,SYNTH,LAB-GEN-01,[],1.0,,,['SYN-DX-01'],11,189.03,155.0,139.5
LN-T7EDN7P7DL,CLM-DVT8KL9H5E,PRV-52P4GQD2DS,PRV-52P4GQD2DS,2024-01-14,2024-01-14,SYNTH,EM-EST-3,[],1.0,,,['SYN-DX-01'],11,164.55,134.93,121.44
LN-SGA2M45HYE,CLM-AH38CUXN4S,PRV-5AE63K9XH5,PRV-5AE63K9XH5,2024-02-16,2024-02-16,SYNTH,HH-VISIT,[],1.0,45.0,,['SYN-DX-01'],12,207.83,170.42,153.38
LN-W54JGJWBFA,CLM-ZT3Y82QLMF,PRV-KB3DDTGVSY,PRV-KB3DDTGVSY,2024-01-06,2024-01-06,SYNTH,DME-CATH,[],1.0,,,['SYN-DX-01'],12,166.07,136.18,122.56
LN-5VNT6J99EU,CLM-P398BETL9E,PRV-HC5CWNTSHD,PRV-HC5CWNTSHD,2024-07-15,2024-07-15,SYNTH,EM-EST-1,[],1.0,,,['SYN-DX-01'],11,184.55,151.33,136.2
LN-VV2BRDVZW2,CLM-Z3MTEEXZZ5,PRV-Z84M5CG5BX,PRV-Z84M5CG5BX,2024-05-19,2024-05-19,NDC-SYN,NDC-OPIOID-01,[],1.0,,,['SYN-DX-01'],11,167.8,137.6,123.84
LN-9CEMYHVTA9,CLM-5V592NX7R8,PRV-KGZA99WKKT,PRV-KGZA99WKKT,2024-08-22,2024-08-22,HCPCS2,A0427,[],1.0,,,['SYN-DX-01'],41,10.39,8.52,7.67
LN-WWL5FZDBVN,CLM-Z7R8ZSMG9T,PRV-EGMCSQWZE2,PRV-EGMCSQWZE2,2024-05-01,2024-05-01,SYNTH,PSY-30,[],1.0,30.0,,['SYN-DX-01'],11,174.88,143.4,129.06
LN-E7Z6NQX6RW,CLM-CHZ4YD84YG,PRV-CYX8UDJJ75,PRV-CYX8UDJJ75,2024-08-02,2024-08-02,SYNTH,EM-EST-2,[],1.0,,,['SYN-DX-01'],11,173.43,142.21,127.99
LN-XU36944ZHM,CLM-JB9W5VSN68,PRV-DVP5UVKXMG,PRV-DVP5UVKXMG,2024-02-15,2024-02-15,SYNTH,EM-EST-4,[],1.0,,,['SYN-DX-01'],11,187.23,153.53,138.18
LN-VYFL3K6X8D,CLM-VA3FFXDWGL,PRV-LEVZRZGE33,PRV-LEVZRZGE33,2024-05-14,2024-05-14,SYNTH,FAC-DAY,[],1.0,,,['SYN-DX-01'],21,160.47,131.59,118.43
LN-9RN695K5AR,CLM-XM2GR2F948,PRV-R6UGAZC4XJ,PRV-R6UGAZC4XJ,2024-08-11,2024-08-11,SYNTH,HH-VISIT,[],1.0,45.0,,['SYN-DX-01'],12,161.0,132.02,118.82
LN-CYG6A9XYSN,CLM-SCWXJLCK4Y,PRV-ZU6YL2HNHH,PRV-ZU6YL2HNHH,2024-05-23,2024-05-23,SYNTH,HH-VISIT,[],1.0,45.0,,['SYN-DX-01'],12,173.81,142.52,128.27
LN-6FY3LPZWZ5,CLM-556VK4MAV8,PRV-P8SZX5BYHL,PRV-P8SZX5BYHL,2024-03-09,2024-03-09,NDC-SYN,NDC-OPIOID-01,[],1.0,,,['SYN-DX-01'],11,156.8,128.58,115.72
LN-WDQDC9PH6U,CLM-5JARRA833D,PRV-ZU6YL2HNHH,PRV-ZU6YL2HNHH,2024-07-18,2024-07-18,SYNTH,HH-VISIT,[],1.0,45.0,,['SYN-DX-01'],12,174.22,142.86,128.57
LN-5BZ6X5RU4U,CLM-L2EZSH4R2J,PRV-R6UGAZC4XJ,PRV-R6UGAZC4XJ,2024-01-12,2024-01-12,SYNTH,HH-VISIT,[],1.0,45.0,,['SYN-DX-01'],12,184.05,150.92,135.83
LN-F2VNGA2P6A,CLM-64SA54ELU7,PRV-2RBJKMU8EL,PRV-2RBJKMU8EL,2024-08-22,2024-08-22,HCPCS2,A0427,[],1.0,,,['SYN-DX-01'],41,9.55,7.83,7.05
LN-VKVB5M4QPE,CLM-Y42L5W5EXV,PRV-GZWKQRABYX,PRV-GZWKQRABYX,2024-01-30,2024-01-30,SYNTH,FAC-DAY,[],1.0,,,['SYN-DX-01'],21,176.7,144.89,130.4
LN-3F4QW6JMQE,CLM-YWVE4U6G62,PRV-HC5CWNTSHD,PRV-HC5CWNTSHD,2024-02-07,2024-02-07,SYNTH,EM-EST-4,[],1.0,,,['SYN-DX-01'],11,203.56,166.92,150.23
LN-PHJD8DMUH6,CLM-7A9EGD347U,PRV-CYX8UDJJ75,PRV-CYX8UDJJ75,2024-06-08,2024-06-08,SYNTH,EM-EST-3,[],1.0,,,['SYN-DX-01'],11,164.31,134.73,121.26
LN-YUZ6GB8JV6,CLM-KNL9JHYD6E,PRV-F2HS2XPZAV,PRV-F2HS2XPZAV,2024-02-15,2024-02-15,NDC-SYN,NDC-OPIOID-01,[],1.0,,,['SYN-DX-01'],11,208.31,170.81,153.73
LN-GGELMNFXQX,CLM-ZQFLDQCL78,PRV-96KL4VD67A,PRV-96KL4VD67A,2024-02-25,2024-02-25,SYNTH,LAB-PNL-01,[],1.0,,,['SYN-DX-01'],11,189.44,155.34,139.81
LN-5S9SVVW7CC,CLM-DYWXR4KZNL,PRV-2RBJKMU8EL,PRV-2RBJKMU8EL,2024-07-30,2024-07-30,HCPCS2,A0427,[],1.0,,,['SYN-DX-01'],41,9.51,7.8,7.02
LN-BGUSHF6SR3,CLM-AUQRKXZY5L,PRV-FYQT8W8H8G,PRV-FYQT8W8H8G,2024-06-20,2024-06-20,SYNTH,DME-CATH,[],1.0,,,['SYN-DX-01'],12,211.09,173.09,155.78
LN-LVF77R72LD,CLM-YE3M3WYSWM,PRV-DVP5UVKXMG,PRV-DVP5UVKXMG,2024-07-04,2024-07-04,SYNTH,EM-EST-3,[],1.0,,,['SYN-DX-01'],11,168.89,138.49,124.64
LN-J22FPQFJXW,CLM-WJ4NFJ69SC,PRV-CYX8UDJJ75,PRV-CYX8UDJJ75,2024-08-22,2024-08-22,SYNTH,EM-EST-4,[],1.0,,,['SYN-DX-01'],11,171.9,140.96,126.86
LN-W4PHB7GJDA,CLM-9R9JS6DTW5,PRV-EGMCSQWZE2,PRV-EGMCSQWZE2,2024-02-22,2024-02-22,SYNTH,PSY-45,[],1.0,45.0,,['SYN-DX-01'],11,187.39,153.66,138.29
LN-W3YSGUWGZ5,CLM-9N5PJQK9RN,PRV-YHCS7YKNYQ,PRV-YHCS7YKNYQ,2024-06-23,2024-06-23,SYNTH,PSY-60,[],1.0,60.0,,['SYN-DX-01'],11,175.03,143.52,129.17
LN-B75KYVE5U8,CLM-HE47GSCWVY,PRV-52P4GQD2DS,PRV-52P4GQD2DS,2024-02-10,2024-02-10,SYNTH,EM-EST-3,[],1.0,,,['SYN-DX-01'],11,190.49,156.2,140.58
LN-6JY9K3HLXF,CLM-WCQQUGA4Z7,PRV-4TYA4STMB7,PRV-4TYA4STMB7,2024-03-03,2024-03-03,SYNTH,DME-CATH,[],1.0,,,['SYN-DX-01'],12,185.47,152.09,136.88
LN-EZCCWW9XYQ,CLM-5RUFX5W6A8,PRV-EGMCSQWZE2,PRV-EGMCSQWZE2,2024-08-22,2024-08-22,SYNTH,PSY-45,[],1.0,45.0,,['SYN-DX-01'],11,180.04,147.63,132.87
LN-HG5TVHZJ92,CLM-BTZBJP5KUW,PRV-HP4BWL7QC4,PRV-HP4BWL7QC4,2024-06-04,2024-06-04,SYNTH,FAC-DAY,[],1.0,,,['SYN-DX-01'],21,143.03,117.28,105.55
LN-RHQJW5C2GZ,CLM-TBZTYWH4S7,PRV-R6UGAZC4XJ,PRV-R6UGAZC4XJ,2024-02-15,2024-02-15,SYNTH,HH-VISIT,[],1.0,45.0,,['SYN-DX-01'],12,187.25,153.54,138.19
LN-GULDHLWMWH,CLM-XPJ5ELAX6C,PRV-2RBJKMU8EL,PRV-2RBJKMU8EL,2024-07-20,2024-07-20,HCPCS2,A0425,[],24.0,,24.0,['SYN-DX-01'],41,229.54,188.22,169.4
LN-JFJBFJKHH3,CLM-AJPDKML5S2,PRV-ZU6YL2HNHH,PRV-ZU6YL2HNHH,2024-04-22,2024-04-22,SYNTH,HH-VISIT,[],1.0,45.0,,['SYN-DX-01'],12,184.57,151.35,136.22
LN-LYUZP2WSK4,CLM-CRMHBGWMPU,PRV-EGMCSQWZE2,PRV-EGMCSQWZE2,2024-08-10,2024-08-10,SYNTH,PSY-30,[],1.0,30.0,,['SYN-DX-01'],11,174.01,142.69,128.42
LN-FL7KMTW6YG,CLM-LYYMJVHL7U,PRV-5AE63K9XH5,PRV-5AE63K9XH5,2024-04-16,2024-04-16,SYNTH,HH-VISIT,[],1.0,45.0,,['SYN-DX-01'],12,184.22,151.06,135.95
LN-NU8MV3DM75,CLM-LA97V3C9HJ,PRV-9HWCXGYGRP,PRV-9HWCXGYGRP,2024-05-02,2024-05-02,SYNTH,PSY-45,[],1.0,45.0,,['SYN-DX-01'],11,180.59,148.08,133.27
LN-P38MLZKZML,CLM-Y6GYXPZTS3,PRV-CYX8UDJJ75,PRV-CYX8UDJJ75,2024-04-17,2024-04-17,SYNTH,EM-EST-3,[],1.0,,,['SYN-DX-01'],11,179.84,147.47,132.72
LN-TV7B3JF4M3,CLM-RTWYF9KSYY,PRV-R6UGAZC4XJ,PRV-R6UGAZC4XJ,2024-06-01,2024-06-01,SYNTH,HH-VISIT,[],1.0,45.0,,['SYN-DX-01'],12,193.16,158.39,142.55
LN-N63TYA8QRT,CLM-JQLPBSGFZZ,PRV-52P4GQD2DS,PRV-52P4GQD2DS,2024-08-04,2024-08-04,SYNTH,EM-EST-3,[],1.0,,,['SYN-DX-01'],11,201.45,165.19,148.67
LN-R4LXURMTRR,CLM-NVD9CKUBPH,PRV-9HWCXGYGRP,PRV-9HWCXGYGRP,2024-03-10,2024-03-10,SYNTH,ABA-60,[],1.0,60.0,,['SYN-DX-01'],11,171.93,140.98,126.88
LN-3UXSB32GCU,CLM-S5S2YQJGSA,PRV-GQ36BNJZ2W,PRV-GQ36BNJZ2W,2024-08-22,2024-08-22,SYNTH,HH-VISIT,[],1.0,45.0,,['SYN-DX-01'],12,180.46,147.98,133.18
LN-Y5P42JC9XA,CLM-LRCRQ8EMDV,PRV-6LZYWNNT2J,PRV-6LZYWNNT2J,2024-02-15,2024-02-15,SYNTH,LAB-GEN-01,[],1.0,,,['SYN-DX-01'],11,204.35,167.57,150.81
LN-EUSBEKU45Y,CLM-TBB73ZHVRY,PRV-YHCS7YKNYQ,PRV-YHCS7YKNYQ,2024-05-22,2024-05-22,SYNTH,PSY-60,[],1.0,60.0,,['SYN-DX-01'],11,162.28,133.07,119.76
LN-AHSA4W5JYE,CLM-BDQLEHR7Y5,PRV-GZWKQRABYX,PRV-GZWKQRABYX,2024-02-17,2024-02-17,SYNTH,FAC-DAY,[],1.0,,,['SYN-DX-01'],21,203.53,166.89,150.2
LN-5YW26KYKQZ,CLM-A4RBKGDRYM,PRV-DLK2K6289C,PRV-DLK2K6289C,2024-02-14,2024-02-14,SYNTH,LAB-PNL-01,[],1.0,,,['SYN-DX-01'],11,177.94,145.91,131.32
LN-49JUST5TF3,CLM-KHS7U37A3W,PRV-KGZA99WKKT,PRV-KGZA99WKKT,2024-04-22,2024-04-22,HCPCS2,A0427,[],1.0,,,['SYN-DX-01'],41,8.65,7.09,6.38
LN-T2E9BTCZZY,CLM-MMDFAHK42D,PRV-GZWKQRABYX,PRV-GZWKQRABYX,2024-03-31,2024-03-31,SYNTH,FAC-DAY,[],1.0,,,['SYN-DX-01'],21,167.11,137.03,123.33
LN-ZVPT7D5VV5,CLM-DGNE4KPXTP,PRV-HP4BWL7QC4,PRV-HP4BWL7QC4,2024-01-31,2024-01-31,SYNTH,FAC-DAY,[],1.0,,,['SYN-DX-01'],21,173.15,141.98,127.78
LN-F9DNZTBHDR,CLM-CVYVC93H88,PRV-DVP5UVKXMG,PRV-DVP5UVKXMG,2024-05-25,2024-05-25,SYNTH,EM-EST-4,[],1.0,,,['SYN-DX-01'],11,189.52,155.41,139.87
LN-BNZRE6SXMP,CLM-YZRSAJCXSX,PRV-4TYA4STMB7,PRV-4TYA4STMB7,2024-02-11,2024-02-11,SYNTH,DME-CATH,[],1.0,,,['SYN-DX-01'],12,169.97,139.38,125.44
LN-2E2RBXDZV3,CLM-3PCXT8WTV2,PRV-CYX8UDJJ75,PRV-CYX8UDJJ75,2024-01-27,2024-01-27,SYNTH,EM-EST-4,[],1.0,,,['SYN-DX-01'],11,177.77,145.77,131.19
LN-BRCAC53A3N,CLM-8TQFP2N2EH,PRV-4TYA4STMB7,PRV-4TYA4STMB7,2024-05-24,2024-05-24,SYNTH,DME-CATH,[],1.0,,,['SYN-DX-01'],12,185.49,152.1,136.89
LN-FSCMEY9RPS,CLM-E5X8HF3GDV,PRV-KB3DDTGVSY,PRV-KB3DDTGVSY,2024-08-11,2024-08-11,SYNTH,DME-CATH,[],1.0,,,['SYN-DX-01'],12,183.16,150.19,135.17
LN-ZQ9K9NY5P8,CLM-K3XTQAMGGW,PRV-5AE63K9XH5,PRV-5AE63K9XH5,2024-01-05,2024-01-05,SYNTH,HH-VISIT,[],1.0,45.0,,['SYN-DX-01'],12,187.54,153.78,138.4
LN-2ENZNV6BMZ,CLM-JBF3L6AK26,PRV-NNZAMXRZ52,PRV-NNZAMXRZ52,2024-07-22,2024-07-22,NDC-SYN,NDC-OPIOID-01,[],1.0,,,['SYN-DX-01'],11,157.93,129.5,116.55
LN-DA8BUGERAL,CLM-ZFVK3CE58K,PRV-EWJD2QDPA6,PRV-EWJD2QDPA6,2024-04-12,2024-04-12,SYNTH,EM-EST-4,[],1.0,,,['SYN-DX-01'],11,189.11,155.07,139.56
LN-JMRANXSS6D,CLM-B4P48VMP59,PRV-EWJD2QDPA6,PRV-EWJD2QDPA6,2024-02-19,2024-02-19,SYNTH,EM-EST-3,[],1.0,,,['SYN-DX-01'],11,184.84,151.57,136.41
LN-6DRXQ6ADZV,CLM-TNLPEUKLJX,PRV-E2KQR2ZK3Q,PRV-E2KQR2ZK3Q,2024-05-19,2024-05-19,NDC-SYN,NDC-OPIOID-01,[],1.0,,,['SYN-DX-01'],11,174.84,143.37,129.03
LN-VFZGTPLSVG,CLM-J76PEHX9PG,PRV-AEV55VW98C,PRV-AEV55VW98C,2024-07-17,2024-07-17,HCPCS2,A0427,[],1.0,,,['SYN-DX-01'],41,8.64,7.08,6.37
LN-UHRUUN9CPD,CLM-MEPNZ6YC4V,PRV-2RBJKMU8EL,PRV-2RBJKMU8EL,2024-03-19,2024-03-19,HCPCS2,A0427,[],1.0,,,['SYN-DX-01'],41,8.08,6.63,5.97
LN-K3ACXRF3N4,CLM-9AW8ER2AS5,PRV-DVP5UVKXMG,PRV-DVP5UVKXMG,2024-02-26,2024-02-26,SYNTH,EM-EST-3,[],1.0,,,['SYN-DX-01'],11,215.74,176.91,159.22
LN-QAAQBWFP2T,CLM-48FM8GV3ZP,PRV-LJD3M755ZS,PRV-LJD3M755ZS,2024-08-08,2024-08-08,HCPCS2,A0427,[],1.0,,,['SYN-DX-01'],41,8.73,7.16,6.44
LN-RFRCX2GF2R,CLM-5ALAVPVHMP,PRV-YHCS7YKNYQ,PRV-YHCS7YKNYQ,2024-03-07,2024-03-07,SYNTH,ABA-60,[],1.0,60.0,,['SYN-DX-01'],11,194.68,159.64,143.68
LN-P6GVHCFH6Q,CLM-UZXXTGD7WD,PRV-P8SZX5BYHL,PRV-P8SZX5BYHL,2024-03-19,2024-03-19,NDC-SYN,NDC-OPIOID-01,[],1.0,,,['SYN-DX-01'],11,210.33,172.47,155.22
LN-7DUUAPHB7T,CLM-2DC5PTCMAL,PRV-EGMCSQWZE2,PRV-EGMCSQWZE2,2024-08-17,2024-08-17,SYNTH,PSY-60,[],1.0,60.0,,['SYN-DX-01'],11,197.4,161.87,145.68
LN-XJZCU27ZVQ,CLM-MJLTZEAZWA,PRV-9HWCXGYGRP,PRV-9HWCXGYGRP,2024-03-14,2024-03-14,SYNTH,PSY-45,[],1.0,45.0,,['SYN-DX-01'],11,184.02,150.9,135.81
LN-94WJPJTDEC,CLM-5693CLE3PY,PRV-EGMCSQWZE2,PRV-EGMCSQWZE2,2024-01-23,2024-01-23,SYNTH,ABA-60,[],1.0,60.0,,['SYN-DX-01'],11,176.83,145.0,130.5
LN-BGVXLVVZXZ,CLM-5X6TP6XFNZ,PRV-6LZYWNNT2J,PRV-6LZYWNNT2J,2024-03-01,2024-03-01,SYNTH,LAB-PNL-01,[],1.0,,,['SYN-DX-01'],11,158.81,130.22,117.2
LN-YK3EYXMDE6,CLM-CZWST64MYY,PRV-NNZAMXRZ52,PRV-NNZAMXRZ52,2024-06-10,2024-06-10,NDC-SYN,NDC-OPIOID-01,[],1.0,,,['SYN-DX-01'],11,182.89,149.97,134.97
LN-HH7CGFA3PX,CLM-3DK8A9MBPE,PRV-Z84M5CG5BX,PRV-Z84M5CG5BX,2024-05-24,2024-05-24,NDC-SYN,NDC-OPIOID-01,[],1.0,,,['SYN-DX-01'],11,196.66,161.26,145.13
LN-UCUWYQVBXA,CLM-U6NEGV7HGL,PRV-R6UGAZC4XJ,PRV-R6UGAZC4XJ,2024-03-10,2024-03-10,SYNTH,HH-VISIT,[],1.0,45.0,,['SYN-DX-01'],12,166.38,136.43,122.79
LN-CQ9TK8N4Z4,CLM-XZH7FL7BPP,PRV-F63QP3FKES,PRV-F63QP3FKES,2024-04-12,2024-04-12,SYNTH,ABA-60,[],1.0,60.0,,['SYN-DX-01'],11,168.16,137.89,124.1
LN-EFCTVYSTMP,CLM-4WRLHEJDME,PRV-HC5CWNTSHD,PRV-HC5CWNTSHD,2024-02-09,2024-02-09,SYNTH,EM-EST-3,[],1.0,,,['SYN-DX-01'],11,174.19,142.84,128.56
LN-FG6NLSCJ5S,CLM-6TMENWMWSH,PRV-Z84M5CG5BX,PRV-Z84M5CG5BX,2024-08-19,2024-08-19,NDC-SYN,NDC-OPIOID-01,[],1.0,,,['SYN-DX-01'],11,198.75,162.97,146.67
LN-T6C69HWP3Q,CLM-ZFX2KADWR6,PRV-KGZA99WKKT,PRV-KGZA99WKKT,2024-07-27,2024-07-27,HCPCS2,A0425,[],29.0,,29.0,['SYN-DX-01'],41,260.51,213.62,192.26
LN-SMZJWAUZNG,CLM-CPYABACG5G,PRV-F63QP3FKES,PRV-F63QP3FKES,2024-05-30,2024-05-30,SYNTH,PSY-45,[],1.0,45.0,,['SYN-DX-01'],11,184.2,151.04,135.94
LN-UASBRXNPPW,CLM-T3AZ55TNBK,PRV-96KL4VD67A,PRV-96KL4VD67A,2024-02-05,2024-02-05,SYNTH,LAB-PNL-01,[],1.0,,,['SYN-DX-01'],11,179.95,147.56,132.8
LN-V29KB52UAW,CLM-9J9QAMLNM3,PRV-GZWKQRABYX,PRV-GZWKQRABYX,2024-02-10,2024-02-10,SYNTH,FAC-DAY,[],1.0,,,['SYN-DX-01'],21,168.51,138.18,124.36
LN-9CEAXLYED5,CLM-L9DG5V3NHA,PRV-9HWCXGYGRP,PRV-9HWCXGYGRP,2024-05-24,2024-05-24,SYNTH,PSY-45,[],1.0,45.0,,['SYN-DX-01'],11,182.36,149.54,134.59
LN-W2M686G8DK,CLM-CRW5NXZ8TG,PRV-52P4GQD2DS,PRV-52P4GQD2DS,2024-01-03,2024-01-03,SYNTH,EM-EST-4,[],1.0,,,['SYN-DX-01'],11,176.55,144.77,130.29
LN-CBSLKJ7X2M,CLM-FMSZT3DXAC,PRV-R6UGAZC4XJ,PRV-R6UGAZC4XJ,2024-03-03,2024-03-03,SYNTH,HH-VISIT,[],1.0,45.0,,['SYN-DX-01'],12,202.0,165.64,149.08
LN-22P3RYVGX6,CLM-LYCYVT5JPQ,PRV-2RBJKMU8EL,PRV-2RBJKMU8EL,2024-08-09,2024-08-09,HCPCS2,A0427,[],1.0,,,['SYN-DX-01'],41,8.55,7.01,6.31
LN-YSEQ8XTUW7,CLM-Z48HSYPNAC,PRV-5AE63K9XH5,PRV-5AE63K9XH5,2024-07-30,2024-07-30,SYNTH,HH-VISIT,[],1.0,45.0,,['SYN-DX-01'],12,148.05,121.4,109.26
LN-QR3WXQ2NA7,CLM-XD2XLWLUET,PRV-52P4GQD2DS,PRV-52P4GQD2DS,2024-08-11,2024-08-11,SYNTH,EM-EST-4,[],1.0,,,['SYN-DX-01'],11,168.54,138.2,124.38
LN-HT3FSGU2JA,CLM-RXJ3TRXJWZ,PRV-DVP5UVKXMG,PRV-DVP5UVKXMG,2024-07-27,2024-07-27,SYNTH,EM-EST-4,[],1.0,,,['SYN-DX-01'],11,175.1,143.58,129.22
LN-PDBAR765RT,CLM-ANFESTQPSJ,PRV-2RBJKMU8EL,PRV-2RBJKMU8EL,2024-03-22,2024-03-22,HCPCS2,A0425,[],14.0,,14.0,['SYN-DX-01'],41,123.38,101.17,91.05
LN-RXY2ZWWWMU,CLM-7LXCEKCRCF,PRV-P8SZX5BYHL,PRV-P8SZX5BYHL,2024-05-20,2024-05-20,NDC-SYN,NDC-OPIOID-01,[],1.0,,,['SYN-DX-01'],11,205.52,168.53,151.68
LN-GBLA38KMRK,CLM-634JG32USD,PRV-EWJD2QDPA6,PRV-EWJD2QDPA6,2024-04-29,2024-04-29,SYNTH,EM-EST-3,[],1.0,,,['SYN-DX-01'],11,178.63,146.48,131.83
LN-8QW8BWF5R5,CLM-5CFSG9EFDR,PRV-HP4BWL7QC4,PRV-HP4BWL7QC4,2024-04-21,2024-04-21,SYNTH,FAC-DAY,[],1.0,,,['SYN-DX-01'],21,192.34,157.72,141.95
LN-QRH5ZQUN3B,CLM-LUDKEYAXC8,PRV-CYX8UDJJ75,PRV-CYX8UDJJ75,2024-02-10,2024-02-10,SYNTH,EM-EST-4,[],1.0,,,['SYN-DX-01'],11,213.13,174.77,157.29
LN-RY5DXT8B86,CLM-KESA3GBZCX,PRV-52P4GQD2DS,PRV-52P4GQD2DS,2024-08-13,2024-08-13,SYNTH,EM-EST-4,[],1.0,,,['SYN-DX-01'],11,168.1,137.84,124.06
LN-X3VHGYZBVY,CLM-BBMYZLQX9M,PRV-GZWKQRABYX,PRV-GZWKQRABYX,2024-03-29,2024-03-29,SYNTH,FAC-DAY,[],1.0,,,['SYN-DX-01'],21,153.49,125.86,113.27
LN-T76VBTXPFG,CLM-EY96HXHA25,PRV-CYX8UDJJ75,PRV-CYX8UDJJ75,2024-07-21,2024-07-21,SYNTH,EM-EST-3,[],1.0,,,['SYN-DX-01'],11,206.58,169.4,152.46
LN-QTMCUVMVC7,CLM-DZCVSYGXF6,PRV-YHCS7YKNYQ,PRV-YHCS7YKNYQ,2024-01-14,2024-01-14,SYNTH,ABA-60,[],1.0,60.0,,['SYN-DX-01'],11,171.58,140.7,126.63
LN-566N7HKDSY,CLM-UGCBXJZMWH,PRV-H9LG5VAJ3J,PRV-H9LG5VAJ3J,2024-06-16,2024-06-16,SYNTH,FAC-DAY,[],1.0,,,['SYN-DX-01'],21,176.55,144.77,130.29
LN-7YW8PAT5BA,CLM-VYQKZM7S26,PRV-96KL4VD67A,PRV-96KL4VD67A,2024-05-08,2024-05-08,SYNTH,LAB-GEN-01,[],1.0,,,['SYN-DX-01'],11,177.9,145.88,131.29
LN-56SNBQMUBS,CLM-XC7NGS8BF7,PRV-R6UGAZC4XJ,PRV-R6UGAZC4XJ,2024-04-13,2024-04-13,SYNTH,HH-VISIT,[],1.0,45.0,,['SYN-DX-01'],12,191.16,156.75,141.08
LN-W7EZUPL96G,CLM-LNMRW9M2FF,PRV-CYX8UDJJ75,PRV-CYX8UDJJ75,2024-02-24,2024-02-24,SYNTH,EM-EST-3,[],1.0,,,['SYN-DX-01'],11,174.52,143.11,128.8
LN-XC4FAL22BZ,CLM-M6TTB7X8QN,PRV-ZU6YL2HNHH,PRV-ZU6YL2HNHH,2024-01-08,2024-01-08,SYNTH,HH-VISIT,[],1.0,45.0,,['SYN-DX-01'],12,199.18,163.33,147.0
LN-ADMXVJULX3,CLM-LRZEXTFKZZ,PRV-QJ8CAJLGGT,PRV-QJ8CAJLGGT,2024-08-08,2024-08-08,SYNTH,FAC-DAY,[],1.0,,,['SYN-DX-01'],21,177.25,145.34,130.81
LN-8MR32KW9H5,CLM-JSFWN7TYFD,PRV-LEVZRZGE33,PRV-LEVZRZGE33,2024-01-29,2024-01-29,SYNTH,FAC-DAY,[],1.0,,,['SYN-DX-01'],21,189.01,154.99,139.49
LN-KYUYB86ZDL,CLM-R79LCB9DAS,PRV-4TYA4STMB7,PRV-4TYA4STMB7,2024-07-15,2024-07-15,SYNTH,DME-CATH,[],1.0,,,['SYN-DX-01'],12,199.33,163.45,147.1
LN-MBHPR55SGC,CLM-LFVRXXF6M4,PRV-4TYA4STMB7,PRV-4TYA4STMB7,2024-06-12,2024-06-12,SYNTH,DME-CATH,[],1.0,,,['SYN-DX-01'],12,182.82,149.91,134.92
LN-78ZK3QNM4F,CLM-BDRS8T2DMA,PRV-CYX8UDJJ75,PRV-CYX8UDJJ75,2024-02-08,2024-02-08,SYNTH,EM-EST-3,[],1.0,,,['SYN-DX-01'],11,195.91,160.65,144.59
LN-A6BXD7UWE4,CLM-PDW4GJ3B4F,PRV-KB3DDTGVSY,PRV-KB3DDTGVSY,2024-01-26,2024-01-26,SYNTH,DME-CATH,[],1.0,,,['SYN-DX-01'],12,187.93,154.1,138.69
LN-KQ2TEKH6D3,CLM-RFPK2N9WND,PRV-6LZYWNNT2J,PRV-6LZYWNNT2J,2024-01-03,2024-01-03,SYNTH,LAB-PNL-01,[],1.0,,,['SYN-DX-01'],11,172.26,141.25,127.12
LN-ZK4WCZDQJC,CLM-JDVQL4D4QN,PRV-LJD3M755ZS,PRV-LJD3M755ZS,2024-04-04,2024-04-04,HCPCS2,A0425,[],36.0,,36.0,['SYN-DX-01'],41,308.81,253.22,227.9
LN-R72YYGMGSJ,CLM-R4VMJKNXZK,PRV-EGMCSQWZE2,PRV-EGMCSQWZE2,2024-04-20,2024-04-20,SYNTH,ABA-60,[],1.0,60.0,,['SYN-DX-01'],11,177.74,145.75,131.18
LN-6TNSM99X6Z,CLM-DL4S95DCPA,PRV-HP4BWL7QC4,PRV-HP4BWL7QC4,2024-07-17,2024-07-17,SYNTH,FAC-DAY,[],1.0,,,['SYN-DX-01'],21,173.16,141.99,127.79
LN-CW69GYFWB6,CLM-GEXWEYU74N,PRV-EGMCSQWZE2,PRV-EGMCSQWZE2,2024-02-18,2024-02-18,SYNTH,ABA-60,[],1.0,60.0,,['SYN-DX-01'],11,182.62,149.75,134.78
LN-G8M6Q6BQ2X,CLM-W293Q3G9S2,PRV-TTYMZNZQCD,PRV-TTYMZNZQCD,2024-03-17,2024-03-17,SYNTH,LAB-GEN-01,[],1.0,,,['SYN-DX-01'],11,187.32,153.6,138.24
LN-JHF3MWHJPQ,CLM-QGBFTVPAPX,PRV-KB3DDTGVSY,PRV-KB3DDTGVSY,2024-04-19,2024-04-19,SYNTH,DME-CATH,[],1.0,,,['SYN-DX-01'],12,178.34,146.24,131.62
LN-8F36DHSRC6,CLM-PFCEU7FSBB,PRV-CYX8UDJJ75,PRV-CYX8UDJJ75,2024-04-20,2024-04-20,SYNTH,EM-EST-2,[],1.0,,,['SYN-DX-01'],11,176.97,145.12,130.61
LN-866MWHCDG3,CLM-ATMX3TWS8S,PRV-6LZYWNNT2J,PRV-6LZYWNNT2J,2024-07-02,2024-07-02,SYNTH,LAB-GEN-01,[],1.0,,,['SYN-DX-01'],11,171.28,140.45,126.4
LN-VEX28UZYAK,CLM-SZLXY8CQ28,PRV-6LZYWNNT2J,PRV-6LZYWNNT2J,2024-04-14,2024-04-14,SYNTH,LAB-GEN-01,[],1.0,,,['SYN-DX-01'],11,162.33,133.11,119.8
LN-GXP78MB7SE,CLM-QQ87X4XMA5,PRV-EGMCSQWZE2,PRV-EGMCSQWZE2,2024-02-22,2024-02-22,SYNTH,PSY-45,[],1.0,45.0,,['SYN-DX-01'],11,177.88,145.86,131.27
LN-22R6FQNMA2,CLM-WWD3CDGRUE,PRV-QJ8CAJLGGT,PRV-QJ8CAJLGGT,2024-05-22,2024-05-22,SYNTH,FAC-DAY,[],1.0,,,['SYN-DX-01'],21,169.58,139.06,125.15
LN-2AUJMAWVAY,CLM-VKAGU24D2M,PRV-9HWCXGYGRP,PRV-9HWCXGYGRP,2024-01-30,2024-01-30,SYNTH,ABA-60,[],1.0,60.0,,['SYN-DX-01'],11,208.76,171.18,154.06
LN-ZYBK36ESQC,CLM-6KAFVSARP9,PRV-KB3DDTGVSY,PRV-KB3DDTGVSY,2024-04-28,2024-04-28,SYNTH,DME-CATH,[],1.0,,,['SYN-DX-01'],12,179.94,147.55,132.8
LN-TW2QHPWZHZ,CLM-Q7A5YA92W2,PRV-F2HS2XPZAV,PRV-F2HS2XPZAV,2024-03-29,2024-03-29,NDC-SYN,NDC-OPIOID-01,[],1.0,,,['SYN-DX-01'],11,164.08,134.55,121.1
LN-DFET7EDKJJ,CLM-PBAVF49AB2,PRV-ZU6YL2HNHH,PRV-ZU6YL2HNHH,2024-06-28,2024-06-28,SYNTH,HH-VISIT,[],1.0,45.0,,['SYN-DX-01'],12,168.15,137.88,124.09
LN-CCTDQXYMXB,CLM-TQD2VZ53TL,PRV-EWJD2QDPA6,PRV-EWJD2QDPA6,2024-04-30,2024-04-30,SYNTH,EM-EST-5,[],1.0,,,['SYN-DX-01'],11,190.51,156.22,140.6
LN-RKA2C9RDL6,CLM-4F6QTKRULW,PRV-YHCS7YKNYQ,PRV-YHCS7YKNYQ,2024-07-28,2024-07-28,SYNTH,ABA-60,[],1.0,60.0,,['SYN-DX-01'],11,159.13,130.49,117.44
LN-85T3W25N3G,CLM-2UD869YP8Z,PRV-AEV55VW98C,PRV-AEV55VW98C,2024-04-17,2024-04-17,HCPCS2,A0425,[],23.0,,23.0,['SYN-DX-01'],41,188.05,154.2,138.78
LN-T2J3VJWD7W,CLM-KXWWFZ9J53,PRV-LVGM3QWE3V,PRV-LVGM3QWE3V,2024-04-10,2024-04-10,SYNTH,DME-CATH,[],1.0,,,['SYN-DX-01'],12,173.76,142.48,128.23
LN-4REH8C8MK8,CLM-NWM3EVQZ3Q,PRV-FYQT8W8H8G,PRV-FYQT8W8H8G,2024-02-03,2024-02-03,SYNTH,DME-CATH,[],1.0,,,['SYN-DX-01'],12,168.22,137.94,124.15
LN-8N93P9EGFF,CLM-B4223CYQDU,PRV-ZU6YL2HNHH,PRV-ZU6YL2HNHH,2024-02-02,2024-02-02,SYNTH,HH-VISIT,[],1.0,45.0,,['SYN-DX-01'],12,195.36,160.2,144.18
LN-KETWR52RLR,CLM-U56T5C3W59,PRV-ZU6YL2HNHH,PRV-ZU6YL2HNHH,2024-05-14,2024-05-14,SYNTH,HH-VISIT,[],1.0,45.0,,['SYN-DX-01'],12,173.15,141.98,127.78
LN-C3CTSTEQ53,CLM-RE8M7YPN5V,PRV-H9LG5VAJ3J,PRV-H9LG5VAJ3J,2024-01-15,2024-01-15,SYNTH,FAC-DAY,[],1.0,,,['SYN-DX-01'],21,166.95,136.9,123.21
LN-JZ47JYHQTC,CLM-HMY3X56QN2,PRV-R6UGAZC4XJ,PRV-R6UGAZC4XJ,2024-07-19,2024-07-19,SYNTH,HH-VISIT,[],1.0,45.0,,['SYN-DX-01'],12,160.92,131.95,118.75
LN-4LPBJFBJMV,CLM-A7GY847GEY,PRV-F2HS2XPZAV,PRV-F2HS2XPZAV,2024-05-08,2024-05-08,NDC-SYN,NDC-OPIOID-01,[],1.0,,,['SYN-DX-01'],11,189.77,155.61,140.05
LN-U66PBJD9VS,CLM-5Y3GMLDUMQ,PRV-HC5CWNTSHD,PRV-HC5CWNTSHD,2024-01-01,2024-01-01,SYNTH,EM-EST-2,[],1.0,,,['SYN-DX-01'],11,166.02,136.14,122.53
LN-Q8AQU4SGN4,CLM-X3KTWMKR68,PRV-GQ36BNJZ2W,PRV-GQ36BNJZ2W,2024-01-29,2024-01-29,SYNTH,HH-VISIT,[],1.0,45.0,,['SYN-DX-01'],12,195.12,160.0,144.0
LN-SJB2RVV3BK,CLM-JHXXH6EBLT,PRV-GQ36BNJZ2W,PRV-GQ36BNJZ2W,2024-04-09,2024-04-09,SYNTH,HH-VISIT,[],1.0,45.0,,['SYN-DX-01'],12,153.01,125.47,112.92
LN-9PK9YBFMMU,CLM-W5XHNAA4AE,PRV-GQ36BNJZ2W,PRV-GQ36BNJZ2W,2024-06-16,2024-06-16,SYNTH,HH-VISIT,[],1.0,45.0,,['SYN-DX-01'],12,183.54,150.5,135.45
LN-KR6EUZE5YX,CLM-3PRRKQCKR4,PRV-52P4GQD2DS,PRV-52P4GQD2DS,2024-06-20,2024-06-20,SYNTH,EM-EST-2,[],1.0,,,['SYN-DX-01'],11,182.62,149.75,134.78
LN-LNAYSFWCQ2,CLM-KZX9HNQK4T,PRV-HC5CWNTSHD,PRV-HC5CWNTSHD,2024-03-06,2024-03-06,SYNTH,EM-EST-5,[],1.0,,,['SYN-DX-01'],11,180.86,148.31,133.48
LN-6KCGAMJUH9,CLM-QKN7PK9L6S,PRV-DLK2K6289C,PRV-DLK2K6289C,2024-02-11,2024-02-11,SYNTH,LAB-PNL-01,[],1.0,,,['SYN-DX-01'],11,183.94,150.83,135.75
LN-NEJXMAL2X4,CLM-TU5XX7MM97,PRV-LVGM3QWE3V,PRV-LVGM3QWE3V,2024-07-27,2024-07-27,SYNTH,DME-CATH,[],1.0,,,['SYN-DX-01'],12,170.18,139.55,125.6
LN-NFPFFA24V4,CLM-LUKDAU5DEN,PRV-EWJD2QDPA6,PRV-EWJD2QDPA6,2024-08-15,2024-08-15,SYNTH,EM-EST-3,[],1.0,,,['SYN-DX-01'],11,178.44,146.32,131.69
LN-KSN5UGX923,CLM-KSGTEKY68Q,PRV-52P4GQD2DS,PRV-52P4GQD2DS,2024-04-25,2024-04-25,SYNTH,EM-EST-2,[],1.0,,,['SYN-DX-01'],11,205.01,168.11,151.3
LN-BFYHPT6B76,CLM-WBUJTMMNPJ,PRV-LJD3M755ZS,PRV-LJD3M755ZS,2024-06-13,2024-06-13,HCPCS2,A0425,[],19.0,,19.0,['SYN-DX-01'],41,169.74,139.19,125.27
LN-7LXTFA27R2,CLM-ZFBG9V6V64,PRV-6LZYWNNT2J,PRV-6LZYWNNT2J,2024-04-17,2024-04-17,SYNTH,LAB-GEN-01,[],1.0,,,['SYN-DX-01'],11,172.59,141.52,127.37
LN-ZABR6FDSQQ,CLM-C24T5PVQ9H,PRV-DVP5UVKXMG,PRV-DVP5UVKXMG,2024-03-21,2024-03-21,SYNTH,EM-EST-3,[],1.0,,,['SYN-DX-01'],11,208.57,171.03,153.93
LN-Y6H5AFQAMH,CLM-URNYH5AJJY,PRV-F2HS2XPZAV,PRV-F2HS2XPZAV,2024-03-08,2024-03-08,NDC-SYN,NDC-OPIOID-01,[],1.0,,,['SYN-DX-01'],11,197.19,161.7,145.53
LN-F9XSGQN85N,CLM-LX83FYEMWJ,PRV-5AE63K9XH5,PRV-5AE63K9XH5,2024-03-22,2024-03-22,SYNTH,HH-VISIT,[],1.0,45.0,,['SYN-DX-01'],12,171.23,140.41,126.37
LN-L942PP3SWT,CLM-KFAUW6MLWU,PRV-52P4GQD2DS,PRV-52P4GQD2DS,2024-02-26,2024-02-26,SYNTH,EM-EST-3,[],1.0,,,['SYN-DX-01'],11,170.94,140.17,126.15
LN-ZM6MTEWAQA,CLM-7A5ZRFDQ9U,PRV-LJD3M755ZS,PRV-LJD3M755ZS,2024-03-25,2024-03-25,HCPCS2,A0425,[],7.0,,7.0,['SYN-DX-01'],41,58.52,47.99,43.19
LN-ZJQPHM93JC,CLM-WQM8EYGEAN,PRV-EGMCSQWZE2,PRV-EGMCSQWZE2,2024-08-10,2024-08-10,SYNTH,PSY-60,[],1.0,60.0,,['SYN-DX-01'],11,172.25,141.25,127.12
LN-94MXTD2FG4,CLM-LXPEZTH759,PRV-ZU6YL2HNHH,PRV-ZU6YL2HNHH,2024-06-04,2024-06-04,SYNTH,HH-VISIT,[],1.0,45.0,,['SYN-DX-01'],12,202.45,166.01,149.41
LN-TFDVRFBNP6,CLM-NAA5547GEZ,PRV-ZU6YL2HNHH,PRV-ZU6YL2HNHH,2024-06-02,2024-06-02,SYNTH,HH-VISIT,[],1.0,45.0,,['SYN-DX-01'],12,193.42,158.6,142.74
LN-839S8MDNMN,CLM-AFRC4SB5BJ,PRV-2RBJKMU8EL,PRV-2RBJKMU8EL,2024-08-27,2024-08-27,HCPCS2,A0425,[],16.0,,16.0,['SYN-DX-01'],41,150.51,123.42,111.08
LN-HLXR4YL2E9,CLM-4QGS8P7FWV,PRV-LEVZRZGE33,PRV-LEVZRZGE33,2024-05-31,2024-05-31,SYNTH,FAC-DAY,[],1.0,,,['SYN-DX-01'],21,175.2,143.66,129.29
LN-X74XEM5Q94,CLM-W3MLBWBBUX,PRV-52P4GQD2DS,PRV-52P4GQD2DS,2024-02-22,2024-02-22,SYNTH,EM-EST-2,[],1.0,,,['SYN-DX-01'],11,187.62,153.85,138.47
LN-D95SGHS5PM,CLM-JX4UN64SKQ,PRV-CYX8UDJJ75,PRV-CYX8UDJJ75,2024-04-16,2024-04-16,SYNTH,EM-EST-3,[],1.0,,,['SYN-DX-01'],11,183.03,150.08,135.07
LN-C88PN67X4H,CLM-MSQ53TCA5Q,PRV-YHCS7YKNYQ,PRV-YHCS7YKNYQ,2024-06-23,2024-06-23,SYNTH,PSY-45,[],1.0,45.0,,['SYN-DX-01'],11,182.58,149.72,134.75
LN-A9HR93K4NE,CLM-JY8CWZCVEP,PRV-H9LG5VAJ3J,PRV-H9LG5VAJ3J,2024-04-15,2024-04-15,SYNTH,FAC-DAY,[],1.0,,,['SYN-DX-01'],21,166.07,136.18,122.56
LN-W6T474VG76,CLM-YRB5N7K29A,PRV-9HWCXGYGRP,PRV-9HWCXGYGRP,2024-03-06,2024-03-06,SYNTH,PSY-60,[],1.0,60.0,,['SYN-DX-01'],11,159.95,131.16,118.04
LN-XV6WHQB9HY,CLM-AAXJTJF8FJ,PRV-DVP5UVKXMG,PRV-DVP5UVKXMG,2024-06-25,2024-06-25,SYNTH,EM-EST-2,[],1.0,,,['SYN-DX-01'],11,185.85,152.4,137.16
LN-2FFHTE7WRQ,CLM-9VD7SUK69L,PRV-DVP5UVKXMG,PRV-DVP5UVKXMG,2024-03-25,2024-03-25,SYNTH,EM-EST-4,[],1.0,,,['SYN-DX-01'],11,180.81,148.26,133.43
LN-KFGKNMR7HC,CLM-QSM8454LFW,PRV-HC5CWNTSHD,PRV-HC5CWNTSHD,2024-01-09,2024-01-09,SYNTH,EM-EST-4,[],1.0,,,['SYN-DX-01'],11,174.47,143.07,128.76
LN-METKHJLY8Y,CLM-3BRKHL2HM3,PRV-9HWCXGYGRP,PRV-9HWCXGYGRP,2024-01-18,2024-01-18,SYNTH,PSY-30,[],1.0,30.0,,['SYN-DX-01'],11,175.37,143.8,129.42
LN-7MG6GS6RWZ,CLM-NJQANTS5BJ,PRV-DVP5UVKXMG,PRV-DVP5UVKXMG,2024-03-21,2024-03-21,SYNTH,EM-EST-2,[],1.0,,,['SYN-DX-01'],11,169.3,138.83,124.95
LN-QWC49MX9M8,CLM-TZM4W5ZPKT,PRV-DLK2K6289C,PRV-DLK2K6289C,2024-04-24,2024-04-24,SYNTH,LAB-GEN-01,[],1.0,,,['SYN-DX-01'],11,183.62,150.57,135.51
LN-BWJPFU5972,CLM-DDDACNBLRD,PRV-H9LG5VAJ3J,PRV-H9LG5VAJ3J,2024-04-11,2024-04-11,SYNTH,FAC-DAY,[],1.0,,,['SYN-DX-01'],21,158.56,130.02,117.02
LN-V3RJT3VXQA,CLM-GS7E86PDPL,PRV-52P4GQD2DS,PRV-52P4GQD2DS,2024-01-10,2024-01-10,SYNTH,EM-EST-5,[],1.0,,,['SYN-DX-01'],11,173.91,142.61,128.35
LN-RCERNTTAYY,CLM-58CE2QDTSV,PRV-52P4GQD2DS,PRV-52P4GQD2DS,2024-08-07,2024-08-07,SYNTH,EM-EST-3,[],1.0,,,['SYN-DX-01'],11,182.08,149.31,134.38
LN-6JSWZK86SR,CLM-KNREXYX2BC,PRV-FYQT8W8H8G,PRV-FYQT8W8H8G,2024-07-24,2024-07-24,SYNTH,DME-CATH,[],1.0,,,['SYN-DX-01'],12,175.98,144.3,129.87
LN-8LH9ALG3FW,CLM-DL6HV9SLVB,PRV-AEV55VW98C,PRV-AEV55VW98C,2024-04-22,2024-04-22,HCPCS2,A0425,[],28.0,,28.0,['SYN-DX-01'],41,243.67,199.81,179.83
LN-2RE9ZUCMCL,CLM-EMFZNWTA8G,PRV-EGMCSQWZE2,PRV-EGMCSQWZE2,2024-03-01,2024-03-01,SYNTH,PSY-60,[],1.0,60.0,,['SYN-DX-01'],11,180.01,147.61,132.85
LN-ZDWBRH9ALP,CLM-8KAJXK5JNU,PRV-2RBJKMU8EL,PRV-2RBJKMU8EL,2024-08-11,2024-08-11,HCPCS2,A0425,[],39.0,,39.0,['SYN-DX-01'],41,371.86,304.93,274.44
LN-BYC959QXMY,CLM-H2SG6XP7Z9,PRV-E2KQR2ZK3Q,PRV-E2KQR2ZK3Q,2024-04-29,2024-04-29,NDC-SYN,NDC-OPIOID-01,[],1.0,,,['SYN-DX-01'],11,193.21,158.43,142.59
LN-M4UTZ8YJZA,CLM-CMWHGKDQ3D,PRV-E2KQR2ZK3Q,PRV-E2KQR2ZK3Q,2024-04-25,2024-04-25,NDC-SYN,NDC-OPIOID-01,[],1.0,,,['SYN-DX-01'],11,187.46,153.72,138.35
LN-M5AUBRM69V,CLM-RR9CCSJKAY,PRV-LJD3M755ZS,PRV-LJD3M755ZS,2024-03-12,2024-03-12,HCPCS2,A0425,[],24.0,,24.0,['SYN-DX-01'],41,246.4,202.05,181.85
LN-HH962GE2UC,CLM-2ZS8FF43GQ,PRV-Z84M5CG5BX,PRV-Z84M5CG5BX,2024-06-09,2024-06-09,NDC-SYN,NDC-OPIOID-01,[],1.0,,,['SYN-DX-01'],11,161.5,132.43,119.19
LN-RC3T6FCJVB,CLM-FCZ3H9C4ZG,PRV-GQ36BNJZ2W,PRV-GQ36BNJZ2W,2024-08-23,2024-08-23,SYNTH,HH-VISIT,[],1.0,45.0,,['SYN-DX-01'],12,180.14,147.71,132.94
LN-P5UWSS7UWQ,CLM-TGXHYLFFFH,PRV-QJ8CAJLGGT,PRV-QJ8CAJLGGT,2024-02-03,2024-02-03,SYNTH,FAC-DAY,[],1.0,,,['SYN-DX-01'],21,164.66,135.02,121.52
LN-ZLV8ZJNYZF,CLM-ALGHQE7MUC,PRV-9HWCXGYGRP,PRV-9HWCXGYGRP,2024-05-12,2024-05-12,SYNTH,PSY-30,[],1.0,30.0,,['SYN-DX-01'],11,171.96,141.01,126.91
LN-KYJBQ48X8X,CLM-2DWREFNGRR,PRV-52P4GQD2DS,PRV-52P4GQD2DS,2024-08-24,2024-08-24,SYNTH,EM-EST-1,[],1.0,,,['SYN-DX-01'],11,190.4,156.13,140.52
LN-MUBA3CV4FN,CLM-A8T5DNHLS2,PRV-GZWKQRABYX,PRV-GZWKQRABYX,2024-03-28,2024-03-28,SYNTH,FAC-DAY,[],1.0,,,['SYN-DX-01'],21,177.66,145.68,131.11
LN-7LX8LWSDN5,CLM-MN8TZ4KZJD,PRV-R6UGAZC4XJ,PRV-R6UGAZC4XJ,2024-05-26,2024-05-26,SYNTH,HH-VISIT,[],1.0,45.0,,['SYN-DX-01'],12,190.19,155.96,140.36
LN-6JW2EHJTY8,CLM-SQHMFQR9AE,PRV-HP4BWL7QC4,PRV-HP4BWL7QC4,2024-07-11,2024-07-11,SYNTH,FAC-DAY,[],1.0,,,['SYN-DX-01'],21,197.63,162.06,145.85
LN-FJHFA3GRRW,CLM-NTQ57NA9YZ,PRV-KGZA99WKKT,PRV-KGZA99WKKT,2024-02-12,2024-02-12,HCPCS2,A0425,[],7.0,,7.0,['SYN-DX-01'],41,67.17,55.08,49.57
LN-X6884DUV4P,CLM-Q7UND56MSX,PRV-5AE63K9XH5,PRV-5AE63K9XH5,2024-07-14,2024-07-14,SYNTH,HH-VISIT,[],1.0,45.0,,['SYN-DX-01'],12,181.63,148.94,134.05
LN-VPFDD5L2QK,CLM-92ACXNX5DS,PRV-5AE63K9XH5,PRV-5AE63K9XH5,2024-08-23,2024-08-23,SYNTH,HH-VISIT,[],1.0,45.0,,['SYN-DX-01'],12,185.8,152.36,137.12
LN-49KU7UTWCD,CLM-P2QMN38HQE,PRV-LVGM3QWE3V,PRV-LVGM3QWE3V,2024-05-02,2024-05-02,SYNTH,DME-CATH,[],1.0,,,['SYN-DX-01'],12,175.66,144.04,129.64
LN-MYE8YSD4PP,CLM-TTS3SKT8GV,PRV-YHCS7YKNYQ,PRV-YHCS7YKNYQ,2024-06-08,2024-06-08,SYNTH,PSY-30,[],1.0,30.0,,['SYN-DX-01'],11,167.76,137.56,123.8
LN-98XB3ZTBPA,CLM-VZSYAFJ8N9,PRV-EWJD2QDPA6,PRV-EWJD2QDPA6,2024-04-30,2024-04-30,SYNTH,EM-EST-3,[],1.0,,,['SYN-DX-01'],11,158.14,129.67,116.7
LN-JAXFUHA4CG,CLM-MZVP9JVTHF,PRV-AEV55VW98C,PRV-AEV55VW98C,2024-01-25,2024-01-25,HCPCS2,A0427,[],1.0,,,['SYN-DX-01'],41,8.91,7.31,6.58
LN-N5XPQVKHG8,CLM-AJVCJBMDPK,PRV-GQ36BNJZ2W,PRV-GQ36BNJZ2W,2024-07-19,2024-07-19,SYNTH,HH-VISIT,[],1.0,45.0,,['SYN-DX-01'],12,177.01,145.15,130.64
LN-KTVSW9D282,CLM-9H3ZA7MLYP,PRV-KGZA99WKKT,PRV-KGZA99WKKT,2024-08-17,2024-08-17,HCPCS2,A0425,[],25.0,,25.0,['SYN-DX-01'],41,235.62,193.21,173.89
LN-86AKTVUQ75,CLM-U9PRHKVB7G,PRV-CYX8UDJJ75,PRV-CYX8UDJJ75,2024-06-23,2024-06-23,SYNTH,EM-EST-2,[],1.0,,,['SYN-DX-01'],11,168.84,138.45,124.6
LN-635DBEPSQE,CLM-AYPQLF3GEH,PRV-4TYA4STMB7,PRV-4TYA4STMB7,2024-07-25,2024-07-25,SYNTH,DME-CATH,[],1.0,,,['SYN-DX-01'],12,197.57,162.01,145.81
LN-AKC6Q8L6UH,CLM-G2UAMUS7U8,PRV-KGZA99WKKT,PRV-KGZA99WKKT,2024-07-04,2024-07-04,HCPCS2,A0425,[],21.0,,21.0,['SYN-DX-01'],41,172.27,141.26,127.13
LN-CFCCNAAA45,CLM-CA2E3T83BM,PRV-F63QP3FKES,PRV-F63QP3FKES,2024-07-06,2024-07-06,SYNTH,PSY-45,[],1.0,45.0,,['SYN-DX-01'],11,182.66,149.78,134.8
LN-7X9MHXSEG6,CLM-REB3UH69W4,PRV-GZWKQRABYX,PRV-GZWKQRABYX,2024-07-14,2024-07-14,SYNTH,FAC-DAY,[],1.0,,,['SYN-DX-01'],21,166.5,136.53,122.88
LN-4N72ZCAW3S,CLM-HYX8ACAELA,PRV-HP4BWL7QC4,PRV-HP4BWL7QC4,2024-04-11,2024-04-11,SYNTH,FAC-DAY,[],1.0,,,['SYN-DX-01'],21,193.14,158.37,142.53
LN-98WLDKUAFV,CLM-MPL7A6YR3X,PRV-LVGM3QWE3V,PRV-LVGM3QWE3V,2024-03-21,2024-03-21,SYNTH,DME-CATH,[],1.0,,,['SYN-DX-01'],12,172.87,141.75,127.58
LN-BCCZW9DUWS,CLM-WRSLTJ4BVE,PRV-TTYMZNZQCD,PRV-TTYMZNZQCD,2024-08-13,2024-08-13,SYNTH,LAB-GEN-01,[],1.0,,,['SYN-DX-01'],11,172.98,141.84,127.66
LN-V25BEZEHTH,CLM-6GWZRL3Z27,PRV-F2HS2XPZAV,PRV-F2HS2XPZAV,2024-01-22,2024-01-22,NDC-SYN,NDC-OPIOID-01,[],1.0,,,['SYN-DX-01'],11,173.48,142.25,128.03
LN-ABRNW3EXEF,CLM-N37NW6WA3P,PRV-4TYA4STMB7,PRV-4TYA4STMB7,2024-08-18,2024-08-18,SYNTH,DME-CATH,[],1.0,,,['SYN-DX-01'],12,168.29,138.0,124.2
LN-BH8U342TPQ,CLM-MTSDUF68H6,PRV-F63QP3FKES,PRV-F63QP3FKES,2024-03-09,2024-03-09,SYNTH,PSY-45,[],1.0,45.0,,['SYN-DX-01'],11,171.64,140.74,126.67
LN-LCM7QAUN8H,CLM-JKLATDRM8U,PRV-AEV55VW98C,PRV-AEV55VW98C,2024-03-24,2024-03-24,HCPCS2,A0425,[],28.0,,28.0,['SYN-DX-01'],41,257.69,211.31,190.18
LN-4KTC9MEVHY,CLM-P7PATAAXH5,PRV-LEVZRZGE33,PRV-LEVZRZGE33,2024-04-12,2024-04-12,SYNTH,FAC-DAY,[],1.0,,,['SYN-DX-01'],21,178.19,146.12,131.51
LN-V3J9EW4LWF,CLM-7R7KT7D83L,PRV-H9LG5VAJ3J,PRV-H9LG5VAJ3J,2024-06-06,2024-06-06,SYNTH,FAC-DAY,[],1.0,,,['SYN-DX-01'],21,172.36,141.34,127.21
LN-H9WJYP659R,CLM-LETMCSGYCN,PRV-EGMCSQWZE2,PRV-EGMCSQWZE2,2024-02-10,2024-02-10,SYNTH,ABA-60,[],1.0,60.0,,['SYN-DX-01'],11,174.72,143.27,128.94
LN-F6EYPA344K,CLM-FQ834CVSUB,PRV-H9LG5VAJ3J,PRV-H9LG5VAJ3J,2024-03-14,2024-03-14,SYNTH,FAC-DAY,[],1.0,,,['SYN-DX-01'],21,168.64,138.28,124.45
LN-W2L6CW4SED,CLM-UGRDJGW69N,PRV-DVP5UVKXMG,PRV-DVP5UVKXMG,2024-07-06,2024-07-06,SYNTH,EM-EST-4,[],1.0,,,['SYN-DX-01'],11,170.32,139.66,125.69
LN-XANDNFCMEA,CLM-V33TMA9RX4,PRV-NNZAMXRZ52,PRV-NNZAMXRZ52,2024-08-14,2024-08-14,NDC-SYN,NDC-OPIOID-01,[],1.0,,,['SYN-DX-01'],11,187.89,154.07,138.66
LN-FCYADME3G6,CLM-287DLFDWAB,PRV-52P4GQD2DS,PRV-52P4GQD2DS,2024-03-18,2024-03-18,SYNTH,EM-EST-3,[],1.0,,,['SYN-DX-01'],11,184.68,151.44,136.3
LN-NN9JWV38LF,CLM-K63FEA9ZHB,PRV-YHCS7YKNYQ,PRV-YHCS7YKNYQ,2024-05-19,2024-05-19,SYNTH,PSY-60,[],1.0,60.0,,['SYN-DX-01'],11,160.85,131.9,118.71
LN-FK9TYRZLSL,CLM-VR2SNCZPRW,PRV-F63QP3FKES,PRV-F63QP3FKES,2024-01-25,2024-01-25,SYNTH,ABA-60,[],1.0,60.0,,['SYN-DX-01'],11,193.82,158.93,143.04
LN-89N9TXEBSK,CLM-LJZ7P3YXDK,PRV-GZWKQRABYX,PRV-GZWKQRABYX,2024-06-25,2024-06-25,SYNTH,FAC-DAY,[],1.0,,,['SYN-DX-01'],21,167.0,136.94,123.25
LN-26KQ57KVM7,CLM-YCZNLATV4F,PRV-DLK2K6289C,PRV-DLK2K6289C,2024-01-05,2024-01-05,SYNTH,LAB-PNL-01,[],1.0,,,['SYN-DX-01'],11,195.78,160.54,144.49
LN-T8C8MBUKW3,CLM-7BBMH6WJWN,PRV-KB3DDTGVSY,PRV-KB3DDTGVSY,2024-05-27,2024-05-27,SYNTH,DME-CATH,[],1.0,,,['SYN-DX-01'],12,199.46,163.56,147.2
LN-UFNMR8EDTN,CLM-EJX6KLQK65,PRV-5AE63K9XH5,PRV-5AE63K9XH5,2024-03-11,2024-03-11,SYNTH,HH-VISIT,[],1.0,45.0,,['SYN-DX-01'],12,166.67,136.67,123.0
LN-KVP7Y4RUGX,CLM-Q3G9KH2ZMM,PRV-EGMCSQWZE2,PRV-EGMCSQWZE2,2024-03-13,2024-03-13,SYNTH,PSY-30,[],1.0,30.0,,['SYN-DX-01'],11,170.79,140.05,126.05
LN-YHA82GPEL3,CLM-8847LVSMHV,PRV-CYX8UDJJ75,PRV-CYX8UDJJ75,2024-06-03,2024-06-03,SYNTH,EM-EST-2,[],1.0,,,['SYN-DX-01'],11,178.88,146.68,132.01
LN-LBX4G2RM66,CLM-XLCECDUZP3,PRV-ZU6YL2HNHH,PRV-ZU6YL2HNHH,2024-01-21,2024-01-21,SYNTH,HH-VISIT,[],1.0,45.0,,['SYN-DX-01'],12,180.41,147.94,133.15
LN-8JG77RUA56,CLM-8ZV7NBUBTH,PRV-EWJD2QDPA6,PRV-EWJD2QDPA6,2024-03-05,2024-03-05,SYNTH,EM-EST-3,[],1.0,,,['SYN-DX-01'],11,175.57,143.97,129.57
LN-CG7YFXK687,CLM-NAPTU44J9A,PRV-DVP5UVKXMG,PRV-DVP5UVKXMG,2024-02-18,2024-02-18,SYNTH,EM-EST-2,[],1.0,,,['SYN-DX-01'],11,173.13,141.97,127.77
LN-EFGDLBDXF5,CLM-UR9V8VH5E3,PRV-5AE63K9XH5,PRV-5AE63K9XH5,2024-07-22,2024-07-22,SYNTH,HH-VISIT,[],1.0,45.0,,['SYN-DX-01'],12,178.49,146.36,131.72
LN-WNDLZSZYHB,CLM-6YEC2VVDZP,PRV-AEV55VW98C,PRV-AEV55VW98C,2024-06-04,2024-06-04,HCPCS2,A0427,[],1.0,,,['SYN-DX-01'],41,9.42,7.72,6.95
LN-3G5L27T6US,CLM-YXWBJBMUVA,PRV-52P4GQD2DS,PRV-52P4GQD2DS,2024-05-15,2024-05-15,SYNTH,EM-EST-3,[],1.0,,,['SYN-DX-01'],11,182.66,149.78,134.8
LN-BCH9TXFHPF,CLM-9PE6GJMZ8J,PRV-HP4BWL7QC4,PRV-HP4BWL7QC4,2024-02-18,2024-02-18,SYNTH,FAC-DAY,[],1.0,,,['SYN-DX-01'],21,159.14,130.49,117.44
LN-BGWQ6FM96L,CLM-3A286SH6EM,PRV-EGMCSQWZE2,PRV-EGMCSQWZE2,2024-06-15,2024-06-15,SYNTH,ABA-60,[],1.0,60.0,,['SYN-DX-01'],11,152.61,125.14,112.63
LN-YDQ4VWLW7V,CLM-YRMWU2F383,PRV-96KL4VD67A,PRV-96KL4VD67A,2024-04-27,2024-04-27,SYNTH,LAB-GEN-01,[],1.0,,,['SYN-DX-01'],11,188.97,154.96,139.46
LN-V8NB7EMK77,CLM-H8KX2VDMFE,PRV-ZU6YL2HNHH,PRV-ZU6YL2HNHH,2024-01-26,2024-01-26,SYNTH,HH-VISIT,[],1.0,45.0,,['SYN-DX-01'],12,166.27,136.34,122.71
LN-YNUWG94GFP,CLM-A4X6JLNEM5,PRV-NNZAMXRZ52,PRV-NNZAMXRZ52,2024-08-05,2024-08-05,NDC-SYN,NDC-OPIOID-01,[],1.0,,,['SYN-DX-01'],11,158.95,130.34,117.31
LN-64CKFQQTQQ,CLM-3J47QW74JM,PRV-YHCS7YKNYQ,PRV-YHCS7YKNYQ,2024-04-25,2024-04-25,SYNTH,ABA-60,[],1.0,60.0,,['SYN-DX-01'],11,174.4,143.01,128.71
LN-754ZADU6PS,CLM-CVWVMS3GKF,PRV-4TYA4STMB7,PRV-4TYA4STMB7,2024-08-03,2024-08-03,SYNTH,DME-CATH,[],1.0,,,['SYN-DX-01'],12,209.42,171.72,154.55
LN-JJFRB4RNTN,CLM-LBZUY3L7NJ,PRV-YHCS7YKNYQ,PRV-YHCS7YKNYQ,2024-02-08,2024-02-08,SYNTH,PSY-45,[],1.0,45.0,,['SYN-DX-01'],11,195.99,160.71,144.64
LN-A6NL3V76AK,CLM-UKDXS9YS4P,PRV-DVP5UVKXMG,PRV-DVP5UVKXMG,2024-08-14,2024-08-14,SYNTH,EM-EST-4,[],1.0,,,['SYN-DX-01'],11,188.73,154.76,139.28
LN-WFCASH6HX6,CLM-LZC5TYXB96,PRV-96KL4VD67A,PRV-96KL4VD67A,2024-03-06,2024-03-06,SYNTH,LAB-PNL-01,[],1.0,,,['SYN-DX-01'],11,182.78,149.88,134.89
LN-KH7B76ZW43,CLM-HB3L4MVZAC,PRV-P8SZX5BYHL,PRV-P8SZX5BYHL,2024-07-11,2024-07-11,NDC-SYN,NDC-OPIOID-01,[],1.0,,,['SYN-DX-01'],11,187.48,153.73,138.36
LN-Z6ZTWBUUF2,CLM-TGRRC8ENMS,PRV-52P4GQD2DS,PRV-52P4GQD2DS,2024-06-08,2024-06-08,SYNTH,EM-EST-2,[],1.0,,,['SYN-DX-01'],11,190.67,156.35,140.72
LN-GLHTZM8Y5Q,CLM-Z3ZW4FMJVL,PRV-EWJD2QDPA6,PRV-EWJD2QDPA6,2024-02-14,2024-02-14,SYNTH,EM-EST-3,[],1.0,,,['SYN-DX-01'],11,157.21,128.91,116.02
LN-YJPE4LJQ3C,CLM-TNXAVPLR5J,PRV-DVP5UVKXMG,PRV-DVP5UVKXMG,2024-08-20,2024-08-20,SYNTH,EM-EST-2,[],1.0,,,['SYN-DX-01'],11,164.2,134.64,121.18
LN-K2FW8FS6Y8,CLM-8H2CFJR2KQ,PRV-ZU6YL2HNHH,PRV-ZU6YL2HNHH,2024-02-26,2024-02-26,SYNTH,HH-VISIT,[],1.0,45.0,,['SYN-DX-01'],12,185.6,152.19,136.97
LN-CZY4CVRRM4,CLM-3SVZPCY5LE,PRV-H9LG5VAJ3J,PRV-H9LG5VAJ3J,2024-02-21,2024-02-21,SYNTH,FAC-DAY,[],1.0,,,['SYN-DX-01'],21,164.1,134.56,121.1
LN-XXDVRG5644,CLM-2VWRTRYVGL,PRV-E2KQR2ZK3Q,PRV-E2KQR2ZK3Q,2024-01-21,2024-01-21,NDC-SYN,NDC-OPIOID-01,[],1.0,,,['SYN-DX-01'],11,187.66,153.88,138.49
LN-7L86WGA95B,CLM-KD2HXALFR5,PRV-EWJD2QDPA6,PRV-EWJD2QDPA6,2024-06-27,2024-06-27,SYNTH,EM-EST-3,[],1.0,,,['SYN-DX-01'],11,185.66,152.24,137.02
LN-NSQE9NF3SY,CLM-V6YY5ATXSX,PRV-FYQT8W8H8G,PRV-FYQT8W8H8G,2024-05-15,2024-05-15,SYNTH,DME-CATH,[],1.0,,,['SYN-DX-01'],12,189.38,155.29,139.76
LN-QBY24GPVSN,CLM-EGB3C2UB64,PRV-5AE63K9XH5,PRV-5AE63K9XH5,2024-04-21,2024-04-21,SYNTH,HH-VISIT,[],1.0,45.0,,['SYN-DX-01'],12,181.26,148.63,133.77
LN-HQGDVMU83Q,CLM-YWVHB4MJZR,PRV-EGMCSQWZE2,PRV-EGMCSQWZE2,2024-01-17,2024-01-17,SYNTH,PSY-60,[],1.0,60.0,,['SYN-DX-01'],11,201.12,164.92,148.43
LN-XDLTRS3XUP,CLM-F3Q9CF725Q,PRV-HP4BWL7QC4,PRV-HP4BWL7QC4,2024-08-20,2024-08-20,SYNTH,FAC-DAY,[],1.0,,,['SYN-DX-01'],21,173.71,142.44,128.2
LN-WQ79G68SG5,CLM-T3ZY8CUPWT,PRV-9HWCXGYGRP,PRV-9HWCXGYGRP,2024-01-11,2024-01-11,SYNTH,PSY-30,[],1.0,30.0,,['SYN-DX-01'],11,179.91,147.53,132.78
LN-3NMWPEN9VK,CLM-QZMD7N95RW,PRV-YHCS7YKNYQ,PRV-YHCS7YKNYQ,2024-05-18,2024-05-18,SYNTH,PSY-45,[],1.0,45.0,,['SYN-DX-01'],11,187.79,153.99,138.59
LN-JL45XGCJGA,CLM-EDBEBK8CHA,PRV-96KL4VD67A,PRV-96KL4VD67A,2024-08-20,2024-08-20,SYNTH,LAB-PNL-01,[],1.0,,,['SYN-DX-01'],11,169.73,139.18,125.26
LN-JCSW27GGV8,CLM-2S8EBSE69S,PRV-EGMCSQWZE2,PRV-EGMCSQWZE2,2024-08-02,2024-08-02,SYNTH,ABA-60,[],1.0,60.0,,['SYN-DX-01'],11,191.84,157.31,141.58
LN-H48GKJK95F,CLM-BZM5JWYQ7M,PRV-GQ36BNJZ2W,PRV-GQ36BNJZ2W,2024-05-16,2024-05-16,SYNTH,HH-VISIT,[],1.0,45.0,,['SYN-DX-01'],12,184.39,151.2,136.08
LN-F3JSFJ45GB,CLM-L8MY26S2YM,PRV-AEV55VW98C,PRV-AEV55VW98C,2024-07-25,2024-07-25,HCPCS2,A0425,[],32.0,,32.0,['SYN-DX-01'],41,271.69,222.79,200.51
LN-S94ZRJYLXV,CLM-XNM3A8V6EF,PRV-F63QP3FKES,PRV-F63QP3FKES,2024-03-29,2024-03-29,SYNTH,PSY-60,[],1.0,60.0,,['SYN-DX-01'],11,176.77,144.95,130.45
LN-3HXJCHGMG3,CLM-M9U5MF2DTN,PRV-QJ8CAJLGGT,PRV-QJ8CAJLGGT,2024-01-01,2024-01-01,SYNTH,FAC-DAY,[],1.0,,,['SYN-DX-01'],21,180.22,147.78,133.0
LN-KZ9LHCBS3L,CLM-57WTNLJNH9,PRV-GQ36BNJZ2W,PRV-GQ36BNJZ2W,2024-07-25,2024-07-25,SYNTH,HH-VISIT,[],1.0,45.0,,['SYN-DX-01'],12,160.43,131.55,118.4
LN-WJSR9PAWXF,CLM-Y5CZDSMYVR,PRV-P8SZX5BYHL,PRV-P8SZX5BYHL,2024-05-15,2024-05-15,NDC-SYN,NDC-OPIOID-01,[],1.0,,,['SYN-DX-01'],11,166.68,136.68,123.01
LN-LK42B2PR52,CLM-3XMKKYFDJ9,PRV-LEVZRZGE33,PRV-LEVZRZGE33,2024-08-03,2024-08-03,SYNTH,FAC-DAY,[],1.0,,,['SYN-DX-01'],21,189.35,155.27,139.74
LN-RESC266WRJ,CLM-YPTWNFHW5N,PRV-EGMCSQWZE2,PRV-EGMCSQWZE2,2024-03-05,2024-03-05,SYNTH,PSY-30,[],1.0,30.0,,['SYN-DX-01'],11,185.53,152.13,136.92
LN-9X63EHUSGK,CLM-NTQY8HXFJ3,PRV-QJ8CAJLGGT,PRV-QJ8CAJLGGT,2024-07-21,2024-07-21,SYNTH,FAC-DAY,[],1.0,,,['SYN-DX-01'],21,184.22,151.06,135.95
LN-RFJSSJQQ7L,CLM-Z37JEDDMQ4,PRV-TTYMZNZQCD,PRV-TTYMZNZQCD,2024-06-16,2024-06-16,SYNTH,LAB-GEN-01,[],1.0,,,['SYN-DX-01'],11,174.99,143.49,129.14
LN-WKM36SKQYN,CLM-S5BGGNFEA5,PRV-DVP5UVKXMG,PRV-DVP5UVKXMG,2024-04-30,2024-04-30,SYNTH,EM-EST-3,[],1.0,,,['SYN-DX-01'],11,154.98,127.08,114.37
LN-P7836Y9F37,CLM-8T9E2V2YVL,PRV-4TYA4STMB7,PRV-4TYA4STMB7,2024-01-17,2024-01-17,SYNTH,DME-CATH,[],1.0,,,['SYN-DX-01'],12,172.66,141.58,127.42
LN-QBZ9WD4KL7,CLM-5DETMXM2LS,PRV-FYQT8W8H8G,PRV-FYQT8W8H8G,2024-08-19,2024-08-19,SYNTH,DME-CATH,[],1.0,,,['SYN-DX-01'],12,207.88,170.46,153.41
LN-E8AGJFA4EX,CLM-63C7JFKW28,PRV-EGMCSQWZE2,PRV-EGMCSQWZE2,2024-08-08,2024-08-08,SYNTH,ABA-60,[],1.0,60.0,,['SYN-DX-01'],11,202.51,166.06,149.45
LN-L42P2SUSYL,CLM-7SLXJ9REZC,PRV-P8SZX5BYHL,PRV-P8SZX5BYHL,2024-08-14,2024-08-14,NDC-SYN,NDC-OPIOID-01,[],1.0,,,['SYN-DX-01'],11,177.35,145.43,130.89
LN-79G977WN87,CLM-L5VXAMM449,PRV-HC5CWNTSHD,PRV-HC5CWNTSHD,2024-03-21,2024-03-21,SYNTH,EM-EST-4,[],1.0,,,['SYN-DX-01'],11,184.25,151.08,135.97
LN-ATWD4R8ABJ,CLM-YYHXTBAGCC,PRV-9HWCXGYGRP,PRV-9HWCXGYGRP,2024-06-24,2024-06-24,SYNTH,PSY-30,[],1.0,30.0,,['SYN-DX-01'],11,171.37,140.52,126.47
LN-N93K75G2ZC,CLM-7NQEJ7LQCD,PRV-EWJD2QDPA6,PRV-EWJD2QDPA6,2024-08-24,2024-08-24,SYNTH,EM-EST-2,[],1.0,,,['SYN-DX-01'],11,171.06,140.27,126.24
LN-2TAXDQ6GCL,CLM-GD396X3QJX,PRV-DVP5UVKXMG,PRV-DVP5UVKXMG,2024-07-22,2024-07-22,SYNTH,EM-EST-2,[],1.0,,,['SYN-DX-01'],11,207.24,169.94,152.95
LN-THP9UZTV7R,CLM-G9PSXD9PPX,PRV-GG7BBL7G9L,PRV-GG7BBL7G9L,2024-07-31,2024-07-31,SYNTH,LAB-GEN-01,[],1.0,,,['SYN-DX-01'],11,166.84,136.81,123.13
LN-28ALREDHLC,CLM-7G3NSNLWVC,PRV-P8SZX5BYHL,PRV-P8SZX5BYHL,2024-01-18,2024-01-18,NDC-SYN,NDC-OPIOID-01,[],1.0,,,['SYN-DX-01'],11,175.31,143.75,129.38
LN-Q23L4LM3GV,CLM-GZG9FFBSHX,PRV-H9LG5VAJ3J,PRV-H9LG5VAJ3J,2024-04-03,2024-04-03,SYNTH,FAC-DAY,[],1.0,,,['SYN-DX-01'],21,166.83,136.8,123.12
LN-2Y5QKP9MNP,CLM-WUQRYCXBBD,PRV-EGMCSQWZE2,PRV-EGMCSQWZE2,2024-03-25,2024-03-25,SYNTH,PSY-45,[],1.0,45.0,,['SYN-DX-01'],11,184.1,150.96,135.86
LN-XR3GAM9R7Y,CLM-THLDKMZNDH,PRV-CYX8UDJJ75,PRV-CYX8UDJJ75,2024-02-25,2024-02-25,SYNTH,EM-EST-3,[],1.0,,,['SYN-DX-01'],11,157.38,129.05,116.15
LN-M64RWF9LYU,CLM-HFJZSKFQPA,PRV-HC5CWNTSHD,PRV-HC5CWNTSHD,2024-04-28,2024-04-28,SYNTH,EM-EST-4,[],1.0,,,['SYN-DX-01'],11,186.93,153.28,137.95
LN-X9FZSBQSLD,CLM-R3SDRF95MU,PRV-KGZA99WKKT,PRV-KGZA99WKKT,2024-02-19,2024-02-19,HCPCS2,A0425,[],32.0,,32.0,['SYN-DX-01'],41,274.6,225.17,202.65
LN-NE8ELDYHLB,CLM-68WC54MH7L,PRV-DLK2K6289C,PRV-DLK2K6289C,2024-06-07,2024-06-07,SYNTH,LAB-PNL-01,[],1.0,,,['SYN-DX-01'],11,183.59,150.54,135.49
LN-8NRKQXLC3F,CLM-XY7G9VQX8B,PRV-P8SZX5BYHL,PRV-P8SZX5BYHL,2024-06-08,2024-06-08,NDC-SYN,NDC-OPIOID-01,[],1.0,,,['SYN-DX-01'],11,174.26,142.89,128.6
LN-S65U8BEFT3,CLM-R6D8CSKZKL,PRV-EWJD2QDPA6,PRV-EWJD2QDPA6,2024-03-25,2024-03-25,SYNTH,EM-EST-4,[],1.0,,,['SYN-DX-01'],11,174.87,143.39,129.05
LN-ERUFYDVCGL,CLM-5QHXPMC38A,PRV-6LZYWNNT2J,PRV-6LZYWNNT2J,2024-08-07,2024-08-07,SYNTH,LAB-GEN-01,[],1.0,,,['SYN-DX-01'],11,191.1,156.7,141.03
LN-35WQRWJV9A,CLM-TFLW5UNMPG,PRV-GZWKQRABYX,PRV-GZWKQRABYX,2024-02-24,2024-02-24,SYNTH,FAC-DAY,[],1.0,,,['SYN-DX-01'],21,175.71,144.08,129.67
LN-QLJAMLJ9R3,CLM-ABXK3LMX3F,PRV-9HWCXGYGRP,PRV-9HWCXGYGRP,2024-06-23,2024-06-23,SYNTH,ABA-60,[],1.0,60.0,,['SYN-DX-01'],11,178.39,146.28,131.65
LN-SF5W9JP9R5,CLM-BRBHR8Q25G,PRV-DVP5UVKXMG,PRV-DVP5UVKXMG,2024-03-06,2024-03-06,SYNTH,EM-EST-3,[],1.0,,,['SYN-DX-01'],11,180.58,148.08,133.27
LN-7F7RZPUKWH,CLM-6Z5U9HN5UD,PRV-52P4GQD2DS,PRV-52P4GQD2DS,2024-02-29,2024-02-29,SYNTH,EM-EST-3,[],1.0,,,['SYN-DX-01'],11,186.28,152.75,137.47
LN-U5XWJWDWNC,CLM-FX4SH5VLK9,PRV-FYQT8W8H8G,PRV-FYQT8W8H8G,2024-01-11,2024-01-11,SYNTH,DME-CATH,[],1.0,,,['SYN-DX-01'],12,191.57,157.09,141.38
LN-GREFJ3RJ9N,CLM-RH6HZSAEFX,PRV-P8SZX5BYHL,PRV-P8SZX5BYHL,2024-04-12,2024-04-12,NDC-SYN,NDC-OPIOID-01,[],1.0,,,['SYN-DX-01'],11,178.19,146.12,131.51
LN-DK72FTTXX2,CLM-6BAA5SBFJB,PRV-DVP5UVKXMG,PRV-DVP5UVKXMG,2024-04-23,2024-04-23,SYNTH,EM-EST-3,[],1.0,,,['SYN-DX-01'],11,163.93,134.42,120.98
LN-VS799KRZSD,CLM-Z9R6PKZRE7,PRV-QJ8CAJLGGT,PRV-QJ8CAJLGGT,2024-02-24,2024-02-24,SYNTH,FAC-DAY,[],1.0,,,['SYN-DX-01'],21,178.63,146.48,131.83
LN-VPHKQN5BYB,CLM-DQ9WGZZMQ6,PRV-AEV55VW98C,PRV-AEV55VW98C,2024-05-30,2024-05-30,HCPCS2,A0425,[],12.0,,12.0,['SYN-DX-01'],41,110.58,90.68,81.61
LN-7XX5ZU7PWY,CLM-FRDAADLBQL,PRV-52P4GQD2DS,PRV-52P4GQD2DS,2024-03-08,2024-03-08,SYNTH,EM-EST-3,[],1.0,,,['SYN-DX-01'],11,190.97,156.6,140.94
LN-5NBD2DDCG6,CLM-4KF2MGP9CA,PRV-EWJD2QDPA6,PRV-EWJD2QDPA6,2024-03-21,2024-03-21,SYNTH,EM-EST-1,[],1.0,,,['SYN-DX-01'],11,163.28,133.89,120.5
LN-YUTCUWTWQK,CLM-3G7BHNRA3K,PRV-LVGM3QWE3V,PRV-LVGM3QWE3V,2024-03-12,2024-03-12,SYNTH,DME-CATH,[],1.0,,,['SYN-DX-01'],12,162.02,132.86,119.57
LN-BWB6MB82C6,CLM-2QLGH95JU3,PRV-NNZAMXRZ52,PRV-NNZAMXRZ52,2024-05-27,2024-05-27,NDC-SYN,NDC-OPIOID-01,[],1.0,,,['SYN-DX-01'],11,165.95,136.08,122.47
LN-5SB3NURUJ9,CLM-G8FV3N2TJ3,PRV-5AE63K9XH5,PRV-5AE63K9XH5,2024-05-08,2024-05-08,SYNTH,HH-VISIT,[],1.0,45.0,,['SYN-DX-01'],12,156.94,128.69,115.82
LN-XRYZRV562B,CLM-9SEFRZ54YZ,PRV-HC5CWNTSHD,PRV-HC5CWNTSHD,2024-06-29,2024-06-29,SYNTH,EM-EST-4,[],1.0,,,['SYN-DX-01'],11,192.51,157.86,142.07
LN-XXXHZRCBJM,CLM-TYHU79EVQN,PRV-ZU6YL2HNHH,PRV-ZU6YL2HNHH,2024-07-13,2024-07-13,SYNTH,HH-VISIT,[],1.0,45.0,,['SYN-DX-01'],12,186.48,152.91,137.62
LN-J2Q6YTAWVD,CLM-RH9E2UR4Z4,PRV-GG7BBL7G9L,PRV-GG7BBL7G9L,2024-02-19,2024-02-19,SYNTH,LAB-GEN-01,[],1.0,,,['SYN-DX-01'],11,168.71,138.34,124.51
LN-MRLPMCZDKQ,CLM-GHYM2VSRNK,PRV-CYX8UDJJ75,PRV-CYX8UDJJ75,2024-02-19,2024-02-19,SYNTH,EM-EST-1,[],1.0,,,['SYN-DX-01'],11,173.73,142.46,128.21
LN-5K6PW7NNML,CLM-PVPAGSMK56,PRV-HC5CWNTSHD,PRV-HC5CWNTSHD,2024-01-09,2024-01-09,SYNTH,EM-EST-3,[],1.0,,,['SYN-DX-01'],11,176.85,145.02,130.52
LN-Q36QZEQ38M,CLM-SNK4Z2WPT2,PRV-KB3DDTGVSY,PRV-KB3DDTGVSY,2024-04-30,2024-04-30,SYNTH,DME-CATH,[],1.0,,,['SYN-DX-01'],12,184.46,151.26,136.13
LN-82EDBPNN5Z,CLM-F5N4W2MXHW,PRV-AEV55VW98C,PRV-AEV55VW98C,2024-07-06,2024-07-06,HCPCS2,A0425,[],30.0,,30.0,['SYN-DX-01'],41,229.1,187.86,169.07
LN-QQ4U3H7MNU,CLM-M8KAN4C9ZA,PRV-CYX8UDJJ75,PRV-CYX8UDJJ75,2024-07-12,2024-07-12,SYNTH,EM-EST-4,[],1.0,,,['SYN-DX-01'],11,186.38,152.83,137.55
LN-LNG2CURDJE,CLM-7UFAJ6A3LE,PRV-F63QP3FKES,PRV-F63QP3FKES,2024-03-01,2024-03-01,SYNTH,ABA-60,[],1.0,60.0,,['SYN-DX-01'],11,180.29,147.84,133.06
LN-5ZUGX7WRWD,CLM-C999JPZNXR,PRV-CYX8UDJJ75,PRV-CYX8UDJJ75,2024-04-01,2024-04-01,SYNTH,EM-EST-3,[],1.0,,,['SYN-DX-01'],11,142.74,117.05,105.34
LN-2LA34QC74P,CLM-2PY4973WDM,PRV-9HWCXGYGRP,PRV-9HWCXGYGRP,2024-07-04,2024-07-04,SYNTH,PSY-30,[],1.0,30.0,,['SYN-DX-01'],11,178.21,146.13,131.52
LN-5TD6KTHYVM,CLM-EM623NMFTV,PRV-QJ8CAJLGGT,PRV-QJ8CAJLGGT,2024-06-23,2024-06-23,SYNTH,FAC-DAY,[],1.0,,,['SYN-DX-01'],21,185.39,152.02,136.82
LN-JCGY7JJEGQ,CLM-U2SA652UZA,PRV-EWJD2QDPA6,PRV-EWJD2QDPA6,2024-05-31,2024-05-31,SYNTH,EM-EST-3,[],1.0,,,['SYN-DX-01'],11,204.5,167.69,150.92
LN-P8V5JLLUMP,CLM-BZ4XVSCXCF,PRV-LVGM3QWE3V,PRV-LVGM3QWE3V,2024-06-18,2024-06-18,SYNTH,DME-CATH,[],1.0,,,['SYN-DX-01'],12,160.59,131.68,118.51
LN-BJ65G4Z57N,CLM-8RY5E6UEFH,PRV-CYX8UDJJ75,PRV-CYX8UDJJ75,2024-06-07,2024-06-07,SYNTH,EM-EST-5,[],1.0,,,['SYN-DX-01'],11,171.25,140.42,126.38
LN-4TELS82YPC,CLM-6E9BM7RNKX,PRV-CYX8UDJJ75,PRV-CYX8UDJJ75,2024-05-01,2024-05-01,SYNTH,EM-EST-3,[],1.0,,,['SYN-DX-01'],11,179.84,147.47,132.72
LN-W47C2HTRBQ,CLM-NCYXC33874,PRV-F2HS2XPZAV,PRV-F2HS2XPZAV,2024-07-14,2024-07-14,NDC-SYN,NDC-OPIOID-01,[],1.0,,,['SYN-DX-01'],11,157.97,129.54,116.59
LN-795LAFVLXF,CLM-TYXYGFZUHF,PRV-2RBJKMU8EL,PRV-2RBJKMU8EL,2024-02-14,2024-02-14,HCPCS2,A0425,[],6.0,,6.0,['SYN-DX-01'],41,52.77,43.27,38.94
LN-KP74KU5T4V,CLM-NHJG5TCPKL,PRV-EWJD2QDPA6,PRV-EWJD2QDPA6,2024-04-04,2024-04-04,SYNTH,EM-EST-3,[],1.0,,,['SYN-DX-01'],11,184.98,151.68,136.51
LN-CYQX2SMC9M,CLM-BQJURAV4JS,PRV-F2HS2XPZAV,PRV-F2HS2XPZAV,2024-08-03,2024-08-03,NDC-SYN,NDC-OPIOID-01,[],1.0,,,['SYN-DX-01'],11,182.42,149.58,134.62
LN-T2KDV4P3YK,CLM-5WLQE275TT,PRV-52P4GQD2DS,PRV-52P4GQD2DS,2024-06-30,2024-06-30,SYNTH,EM-EST-2,[],1.0,,,['SYN-DX-01'],11,185.01,151.71,136.54
LN-5WU4W22THT,CLM-VSEQY3NU2Z,PRV-F63QP3FKES,PRV-F63QP3FKES,2024-02-01,2024-02-01,SYNTH,PSY-60,[],1.0,60.0,,['SYN-DX-01'],11,186.9,153.26,137.93
LN-T4KAWK7ZKL,CLM-XKFDR3DPGT,PRV-GQ36BNJZ2W,PRV-GQ36BNJZ2W,2024-08-06,2024-08-06,SYNTH,HH-VISIT,[],1.0,45.0,,['SYN-DX-01'],12,166.04,136.15,122.54
LN-RWBELGWHR3,CLM-BS9XYZWEW7,PRV-GG7BBL7G9L,PRV-GG7BBL7G9L,2024-07-29,2024-07-29,SYNTH,LAB-GEN-01,[],1.0,,,['SYN-DX-01'],11,169.68,139.14,125.23
LN-S2BPNYEDDH,CLM-TXQBAWSJPQ,PRV-NNZAMXRZ52,PRV-NNZAMXRZ52,2024-02-20,2024-02-20,NDC-SYN,NDC-OPIOID-01,[],1.0,,,['SYN-DX-01'],11,175.08,143.57,129.21
LN-3ZJZL52B2U,CLM-GMRSZD6LNH,PRV-ZU6YL2HNHH,PRV-ZU6YL2HNHH,2024-01-04,2024-01-04,SYNTH,HH-VISIT,[],1.0,45.0,,['SYN-DX-01'],12,171.74,140.83,126.75
LN-LKZ3TD6V5H,CLM-9WHQWLXNKZ,PRV-5AE63K9XH5,PRV-5AE63K9XH5,2024-04-02,2024-04-02,SYNTH,HH-VISIT,[],1.0,45.0,,['SYN-DX-01'],12,178.49,146.36,131.72
LN-B59C46RUHU,CLM-RHYCK5Y33P,PRV-GQ36BNJZ2W,PRV-GQ36BNJZ2W,2024-07-01,2024-07-01,SYNTH,HH-VISIT,[],1.0,45.0,,['SYN-DX-01'],12,195.56,160.36,144.32
LN-4LPE7YCHEC,CLM-F9VRQDRGVL,PRV-EWJD2QDPA6,PRV-EWJD2QDPA6,2024-07-09,2024-07-09,SYNTH,EM-EST-3,[],1.0,,,['SYN-DX-01'],11,187.15,153.46,138.11
LN-RK9RUML5EL,CLM-AAQ8D7KAYQ,PRV-2RBJKMU8EL,PRV-2RBJKMU8EL,2024-02-07,2024-02-07,HCPCS2,A0425,[],11.0,,11.0,['SYN-DX-01'],41,96.76,79.34,71.41
LN-M7FAPTZNQD,CLM-2TF3BFG8LJ,PRV-YHCS7YKNYQ,PRV-YHCS7YKNYQ,2024-08-04,2024-08-04,SYNTH,PSY-45,[],1.0,45.0,,['SYN-DX-01'],11,188.17,154.3,138.87
LN-MCK24QMXBQ,CLM-HSLLET3494,PRV-F63QP3FKES,PRV-F63QP3FKES,2024-01-29,2024-01-29,SYNTH,PSY-45,[],1.0,45.0,,['SYN-DX-01'],11,191.87,157.33,141.6
LN-NYL885B36D,CLM-DB4XUY5DNP,PRV-4TYA4STMB7,PRV-4TYA4STMB7,2024-01-15,2024-01-15,SYNTH,DME-CATH,[],1.0,,,['SYN-DX-01'],12,168.15,137.88,124.09
LN-46D4WKPQ8N,CLM-V545AVB3QW,PRV-Z84M5CG5BX,PRV-Z84M5CG5BX,2024-05-14,2024-05-14,NDC-SYN,NDC-OPIOID-01,[],1.0,,,['SYN-DX-01'],11,193.76,158.88,142.99
LN-XUY957MMNN,CLM-S2NSHREPSQ,PRV-4TYA4STMB7,PRV-4TYA4STMB7,2024-03-24,2024-03-24,SYNTH,DME-CATH,[],1.0,,,['SYN-DX-01'],12,168.23,137.95,124.15
LN-TFKSPAUS6U,CLM-CN3MGGSHJX,PRV-NNZAMXRZ52,PRV-NNZAMXRZ52,2024-06-14,2024-06-14,NDC-SYN,NDC-OPIOID-01,[],1.0,,,['SYN-DX-01'],11,174.87,143.39,129.05
LN-CLMGRQY3AY,CLM-LVRV2ZUW4H,PRV-FYQT8W8H8G,PRV-FYQT8W8H8G,2024-01-19,2024-01-19,SYNTH,DME-CATH,[],1.0,,,['SYN-DX-01'],12,189.72,155.57,140.01
LN-HVN5JPF6KT,CLM-VPX2XKHFYE,PRV-YHCS7YKNYQ,PRV-YHCS7YKNYQ,2024-05-03,2024-05-03,SYNTH,PSY-30,[],1.0,30.0,,['SYN-DX-01'],11,187.35,153.63,138.27
LN-FCXURDSP3H,CLM-NS89JWPDS3,PRV-KB3DDTGVSY,PRV-KB3DDTGVSY,2024-02-23,2024-02-23,SYNTH,DME-CATH,[],1.0,,,['SYN-DX-01'],12,176.34,144.6,130.14
LN-C5HE4EHGNQ,CLM-92VW72TZQG,PRV-H9LG5VAJ3J,PRV-H9LG5VAJ3J,2024-02-09,2024-02-09,SYNTH,FAC-DAY,[],1.0,,,['SYN-DX-01'],21,190.43,156.15,140.53
LN-4HJGSB3DZD,CLM-HU9HNSPQQJ,PRV-DLK2K6289C,PRV-DLK2K6289C,2024-07-26,2024-07-26,SYNTH,LAB-PNL-01,[],1.0,,,['SYN-DX-01'],11,212.08,173.91,156.52
LN-LAR3PM5KX6,CLM-G63YD885Z6,PRV-EGMCSQWZE2,PRV-EGMCSQWZE2,2024-05-29,2024-05-29,SYNTH,ABA-60,[],1.0,60.0,,['SYN-DX-01'],11,190.76,156.42,140.78
LN-Z6PULSYE54,CLM-JCTBBGYKAA,PRV-KB3DDTGVSY,PRV-KB3DDTGVSY,2024-02-23,2024-02-23,SYNTH,DME-CATH,[],1.0,,,['SYN-DX-01'],12,167.55,137.39,123.65
LN-YZZUMDPEE3,CLM-6EDTPCSBW2,PRV-CYX8UDJJ75,PRV-CYX8UDJJ75,2024-08-22,2024-08-22,SYNTH,EM-EST-4,[],1.0,,,['SYN-DX-01'],11,182.68,149.8,134.82
LN-S35SNUY5J2,CLM-VWKC3VHKUK,PRV-DLK2K6289C,PRV-DLK2K6289C,2024-07-23,2024-07-23,SYNTH,LAB-GEN-01,[],1.0,,,['SYN-DX-01'],11,178.79,146.61,131.95
LN-CR2ZWKU3JK,CLM-QN9EJ5PPDX,PRV-GZWKQRABYX,PRV-GZWKQRABYX,2024-03-23,2024-03-23,SYNTH,FAC-DAY,[],1.0,,,['SYN-DX-01'],21,179.73,147.38,132.64
LN-ZMCTS88GUC,CLM-XNAZM2LJBZ,PRV-HC5CWNTSHD,PRV-HC5CWNTSHD,2024-06-13,2024-06-13,SYNTH,EM-EST-3,[],1.0,,,['SYN-DX-01'],11,167.23,137.13,123.42
LN-9K27VX54VQ,CLM-SV6DUMK6G6,PRV-EGMCSQWZE2,PRV-EGMCSQWZE2,2024-06-25,2024-06-25,SYNTH,PSY-60,[],1.0,60.0,,['SYN-DX-01'],11,182.78,149.88,134.89
LN-H82AZ37DBG,CLM-3SJ8KFNRH8,PRV-LEVZRZGE33,PRV-LEVZRZGE33,2024-05-31,2024-05-31,SYNTH,FAC-DAY,[],1.0,,,['SYN-DX-01'],21,176.95,145.1,130.59
LN-N3YK63RXS5,CLM-TZB2DTEN8H,PRV-EGMCSQWZE2,PRV-EGMCSQWZE2,2024-05-22,2024-05-22,SYNTH,PSY-45,[],1.0,45.0,,['SYN-DX-01'],11,189.92,155.73,140.16
LN-3AAP8E9YZB,CLM-RSW9RB5N27,PRV-CYX8UDJJ75,PRV-CYX8UDJJ75,2024-01-21,2024-01-21,SYNTH,EM-EST-3,[],1.0,,,['SYN-DX-01'],11,199.97,163.98,147.58
LN-J7E3ZKECEL,CLM-A26NZFR5R9,PRV-TTYMZNZQCD,PRV-TTYMZNZQCD,2024-06-04,2024-06-04,SYNTH,LAB-GEN-01,[],1.0,,,['SYN-DX-01'],11,162.37,133.14,119.83
LN-2H67CFP69N,CLM-LM5DFNJ9MC,PRV-5AE63K9XH5,PRV-5AE63K9XH5,2024-07-13,2024-07-13,SYNTH,HH-VISIT,[],1.0,45.0,,['SYN-DX-01'],12,178.31,146.21,131.59
LN-9Z2CJBXFKM,CLM-2ZA8P4QZNV,PRV-9HWCXGYGRP,PRV-9HWCXGYGRP,2024-03-16,2024-03-16,SYNTH,ABA-60,[],1.0,60.0,,['SYN-DX-01'],11,174.34,142.96,128.66
LN-5NFLZFB8JV,CLM-HGZV3CQX35,PRV-CYX8UDJJ75,PRV-CYX8UDJJ75,2024-03-27,2024-03-27,SYNTH,EM-EST-3,[],1.0,,,['SYN-DX-01'],11,185.77,152.33,137.1
LN-B9NDTZUTKP,CLM-DMT86ZY5SJ,PRV-DVP5UVKXMG,PRV-DVP5UVKXMG,2024-04-22,2024-04-22,SYNTH,EM-EST-5,[],1.0,,,['SYN-DX-01'],11,181.22,148.6,133.74
LN-Z9U9S3MD33,CLM-92UR3NY8SQ,PRV-F63QP3FKES,PRV-F63QP3FKES,2024-07-21,2024-07-21,SYNTH,ABA-60,[],1.0,60.0,,['SYN-DX-01'],11,149.45,122.55,110.3
LN-HR2FLHVVT4,CLM-9Q7LM9KTWB,PRV-AEV55VW98C,PRV-AEV55VW98C,2024-03-14,2024-03-14,HCPCS2,A0425,[],16.0,,16.0,['SYN-DX-01'],41,118.95,97.54,87.79
LN-KSCCBRFUBJ,CLM-S55KKX26X5,PRV-R6UGAZC4XJ,PRV-R6UGAZC4XJ,2024-07-07,2024-07-07,SYNTH,HH-VISIT,[],1.0,45.0,,['SYN-DX-01'],12,181.43,148.77,133.89
LN-GM7Y9GMY9M,CLM-CQF383GS52,PRV-P8SZX5BYHL,PRV-P8SZX5BYHL,2024-05-23,2024-05-23,NDC-SYN,NDC-OPIOID-01,[],1.0,,,['SYN-DX-01'],11,179.64,147.3,132.57
LN-8VFSA6XRQ3,CLM-L8JNU6LUSK,PRV-EWJD2QDPA6,PRV-EWJD2QDPA6,2024-01-14,2024-01-14,SYNTH,EM-EST-2,[],1.0,,,['SYN-DX-01'],11,171.81,140.88,126.79
LN-4JWA6JC8WY,CLM-7G5HZY846U,PRV-NNZAMXRZ52,PRV-NNZAMXRZ52,2024-08-15,2024-08-15,NDC-SYN,NDC-OPIOID-01,[],1.0,,,['SYN-DX-01'],11,170.92,140.15,126.14
LN-ZDBF4ELY6Q,CLM-ZRJTCPY97R,PRV-LJD3M755ZS,PRV-LJD3M755ZS,2024-03-02,2024-03-02,HCPCS2,A0425,[],14.0,,14.0,['SYN-DX-01'],41,131.2,107.58,96.82
LN-PKGC5RJH93,CLM-PXD9X455FE,PRV-QJ8CAJLGGT,PRV-QJ8CAJLGGT,2024-02-24,2024-02-24,SYNTH,FAC-DAY,[],1.0,,,['SYN-DX-01'],21,188.48,154.55,139.1
LN-BM9DQRJXJZ,CLM-3SET3QJCF5,PRV-LJD3M755ZS,PRV-LJD3M755ZS,2024-03-03,2024-03-03,HCPCS2,A0427,[],1.0,,,['SYN-DX-01'],41,8.58,7.04,6.34
LN-P3RK4NFMJQ,CLM-KLDPZXUG34,PRV-GQ36BNJZ2W,PRV-GQ36BNJZ2W,2024-05-24,2024-05-24,SYNTH,HH-VISIT,[],1.0,45.0,,['SYN-DX-01'],12,173.23,142.05,127.85
LN-WYWTVUVF82,CLM-ABX2UAJ3X6,PRV-YHCS7YKNYQ,PRV-YHCS7YKNYQ,2024-04-16,2024-04-16,SYNTH,ABA-60,[],1.0,60.0,,['SYN-DX-01'],11,185.42,152.04,136.84
LN-VXQ8TUAJRN,CLM-Y3A3WZ54BU,PRV-F2HS2XPZAV,PRV-F2HS2XPZAV,2024-03-10,2024-03-10,NDC-SYN,NDC-OPIOID-01,[],1.0,,,['SYN-DX-01'],11,171.95,141.0,126.9
LN-6ZVBH5B35B,CLM-7SUWKAXLTE,PRV-HC5CWNTSHD,PRV-HC5CWNTSHD,2024-06-18,2024-06-18,SYNTH,EM-EST-3,[],1.0,,,['SYN-DX-01'],11,176.41,144.66,130.19
LN-CLDCKGMYXP,CLM-9JPFR53HJK,PRV-FYQT8W8H8G,PRV-FYQT8W8H8G,2024-07-15,2024-07-15,SYNTH,DME-CATH,[],1.0,,,['SYN-DX-01'],12,171.29,140.46,126.41
LN-WUE49SV8NQ,CLM-ERHXWL79NX,PRV-EWJD2QDPA6,PRV-EWJD2QDPA6,2024-07-09,2024-07-09,SYNTH,EM-EST-4,[],1.0,,,['SYN-DX-01'],11,198.51,162.78,146.5
LN-G2BXWDS8WR,CLM-GU5PRMZ6G3,PRV-TTYMZNZQCD,PRV-TTYMZNZQCD,2024-07-08,2024-07-08,SYNTH,LAB-PNL-01,[],1.0,,,['SYN-DX-01'],11,163.41,134.0,120.6
LN-YWXVUQH4TF,CLM-427T966BKE,PRV-QJ8CAJLGGT,PRV-QJ8CAJLGGT,2024-01-23,2024-01-23,SYNTH,FAC-DAY,[],1.0,,,['SYN-DX-01'],21,162.95,133.62,120.26
LN-LC2HW4TN6P,CLM-GRU7KEAKBF,PRV-FYQT8W8H8G,PRV-FYQT8W8H8G,2024-01-05,2024-01-05,SYNTH,DME-CATH,[],1.0,,,['SYN-DX-01'],12,165.61,135.8,122.22
LN-FZLQFJ3YMU,CLM-EA3MEZ8FZZ,PRV-R6UGAZC4XJ,PRV-R6UGAZC4XJ,2024-04-24,2024-04-24,SYNTH,HH-VISIT,[],1.0,45.0,,['SYN-DX-01'],12,182.93,150.0,135.0
LN-RF4839QZNX,CLM-KZ38UGLVGW,PRV-YHCS7YKNYQ,PRV-YHCS7YKNYQ,2024-03-12,2024-03-12,SYNTH,PSY-30,[],1.0,30.0,,['SYN-DX-01'],11,183.57,150.53,135.48
LN-73TZWBGRAZ,CLM-YDWHN5RFHF,PRV-LJD3M755ZS,PRV-LJD3M755ZS,2024-04-10,2024-04-10,HCPCS2,A0425,[],5.0,,5.0,['SYN-DX-01'],41,44.62,36.59,32.93
LN-G8WZGFGGB6,CLM-EAPU6ZE2MN,PRV-QJ8CAJLGGT,PRV-QJ8CAJLGGT,2024-04-16,2024-04-16,SYNTH,FAC-DAY,[],1.0,,,['SYN-DX-01'],21,193.79,158.91,143.02
LN-6L3YJREYHE,CLM-JUJHYQ4KPB,PRV-CYX8UDJJ75,PRV-CYX8UDJJ75,2024-02-12,2024-02-12,SYNTH,EM-EST-4,[],1.0,,,['SYN-DX-01'],11,161.82,132.69,119.42
LN-CMRVAJA6ER,CLM-65WL8SFKRW,PRV-P8SZX5BYHL,PRV-P8SZX5BYHL,2024-06-02,2024-06-02,NDC-SYN,NDC-OPIOID-01,[],1.0,,,['SYN-DX-01'],11,164.92,135.23,121.71
LN-Q3SCXVTL5N,CLM-V5Q2RY7AAE,PRV-LVGM3QWE3V,PRV-LVGM3QWE3V,2024-08-20,2024-08-20,SYNTH,DME-CATH,[],1.0,,,['SYN-DX-01'],12,179.07,146.84,132.16
LN-MSDAXAH47K,CLM-WW5JD2QW9Y,PRV-LVGM3QWE3V,PRV-LVGM3QWE3V,2024-07-14,2024-07-14,SYNTH,DME-CATH,[],1.0,,,['SYN-DX-01'],12,171.27,140.44,126.4
LN-7F6QXN3RNS,CLM-JQNTUNQAX7,PRV-GQ36BNJZ2W,PRV-GQ36BNJZ2W,2024-04-27,2024-04-27,SYNTH,HH-VISIT,[],1.0,45.0,,['SYN-DX-01'],12,161.58,132.5,119.25
LN-LECA3BKUMG,CLM-ZH45QWPHLH,PRV-P8SZX5BYHL,PRV-P8SZX5BYHL,2024-07-26,2024-07-26,NDC-SYN,NDC-OPIOID-01,[],1.0,,,['SYN-DX-01'],11,162.58,133.32,119.99
LN-N8C5BZCF85,CLM-V35K5U5SPA,PRV-H9LG5VAJ3J,PRV-H9LG5VAJ3J,2024-06-03,2024-06-03,SYNTH,FAC-DAY,[],1.0,,,['SYN-DX-01'],21,160.6,131.69,118.52
LN-X456UCVBC4,CLM-L4M747C5BV,PRV-DVP5UVKXMG,PRV-DVP5UVKXMG,2024-07-01,2024-07-01,SYNTH,EM-EST-5,[],1.0,,,['SYN-DX-01'],11,195.07,159.96,143.96
LN-344BD7B4ZA,CLM-N6PGH8F6RD,PRV-AEV55VW98C,PRV-AEV55VW98C,2024-03-03,2024-03-03,HCPCS2,A0427,[],1.0,,,['SYN-DX-01'],41,8.81,7.22,6.5
LN-GWZ3UGAGH7,CLM-76TK6BURPN,PRV-P8SZX5BYHL,PRV-P8SZX5BYHL,2024-04-11,2024-04-11,NDC-SYN,NDC-OPIOID-01,[],1.0,,,['SYN-DX-01'],11,189.82,155.65,140.09
LN-FR45PKSZNC,CLM-3Y8UDWWGWL,PRV-52P4GQD2DS,PRV-52P4GQD2DS,2024-08-18,2024-08-18,SYNTH,EM-EST-3,[],1.0,,,['SYN-DX-01'],11,174.16,142.81,128.53
LN-HJ4CG7JYUS,CLM-6Z2L8XZ2RK,PRV-CYX8UDJJ75,PRV-CYX8UDJJ75,2024-03-18,2024-03-18,SYNTH,EM-EST-4,[],1.0,,,['SYN-DX-01'],11,173.5,142.27,128.04
LN-55RYDL5PL2,CLM-PGCDUQV9J6,PRV-EWJD2QDPA6,PRV-EWJD2QDPA6,2024-03-29,2024-03-29,SYNTH,EM-EST-3,[],1.0,,,['SYN-DX-01'],11,185.21,151.87,136.68
LN-BX9SJRV52A,CLM-LDY8CUNMBL,PRV-YHCS7YKNYQ,PRV-YHCS7YKNYQ,2024-06-20,2024-06-20,SYNTH,PSY-30,[],1.0,30.0,,['SYN-DX-01'],11,189.25,155.19,139.67
LN-82F4H8G724,CLM-2CMTLJ8AQ9,PRV-LJD3M755ZS,PRV-LJD3M755ZS,2024-07-23,2024-07-23,HCPCS2,A0425,[],16.0,,16.0,['SYN-DX-01'],41,153.03,125.48,112.93
LN-CXNYXYKSCM,CLM-KHR8TRNY44,PRV-6LZYWNNT2J,PRV-6LZYWNNT2J,2024-01-16,2024-01-16,SYNTH,LAB-GEN-01,[],1.0,,,['SYN-DX-01'],11,177.85,145.84,131.26
LN-P8Z55YNPAH,CLM-3AWATB4TD6,PRV-EGMCSQWZE2,PRV-EGMCSQWZE2,2024-01-07,2024-01-07,SYNTH,PSY-60,[],1.0,60.0,,['SYN-DX-01'],11,193.15,158.38,142.54
LN-2TP8E4NPQT,CLM-HJC7LH4CYF,PRV-96KL4VD67A,PRV-96KL4VD67A,2024-07-29,2024-07-29,SYNTH,LAB-PNL-01,[],1.0,,,['SYN-DX-01'],11,177.57,145.61,131.05
LN-ZK7GMRFPT2,CLM-ELXUB5UBGG,PRV-HP4BWL7QC4,PRV-HP4BWL7QC4,2024-06-11,2024-06-11,SYNTH,FAC-DAY,[],1.0,,,['SYN-DX-01'],21,192.26,157.65,141.89
LN-9RZZRTEULU,CLM-U2338CMJFZ,PRV-GQ36BNJZ2W,PRV-GQ36BNJZ2W,2024-03-17,2024-03-17,SYNTH,HH-VISIT,[],1.0,45.0,,['SYN-DX-01'],12,177.96,145.93,131.34
LN-2WKY8Y3PZJ,CLM-X6JKVEKKPJ,PRV-EGMCSQWZE2,PRV-EGMCSQWZE2,2024-07-04,2024-07-04,SYNTH,PSY-30,[],1.0,30.0,,['SYN-DX-01'],11,178.74,146.57,131.91
LN-D2U6PYBLEB,CLM-F3ZGYKZP8T,PRV-HC5CWNTSHD,PRV-HC5CWNTSHD,2024-04-11,2024-04-11,SYNTH,EM-EST-5,[],1.0,,,['SYN-DX-01'],11,167.92,137.69,123.92
LN-R29A4LEELG,CLM-7CLACBC4JS,PRV-DVP5UVKXMG,PRV-DVP5UVKXMG,2024-06-16,2024-06-16,SYNTH,EM-EST-4,[],1.0,,,['SYN-DX-01'],11,173.27,142.08,127.87
LN-UVT282MC7Y,CLM-G2CZ8L28XK,PRV-GQ36BNJZ2W,PRV-GQ36BNJZ2W,2024-06-04,2024-06-04,SYNTH,HH-VISIT,[],1.0,45.0,,['SYN-DX-01'],12,175.26,143.71,129.34
LN-MV2FCXVY3U,CLM-52ZNUXBF3J,PRV-ZU6YL2HNHH,PRV-ZU6YL2HNHH,2024-08-04,2024-08-04,SYNTH,HH-VISIT,[],1.0,45.0,,['SYN-DX-01'],12,174.51,143.1,128.79
LN-D39BLDTYXH,CLM-E82DFTYQJW,PRV-DLK2K6289C,PRV-DLK2K6289C,2024-04-15,2024-04-15,SYNTH,LAB-GEN-01,[],1.0,,,['SYN-DX-01'],11,168.35,138.05,124.25
LN-W9TFD8PKBA,CLM-NJKTTSX2UG,PRV-HC5CWNTSHD,PRV-HC5CWNTSHD,2024-06-11,2024-06-11,SYNTH,EM-EST-4,[],1.0,,,['SYN-DX-01'],11,179.63,147.3,132.57
LN-3SULQGGY7A,CLM-35WSQ56HBH,PRV-DLK2K6289C,PRV-DLK2K6289C,2024-03-05,2024-03-05,SYNTH,LAB-PNL-01,[],1.0,,,['SYN-DX-01'],11,174.25,142.88,128.59
LN-8WHE7XD2UP,CLM-3VXG46VJ69,PRV-R6UGAZC4XJ,PRV-R6UGAZC4XJ,2024-08-15,2024-08-15,SYNTH,HH-VISIT,[],1.0,45.0,,['SYN-DX-01'],12,187.57,153.81,138.43
LN-2DA7K58X43,CLM-TQHYZPVQWS,PRV-LVGM3QWE3V,PRV-LVGM3QWE3V,2024-02-08,2024-02-08,SYNTH,DME-CATH,[],1.0,,,['SYN-DX-01'],12,196.84,161.41,145.27
LN-NWZULY23U9,CLM-NNYLW55UHS,PRV-DVP5UVKXMG,PRV-DVP5UVKXMG,2024-03-23,2024-03-23,SYNTH,EM-EST-2,[],1.0,,,['SYN-DX-01'],11,181.46,148.8,133.92
LN-P5M4CJM3P2,CLM-98SCH7E2QQ,PRV-EWJD2QDPA6,PRV-EWJD2QDPA6,2024-01-31,2024-01-31,SYNTH,EM-EST-3,[],1.0,,,['SYN-DX-01'],11,196.77,161.35,145.22
LN-5PRBAYB8C9,CLM-XKRWG4DY2C,PRV-AEV55VW98C,PRV-AEV55VW98C,2024-05-09,2024-05-09,HCPCS2,A0427,[],1.0,,,['SYN-DX-01'],41,8.62,7.07,6.36
LN-BPFN74NM3V,CLM-UJN8MM9C4K,PRV-GG7BBL7G9L,PRV-GG7BBL7G9L,2024-05-22,2024-05-22,SYNTH,LAB-PNL-01,[],1.0,,,['SYN-DX-01'],11,185.6,152.19,136.97
LN-QMGM3JKX5K,CLM-JNG89GT877,PRV-HC5CWNTSHD,PRV-HC5CWNTSHD,2024-07-14,2024-07-14,SYNTH,EM-EST-3,[],1.0,,,['SYN-DX-01'],11,184.48,151.27,136.14
LN-E7JMGDCAM9,CLM-4WAFW9GMTW,PRV-TTYMZNZQCD,PRV-TTYMZNZQCD,2024-08-01,2024-08-01,SYNTH,LAB-GEN-01,[],1.0,,,['SYN-DX-01'],11,194.24,159.28,143.35
LN-VSWRY6X3YP,CLM-PYUP3L3CT5,PRV-ZU6YL2HNHH,PRV-ZU6YL2HNHH,2024-05-25,2024-05-25,SYNTH,HH-VISIT,[],1.0,45.0,,['SYN-DX-01'],12,173.24,142.06,127.85
LN-28XL77D92Q,CLM-J6DDM249D4,PRV-KGZA99WKKT,PRV-KGZA99WKKT,2024-03-10,2024-03-10,HCPCS2,A0427,[],1.0,,,['SYN-DX-01'],41,8.07,6.62,5.96
LN-2D5GC9Q67F,CLM-JEMVXHEWZC,PRV-CYX8UDJJ75,PRV-CYX8UDJJ75,2024-07-25,2024-07-25,SYNTH,EM-EST-3,[],1.0,,,['SYN-DX-01'],11,202.63,166.16,149.54
LN-LHJPE8U5FS,CLM-WFQFF7SK5B,PRV-LEVZRZGE33,PRV-LEVZRZGE33,2024-05-03,2024-05-03,SYNTH,FAC-DAY,[],1.0,,,['SYN-DX-01'],21,173.5,142.27,128.04
LN-7QJDKGD3AL,CLM-KY2XPX2HLL,PRV-FYQT8W8H8G,PRV-FYQT8W8H8G,2024-01-11,2024-01-11,SYNTH,DME-CATH,[],1.0,,,['SYN-DX-01'],12,187.09,153.41,138.07
LN-GCDZG529AE,CLM-627XZCMCAU,PRV-ZU6YL2HNHH,PRV-ZU6YL2HNHH,2024-06-01,2024-06-01,SYNTH,HH-VISIT,[],1.0,45.0,,['SYN-DX-01'],12,176.88,145.04,130.54
LN-L88W884SN3,CLM-K5GUZC2BMJ,PRV-F63QP3FKES,PRV-F63QP3FKES,2024-02-05,2024-02-05,SYNTH,PSY-60,[],1.0,60.0,,['SYN-DX-01'],11,169.1,138.66,124.79
LN-RYHWHQXFZA,CLM-T6P9DSEA64,PRV-HP4BWL7QC4,PRV-HP4BWL7QC4,2024-01-25,2024-01-25,SYNTH,FAC-DAY,[],1.0,,,['SYN-DX-01'],21,167.2,137.1,123.39
LN-MF3VFHL5JZ,CLM-GRGZGAWVKT,PRV-GZWKQRABYX,PRV-GZWKQRABYX,2024-08-19,2024-08-19,SYNTH,FAC-DAY,[],1.0,,,['SYN-DX-01'],21,174.85,143.38,129.04
LN-3Y5GTLBCTH,CLM-E395XENM82,PRV-F63QP3FKES,PRV-F63QP3FKES,2024-06-24,2024-06-24,SYNTH,PSY-60,[],1.0,60.0,,['SYN-DX-01'],11,154.12,126.38,113.74
LN-Q9R5SPAGM6,CLM-QGYWJ7BXEZ,PRV-52P4GQD2DS,PRV-52P4GQD2DS,2024-08-15,2024-08-15,SYNTH,EM-EST-2,[],1.0,,,['SYN-DX-01'],11,183.26,150.27,135.24
LN-DY69Y28XGJ,CLM-R369TEQKYR,PRV-TTYMZNZQCD,PRV-TTYMZNZQCD,2024-07-14,2024-07-14,SYNTH,LAB-PNL-01,[],1.0,,,['SYN-DX-01'],11,174.8,143.34,129.01
LN-YP6R4N7RP9,CLM-RVARVRSFX6,PRV-AEV55VW98C,PRV-AEV55VW98C,2024-01-28,2024-01-28,HCPCS2,A0425,[],29.0,,29.0,['SYN-DX-01'],41,261.84,214.71,193.24
LN-2S98TZ5N5A,CLM-GL4NRAEFH8,PRV-DLK2K6289C,PRV-DLK2K6289C,2024-03-11,2024-03-11,SYNTH,LAB-GEN-01,[],1.0,,,['SYN-DX-01'],11,202.59,166.12,149.51
LN-FMXRFXRV5P,CLM-59TJRUSX4U,PRV-CYX8UDJJ75,PRV-CYX8UDJJ75,2024-03-20,2024-03-20,SYNTH,EM-EST-3,[],1.0,,,['SYN-DX-01'],11,185.25,151.91,136.72
LN-3PUTPK5EDS,CLM-XAJFUCCJJL,PRV-AEV55VW98C,PRV-AEV55VW98C,2024-03-31,2024-03-31,HCPCS2,A0427,[],1.0,,,['SYN-DX-01'],41,9.21,7.55,6.79
LN-JCPH9S873C,CLM-MULG9EN4BZ,PRV-9HWCXGYGRP,PRV-9HWCXGYGRP,2024-01-18,2024-01-18,SYNTH,PSY-60,[],1.0,60.0,,['SYN-DX-01'],11,208.87,171.27,154.14
LN-YZA6V53ZBV,CLM-JCZLRUCZQJ,PRV-R6UGAZC4XJ,PRV-R6UGAZC4XJ,2024-03-07,2024-03-07,SYNTH,HH-VISIT,[],1.0,45.0,,['SYN-DX-01'],12,157.78,129.38,116.44
LN-JMRM5N78XX,CLM-Z95M62W7SK,PRV-EWJD2QDPA6,PRV-EWJD2QDPA6,2024-06-05,2024-06-05,SYNTH,EM-EST-3,[],1.0,,,['SYN-DX-01'],11,179.25,146.98,132.28
LN-9U9XBNHCQZ,CLM-H7MHRUNUH6,PRV-6LZYWNNT2J,PRV-6LZYWNNT2J,2024-03-08,2024-03-08,SYNTH,LAB-GEN-01,[],1.0,,,['SYN-DX-01'],11,181.57,148.89,134.0
LN-Z372W3N2AB,CLM-TE4PLSGZDK,PRV-52P4GQD2DS,PRV-52P4GQD2DS,2024-04-01,2024-04-01,SYNTH,EM-EST-4,[],1.0,,,['SYN-DX-01'],11,183.51,150.48,135.43
LN-NPQJL2Y67T,CLM-C3M7L3VZBW,PRV-TTYMZNZQCD,PRV-TTYMZNZQCD,2024-02-29,2024-02-29,SYNTH,LAB-PNL-01,[],1.0,,,['SYN-DX-01'],11,173.19,142.02,127.82
LN-TCQR5J65UJ,CLM-GCSXLG4PD4,PRV-GG7BBL7G9L,PRV-GG7BBL7G9L,2024-04-15,2024-04-15,SYNTH,LAB-PNL-01,[],1.0,,,['SYN-DX-01'],11,188.95,154.94,139.45
LN-G8ZY43TV68,CLM-H9CFZGNNEX,PRV-KGZA99WKKT,PRV-KGZA99WKKT,2024-03-22,2024-03-22,HCPCS2,A0425,[],33.0,,33.0,['SYN-DX-01'],41,324.54,266.12,239.51
LN-82GCSBTDX3,CLM-Y95RMCWRK3,PRV-LEVZRZGE33,PRV-LEVZRZGE33,2024-05-31,2024-05-31,SYNTH,FAC-DAY,[],1.0,,,['SYN-DX-01'],21,170.95,140.18,126.16
LN-UFU58M8WJT,CLM-8ST9LL4VN5,PRV-HC5CWNTSHD,PRV-HC5CWNTSHD,2024-06-03,2024-06-03,SYNTH,EM-EST-4,[],1.0,,,['SYN-DX-01'],11,198.23,162.55,146.3
LN-95JK4N7RLC,CLM-E6NCXH7PT4,PRV-EWJD2QDPA6,PRV-EWJD2QDPA6,2024-03-04,2024-03-04,SYNTH,EM-EST-4,[],1.0,,,['SYN-DX-01'],11,150.05,123.04,110.74
LN-93S44JXQAD,CLM-RG7UG7CFXE,PRV-LEVZRZGE33,PRV-LEVZRZGE33,2024-07-16,2024-07-16,SYNTH,FAC-DAY,[],1.0,,,['SYN-DX-01'],21,171.44,140.58,126.52
LN-BCT6VUDKPX,CLM-BLQQHRE56M,PRV-GZWKQRABYX,PRV-GZWKQRABYX,2024-01-15,2024-01-15,SYNTH,FAC-DAY,[],1.0,,,['SYN-DX-01'],21,176.46,144.7,130.23
LN-QVBMJQSW4S,CLM-AXKAMJ9BFU,PRV-ZU6YL2HNHH,PRV-ZU6YL2HNHH,2024-03-12,2024-03-12,SYNTH,HH-VISIT,[],1.0,45.0,,['SYN-DX-01'],12,189.64,155.5,139.95
LN-6ZZXU6XGTB,CLM-WDWMJ8B97B,PRV-CYX8UDJJ75,PRV-CYX8UDJJ75,2024-04-19,2024-04-19,SYNTH,EM-EST-4,[],1.0,,,['SYN-DX-01'],11,185.97,152.5,137.25
LN-Z6F8XV9MEU,CLM-8UUHA9NR89,PRV-5AE63K9XH5,PRV-5AE63K9XH5,2024-07-16,2024-07-16,SYNTH,HH-VISIT,[],1.0,45.0,,['SYN-DX-01'],12,177.78,145.78,131.2
LN-NRBP8ENR87,CLM-NAFRWXF2WB,PRV-AEV55VW98C,PRV-AEV55VW98C,2024-06-25,2024-06-25,HCPCS2,A0425,[],39.0,,39.0,['SYN-DX-01'],41,336.11,275.61,248.05
LN-KKA3XE7EVF,CLM-ZFPTC5HXT4,PRV-CYX8UDJJ75,PRV-CYX8UDJJ75,2024-03-19,2024-03-19,SYNTH,EM-EST-2,[],1.0,,,['SYN-DX-01'],11,193.35,158.55,142.7
LN-39FJNTU6CS,CLM-FCUXH7YZXL,PRV-FYQT8W8H8G,PRV-FYQT8W8H8G,2024-04-30,2024-04-30,SYNTH,DME-CATH,[],1.0,,,['SYN-DX-01'],12,185.11,151.79,136.61
LN-5HMV3SLRQG,CLM-DD6F7N6RQZ,PRV-DLK2K6289C,PRV-DLK2K6289C,2024-06-16,2024-06-16,SYNTH,LAB-PNL-01,[],1.0,,,['SYN-DX-01'],11,184.76,151.5,136.35
LN-D8RWEPK2GW,CLM-WT938232HJ,PRV-EGMCSQWZE2,PRV-EGMCSQWZE2,2024-03-20,2024-03-20,SYNTH,PSY-60,[],1.0,60.0,,['SYN-DX-01'],11,202.8,166.3,149.67
LN-FGC2SGTMUN,CLM-ZYYUGGKBF2,PRV-GG7BBL7G9L,PRV-GG7BBL7G9L,2024-03-16,2024-03-16,SYNTH,LAB-GEN-01,[],1.0,,,['SYN-DX-01'],11,178.2,146.12,131.51
LN-YCW9RJD4TG,CLM-5HTCSNSYM2,PRV-YHCS7YKNYQ,PRV-YHCS7YKNYQ,2024-07-05,2024-07-05,SYNTH,PSY-45,[],1.0,45.0,,['SYN-DX-01'],11,184.32,151.14,136.03
LN-55GBM8UGML,CLM-HKGS5FPWF6,PRV-96KL4VD67A,PRV-96KL4VD67A,2024-04-24,2024-04-24,SYNTH,LAB-GEN-01,[],1.0,,,['SYN-DX-01'],11,190.59,156.28,140.65
LN-HN9PHRQGFN,CLM-B95WM9B2FD,PRV-DVP5UVKXMG,PRV-DVP5UVKXMG,2024-06-24,2024-06-24,SYNTH,EM-EST-3,[],1.0,,,['SYN-DX-01'],11,166.26,136.33,122.7
LN-88W4U5M2L4,CLM-239EGCNREN,PRV-CYX8UDJJ75,PRV-CYX8UDJJ75,2024-05-16,2024-05-16,SYNTH,EM-EST-3,[],1.0,,,['SYN-DX-01'],11,187.96,154.13,138.72
LN-6LY93W6QQ2,CLM-2F3U6TNHB5,PRV-5AE63K9XH5,PRV-5AE63K9XH5,2024-02-03,2024-02-03,SYNTH,HH-VISIT,[],1.0,45.0,,['SYN-DX-01'],12,165.05,135.34,121.81
LN-AHYXHUBBR4,CLM-E4TDHPTWQU,PRV-H9LG5VAJ3J,PRV-H9LG5VAJ3J,2024-05-26,2024-05-26,SYNTH,FAC-DAY,[],1.0,,,['SYN-DX-01'],21,193.21,158.43,142.59
LN-RQE557FHQY,CLM-Y6PLYAX58U,PRV-EGMCSQWZE2,PRV-EGMCSQWZE2,2024-05-29,2024-05-29,SYNTH,PSY-60,[],1.0,60.0,,['SYN-DX-01'],11,185.85,152.4,137.16
LN-6HFQ3UGWBB,CLM-GKWU9LC3YJ,PRV-9HWCXGYGRP,PRV-9HWCXGYGRP,2024-06-05,2024-06-05,SYNTH,PSY-30,[],1.0,30.0,,['SYN-DX-01'],11,166.36,136.42,122.78
LN-UJYSQA78XU,CLM-Q96M2EEJUB,PRV-Z84M5CG5BX,PRV-Z84M5CG5BX,2024-02-14,2024-02-14,NDC-SYN,NDC-OPIOID-01,[],1.0,,,['SYN-DX-01'],11,191.5,157.03,141.33
LN-ZLLMPXWVFN,CLM-HBBXDX4FGW,PRV-CYX8UDJJ75,PRV-CYX8UDJJ75,2024-04-29,2024-04-29,SYNTH,EM-EST-3,[],1.0,,,['SYN-DX-01'],11,170.35,139.69,125.72
LN-2KGZEFWJ9C,CLM-V4HHQT6F74,PRV-KGZA99WKKT,PRV-KGZA99WKKT,2024-05-03,2024-05-03,HCPCS2,A0427,[],1.0,,,['SYN-DX-01'],41,8.93,7.32,6.59
LN-4MECQPJXG8,CLM-V385GRV5FA,PRV-GZWKQRABYX,PRV-GZWKQRABYX,2024-08-12,2024-08-12,SYNTH,FAC-DAY,[],1.0,,,['SYN-DX-01'],21,206.94,169.69,152.72
LN-BM2PSN2TUW,CLM-R5ZAE7DCHU,PRV-HC5CWNTSHD,PRV-HC5CWNTSHD,2024-08-26,2024-08-26,SYNTH,EM-EST-3,[],1.0,,,['SYN-DX-01'],11,175.45,143.87,129.48
LN-MK5K3QK4TB,CLM-NQHRUUP4AK,PRV-LEVZRZGE33,PRV-LEVZRZGE33,2024-05-07,2024-05-07,SYNTH,FAC-DAY,[],1.0,,,['SYN-DX-01'],21,172.44,141.4,127.26
LN-AGFDAWZ9E8,CLM-YTYUHKU8WZ,PRV-9HWCXGYGRP,PRV-9HWCXGYGRP,2024-06-23,2024-06-23,SYNTH,PSY-45,[],1.0,45.0,,['SYN-DX-01'],11,159.68,130.94,117.85
LN-X497EBR65T,CLM-HLN3LVTGLH,PRV-EWJD2QDPA6,PRV-EWJD2QDPA6,2024-08-19,2024-08-19,SYNTH,EM-EST-2,[],1.0,,,['SYN-DX-01'],11,192.65,157.97,142.17
LN-NTT3AH2MG7,CLM-CXVZ532ZQA,PRV-YHCS7YKNYQ,PRV-YHCS7YKNYQ,2024-03-05,2024-03-05,SYNTH,PSY-60,[],1.0,60.0,,['SYN-DX-01'],11,180.95,148.38,133.54
LN-9APBHY3SVX,CLM-6VCKX3RHRG,PRV-9HWCXGYGRP,PRV-9HWCXGYGRP,2024-05-07,2024-05-07,SYNTH,PSY-60,[],1.0,60.0,,['SYN-DX-01'],11,183.62,150.57,135.51
LN-A2KAJLEEA8,CLM-G4QA3F5U4G,PRV-2RBJKMU8EL,PRV-2RBJKMU8EL,2024-06-04,2024-06-04,HCPCS2,A0425,[],24.0,,24.0,['SYN-DX-01'],41,205.28,168.33,151.5
LN-VLS5B3SQ9L,CLM-E92PS2RXRH,PRV-4TYA4STMB7,PRV-4TYA4STMB7,2024-01-01,2024-01-01,SYNTH,DME-CATH,[],1.0,,,['SYN-DX-01'],12,180.59,148.08,133.27
LN-HRJWKAUNLC,CLM-Z9856MDQZT,PRV-EWJD2QDPA6,PRV-EWJD2QDPA6,2024-03-03,2024-03-03,SYNTH,EM-EST-2,[],1.0,,,['SYN-DX-01'],11,201.55,165.27,148.74
LN-WS5GNFSVH6,CLM-2ERFXJB9U4,PRV-6LZYWNNT2J,PRV-6LZYWNNT2J,2024-03-24,2024-03-24,SYNTH,LAB-GEN-01,[],1.0,,,['SYN-DX-01'],11,170.47,139.79,125.81
LN-SQKVGCM6HD,CLM-YMSJ3CZA4T,PRV-DLK2K6289C,PRV-DLK2K6289C,2024-06-24,2024-06-24,SYNTH,LAB-GEN-01,[],1.0,,,['SYN-DX-01'],11,183.15,150.18,135.16
LN-XCWN37BCPV,CLM-4ZAUG7XFPS,PRV-52P4GQD2DS,PRV-52P4GQD2DS,2024-08-18,2024-08-18,SYNTH,EM-EST-3,[],1.0,,,['SYN-DX-01'],11,161.96,132.81,119.53
LN-S6SLDEARYU,CLM-25E2NA2ACV,PRV-YHCS7YKNYQ,PRV-YHCS7YKNYQ,2024-05-21,2024-05-21,SYNTH,PSY-45,[],1.0,45.0,,['SYN-DX-01'],11,145.79,119.55,107.59
LN-FNV4EWWUH7,CLM-NEJKET3AKE,PRV-5AE63K9XH5,PRV-5AE63K9XH5,2024-03-07,2024-03-07,SYNTH,HH-VISIT,[],1.0,45.0,,['SYN-DX-01'],12,161.51,132.44,119.2
LN-8ETS6VQUX7,CLM-FHLQ7UPJNG,PRV-GQ36BNJZ2W,PRV-GQ36BNJZ2W,2024-07-05,2024-07-05,SYNTH,HH-VISIT,[],1.0,45.0,,['SYN-DX-01'],12,149.57,122.65,110.39
LN-SFM5XW7QJE,CLM-KL655HVWE4,PRV-KB3DDTGVSY,PRV-KB3DDTGVSY,2024-01-12,2024-01-12,SYNTH,DME-CATH,[],1.0,,,['SYN-DX-01'],12,157.93,129.5,116.55
LN-5SZHS5LQ4B,CLM-ZLHYNALHVP,PRV-EWJD2QDPA6,PRV-EWJD2QDPA6,2024-06-26,2024-06-26,SYNTH,EM-EST-3,[],1.0,,,['SYN-DX-01'],11,176.92,145.07,130.56
LN-NZ9KS5UE73,CLM-QQS8NGTAL2,PRV-52P4GQD2DS,PRV-52P4GQD2DS,2024-05-24,2024-05-24,SYNTH,EM-EST-2,[],1.0,,,['SYN-DX-01'],11,195.5,160.31,144.28
LN-9E9WQNSMX5,CLM-RM8JLHFYRP,PRV-GQ36BNJZ2W,PRV-GQ36BNJZ2W,2024-06-17,2024-06-17,SYNTH,HH-VISIT,[],1.0,45.0,,['SYN-DX-01'],12,191.28,156.85,141.16
LN-DTD2FB79DH,CLM-DMWMSUEPX4,PRV-LVGM3QWE3V,PRV-LVGM3QWE3V,2024-05-15,2024-05-15,SYNTH,DME-CATH,[],1.0,,,['SYN-DX-01'],12,177.1,145.22,130.7
LN-AE335D9YKA,CLM-E5XW2ZCR96,PRV-EGMCSQWZE2,PRV-EGMCSQWZE2,2024-03-15,2024-03-15,SYNTH,PSY-30,[],1.0,30.0,,['SYN-DX-01'],11,177.25,145.34,130.81
LN-SEVJ7Q9JMZ,CLM-BSVTYYCDYD,PRV-9HWCXGYGRP,PRV-9HWCXGYGRP,2024-05-13,2024-05-13,SYNTH,PSY-30,[],1.0,30.0,,['SYN-DX-01'],11,193.54,158.7,142.83
LN-YMS4QQZLW4,CLM-4YJADWW6Q4,PRV-GZWKQRABYX,PRV-GZWKQRABYX,2024-01-03,2024-01-03,SYNTH,FAC-DAY,[],1.0,,,['SYN-DX-01'],21,168.09,137.83,124.05
LN-FC75J8VEM8,CLM-HTLUTHULT8,PRV-DVP5UVKXMG,PRV-DVP5UVKXMG,2024-03-31,2024-03-31,SYNTH,EM-EST-1,[],1.0,,,['SYN-DX-01'],11,172.66,141.58,127.42
LN-UAHT3RFAHW,CLM-8QB5XYKKZU,PRV-QJ8CAJLGGT,PRV-QJ8CAJLGGT,2024-06-25,2024-06-25,SYNTH,FAC-DAY,[],1.0,,,['SYN-DX-01'],21,175.14,143.61,129.25
LN-LHB6FWGJGG,CLM-AYKBJYYSJW,PRV-GG7BBL7G9L,PRV-GG7BBL7G9L,2024-03-25,2024-03-25,SYNTH,LAB-GEN-01,[],1.0,,,['SYN-DX-01'],11,180.12,147.7,132.93
LN-DUBWRV3NML,CLM-5WSXTB7KAB,PRV-CYX8UDJJ75,PRV-CYX8UDJJ75,2024-06-12,2024-06-12,SYNTH,EM-EST-4,[],1.0,,,['SYN-DX-01'],11,168.14,137.87,124.08
LN-D8M2J6L3TZ,CLM-YCNBH326JP,PRV-YHCS7YKNYQ,PRV-YHCS7YKNYQ,2024-08-06,2024-08-06,SYNTH,ABA-60,[],1.0,60.0,,['SYN-DX-01'],11,181.11,148.51,133.66
LN-WJZWCWGQQZ,CLM-T79D599R78,PRV-CYX8UDJJ75,PRV-CYX8UDJJ75,2024-07-09,2024-07-09,SYNTH,EM-EST-3,[],1.0,,,['SYN-DX-01'],11,179.58,147.26,132.53
LN-Q6QCWE8K5D,CLM-B6PYNQQSSF,PRV-52P4GQD2DS,PRV-52P4GQD2DS,2024-06-30,2024-06-30,SYNTH,EM-EST-2,[],1.0,,,['SYN-DX-01'],11,176.62,144.83,130.35
LN-BGVETFHYRV,CLM-GMYG6PUKM6,PRV-9HWCXGYGRP,PRV-9HWCXGYGRP,2024-06-16,2024-06-16,SYNTH,PSY-45,[],1.0,45.0,,['SYN-DX-01'],11,191.29,156.86,141.17
LN-T5835TWU24,CLM-VZ44GBLB99,PRV-52P4GQD2DS,PRV-52P4GQD2DS,2024-01-23,2024-01-23,SYNTH,EM-EST-2,[],1.0,,,['SYN-DX-01'],11,165.66,135.84,122.26
LN-9YCC647YC3,CLM-35FZ8RJXSG,PRV-HP4BWL7QC4,PRV-HP4BWL7QC4,2024-01-09,2024-01-09,SYNTH,FAC-DAY,[],1.0,,,['SYN-DX-01'],21,190.89,156.53,140.88
LN-58KYZZB6AT,CLM-D4A8H8FAVF,PRV-EWJD2QDPA6,PRV-EWJD2QDPA6,2024-08-20,2024-08-20,SYNTH,EM-EST-1,[],1.0,,,['SYN-DX-01'],11,195.12,160.0,144.0
LN-VQ4G5FZEBA,CLM-T86K8JESNU,PRV-EWJD2QDPA6,PRV-EWJD2QDPA6,2024-02-01,2024-02-01,SYNTH,EM-EST-4,[],1.0,,,['SYN-DX-01'],11,168.59,138.24,124.42
LN-LZJQHJCZ8L,CLM-NLD8ZVLS5H,PRV-ZU6YL2HNHH,PRV-ZU6YL2HNHH,2024-07-13,2024-07-13,SYNTH,HH-VISIT,[],1.0,45.0,,['SYN-DX-01'],12,167.13,137.05,123.35
LN-WW4WB5GTFM,CLM-W86JNRTUN4,PRV-GZWKQRABYX,PRV-GZWKQRABYX,2024-03-10,2024-03-10,SYNTH,FAC-DAY,[],1.0,,,['SYN-DX-01'],21,189.03,155.0,139.5
LN-HGSMCAA9P6,CLM-A6WP9PW5JM,PRV-F2HS2XPZAV,PRV-F2HS2XPZAV,2024-08-05,2024-08-05,NDC-SYN,NDC-OPIOID-01,[],1.0,,,['SYN-DX-01'],11,182.13,149.35,134.41
LN-LW8JQMF34X,CLM-CC4GQC38ZS,PRV-Z84M5CG5BX,PRV-Z84M5CG5BX,2024-08-16,2024-08-16,NDC-SYN,NDC-OPIOID-01,[],1.0,,,['SYN-DX-01'],11,201.17,164.96,148.46
LN-RW7JFFFV65,CLM-A2N56A6REE,PRV-DVP5UVKXMG,PRV-DVP5UVKXMG,2024-01-12,2024-01-12,SYNTH,EM-EST-3,[],1.0,,,['SYN-DX-01'],11,163.31,133.91,120.52
LN-NFQFC594JT,CLM-NJQSLF7LTN,PRV-DVP5UVKXMG,PRV-DVP5UVKXMG,2024-04-08,2024-04-08,SYNTH,EM-EST-5,[],1.0,,,['SYN-DX-01'],11,176.41,144.66,130.19
LN-46HETC863D,CLM-7WCWAGVJ9C,PRV-EWJD2QDPA6,PRV-EWJD2QDPA6,2024-05-04,2024-05-04,SYNTH,EM-EST-4,[],1.0,,,['SYN-DX-01'],11,189.71,155.56,140.0
LN-NUWEDGSYJ9,CLM-SDUABJNYLJ,PRV-GQ36BNJZ2W,PRV-GQ36BNJZ2W,2024-07-20,2024-07-20,SYNTH,HH-VISIT,[],1.0,45.0,,['SYN-DX-01'],12,186.29,152.76,137.48
LN-WKHQC5WTGB,CLM-88LY8EE6J7,PRV-DVP5UVKXMG,PRV-DVP5UVKXMG,2024-02-26,2024-02-26,SYNTH,EM-EST-2,[],1.0,,,['SYN-DX-01'],11,186.49,152.92,137.63
LN-PMR4EV2RWB,CLM-HYUN426WRE,PRV-DVP5UVKXMG,PRV-DVP5UVKXMG,2024-02-19,2024-02-19,SYNTH,EM-EST-5,[],1.0,,,['SYN-DX-01'],11,191.86,157.33,141.6
LN-FQ3LCCRMJY,CLM-CQPWMTXJHZ,PRV-FYQT8W8H8G,PRV-FYQT8W8H8G,2024-04-10,2024-04-10,SYNTH,DME-CATH,[],1.0,,,['SYN-DX-01'],12,173.18,142.01,127.81
LN-VYRW946CU3,CLM-BJU934VMBW,PRV-ZU6YL2HNHH,PRV-ZU6YL2HNHH,2024-07-07,2024-07-07,SYNTH,HH-VISIT,[],1.0,45.0,,['SYN-DX-01'],12,169.76,139.2,125.28
LN-XBLWEB4AJ5,CLM-DNX3A9WJ8A,PRV-EWJD2QDPA6,PRV-EWJD2QDPA6,2024-07-18,2024-07-18,SYNTH,EM-EST-4,[],1.0,,,['SYN-DX-01'],11,172.48,141.43,127.29
LN-YNRRULAXJT,CLM-TLFH9AHZLN,PRV-GQ36BNJZ2W,PRV-GQ36BNJZ2W,2024-05-01,2024-05-01,SYNTH,HH-VISIT,[],1.0,45.0,,['SYN-DX-01'],12,166.79,136.77,123.09
LN-HKCFTVRASL,CLM-L2C228LN3A,PRV-LEVZRZGE33,PRV-LEVZRZGE33,2024-04-04,2024-04-04,SYNTH,FAC-DAY,[],1.0,,,['SYN-DX-01'],21,155.24,127.3,114.57
LN-KENV7MSATD,CLM-HYHPWU2HYB,PRV-DLK2K6289C,PRV-DLK2K6289C,2024-04-15,2024-04-15,SYNTH,LAB-PNL-01,[],1.0,,,['SYN-DX-01'],11,174.5,143.09,128.78
LN-HNWPYXSEX6,CLM-Z76RHTY3GZ,PRV-6LZYWNNT2J,PRV-6LZYWNNT2J,2024-01-29,2024-01-29,SYNTH,LAB-PNL-01,[],1.0,,,['SYN-DX-01'],11,187.82,154.01,138.61
LN-J37BGPSFRF,CLM-7J27JTF6QV,PRV-GG7BBL7G9L,PRV-GG7BBL7G9L,2024-08-11,2024-08-11,SYNTH,LAB-GEN-01,[],1.0,,,['SYN-DX-01'],11,181.53,148.85,133.97
LN-YGT6QNG9QJ,CLM-QX2PF6GY3S,PRV-52P4GQD2DS,PRV-52P4GQD2DS,2024-06-29,2024-06-29,SYNTH,EM-EST-3,[],1.0,,,['SYN-DX-01'],11,189.49,155.38,139.84
LN-6JTUSUAQWX,CLM-GU45VVHTSX,PRV-52P4GQD2DS,PRV-52P4GQD2DS,2024-05-06,2024-05-06,SYNTH,EM-EST-3,[],1.0,,,['SYN-DX-01'],11,175.73,144.1,129.69
LN-Q87JHE3RDX,CLM-DPDTEXJE64,PRV-4TYA4STMB7,PRV-4TYA4STMB7,2024-02-12,2024-02-12,SYNTH,DME-CATH,[],1.0,,,['SYN-DX-01'],12,198.63,162.88,146.59
LN-ZLZFV5NEMW,CLM-FP838AA6SB,PRV-KB3DDTGVSY,PRV-KB3DDTGVSY,2024-02-03,2024-02-03,SYNTH,DME-CATH,[],1.0,,,['SYN-DX-01'],12,172.64,141.56,127.4
LN-RMX7N6K5HQ,CLM-VNLDVX2YF6,PRV-F2HS2XPZAV,PRV-F2HS2XPZAV,2024-02-25,2024-02-25,NDC-SYN,NDC-OPIOID-01,[],1.0,,,['SYN-DX-01'],11,175.99,144.31,129.88
LN-NG6GZ3AZDH,CLM-RNKJ7ZAWZF,PRV-ZU6YL2HNHH,PRV-ZU6YL2HNHH,2024-02-10,2024-02-10,SYNTH,HH-VISIT,[],1.0,45.0,,['SYN-DX-01'],12,180.94,148.37,133.53
LN-X2DYDW7NW5,CLM-DL83B3Q2JE,PRV-H9LG5VAJ3J,PRV-H9LG5VAJ3J,2024-07-07,2024-07-07,SYNTH,FAC-DAY,[],1.0,,,['SYN-DX-01'],21,193.22,158.44,142.6
LN-ADDD629Y36,CLM-P5JFK7F4AB,PRV-DLK2K6289C,PRV-DLK2K6289C,2024-02-02,2024-02-02,SYNTH,LAB-GEN-01,[],1.0,,,['SYN-DX-01'],11,180.8,148.26,133.43
LN-P2LUQ8UVQE,CLM-3HTFMST9CM,PRV-GG7BBL7G9L,PRV-GG7BBL7G9L,2024-03-27,2024-03-27,SYNTH,LAB-PNL-01,[],1.0,,,['SYN-DX-01'],11,172.76,141.66,127.49
LN-H86YG6Q4W8,CLM-HXTQWN5S9M,PRV-EGMCSQWZE2,PRV-EGMCSQWZE2,2024-03-27,2024-03-27,SYNTH,PSY-30,[],1.0,30.0,,['SYN-DX-01'],11,180.93,148.36,133.52
LN-MC8SRBXGXT,CLM-Y5672AYVGD,PRV-EWJD2QDPA6,PRV-EWJD2QDPA6,2024-04-04,2024-04-04,SYNTH,EM-EST-4,[],1.0,,,['SYN-DX-01'],11,195.29,160.14,144.13
LN-HDK3XEQCUJ,CLM-NMC3FFFDC6,PRV-2RBJKMU8EL,PRV-2RBJKMU8EL,2024-01-06,2024-01-06,HCPCS2,A0425,[],31.0,,31.0,['SYN-DX-01'],41,258.88,212.28,191.05
LN-BJ3CEFJGXS,CLM-8P327GCN2E,PRV-52P4GQD2DS,PRV-52P4GQD2DS,2024-04-29,2024-04-29,SYNTH,EM-EST-2,[],1.0,,,['SYN-DX-01'],11,174.56,143.14,128.83
LN-VRYLG9RJXL,CLM-WVRX8ECX5W,PRV-ZU6YL2HNHH,PRV-ZU6YL2HNHH,2024-03-16,2024-03-16,SYNTH,HH-VISIT,[],1.0,45.0,,['SYN-DX-01'],12,188.41,154.5,139.05
LN-S75JCXGLTR,CLM-M3D2WWY6AF,PRV-GZWKQRABYX,PRV-GZWKQRABYX,2024-03-06,2024-03-06,SYNTH,FAC-DAY,[],1.0,,,['SYN-DX-01'],21,179.3,147.03,132.33
LN-ZY8FTFDPAD,CLM-TS2NN6GEEE,PRV-F63QP3FKES,PRV-F63QP3FKES,2024-02-05,2024-02-05,SYNTH,ABA-60,[],1.0,60.0,,['SYN-DX-01'],11,156.04,127.95,115.16
LN-6YQWGFJXK2,CLM-ACJ9PXSX55,PRV-HC5CWNTSHD,PRV-HC5CWNTSHD,2024-08-20,2024-08-20,SYNTH,EM-EST-2,[],1.0,,,['SYN-DX-01'],11,158.43,129.91,116.92
LN-TYHZUAZM4X,CLM-TA2F74YTQC,PRV-9HWCXGYGRP,PRV-9HWCXGYGRP,2024-04-17,2024-04-17,SYNTH,PSY-60,[],1.0,60.0,,['SYN-DX-01'],11,196.71,161.3,145.17
LN-RUEY8HKRNB,CLM-YVSDH5G92D,PRV-GQ36BNJZ2W,PRV-GQ36BNJZ2W,2024-01-28,2024-01-28,SYNTH,HH-VISIT,[],1.0,45.0,,['SYN-DX-01'],12,205.83,168.78,151.9
LN-DQCTNUDVAF,CLM-U3ER5TZX4Y,PRV-LEVZRZGE33,PRV-LEVZRZGE33,2024-04-11,2024-04-11,SYNTH,FAC-DAY,[],1.0,,,['SYN-DX-01'],21,180.43,147.95,133.16
LN-3MK4VN4T65,CLM-CNKFRD6PPK,PRV-DVP5UVKXMG,PRV-DVP5UVKXMG,2024-05-14,2024-05-14,SYNTH,EM-EST-4,[],1.0,,,['SYN-DX-01'],11,203.0,166.46,149.81
LN-MFPW4SXV2S,CLM-VREFA5ZQ73,PRV-KGZA99WKKT,PRV-KGZA99WKKT,2024-02-29,2024-02-29,HCPCS2,A0425,[],29.0,,29.0,['SYN-DX-01'],41,280.55,230.05,207.05
LN-CYKJMXAEJD,CLM-4PSVNGZY7Y,PRV-R6UGAZC4XJ,PRV-R6UGAZC4XJ,2024-07-13,2024-07-13,SYNTH,HH-VISIT,[],1.0,45.0,,['SYN-DX-01'],12,188.94,154.93,139.44
LN-5BL8K4ATR5,CLM-JFYBTE8NRK,PRV-LEVZRZGE33,PRV-LEVZRZGE33,2024-01-08,2024-01-08,SYNTH,FAC-DAY,[],1.0,,,['SYN-DX-01'],21,188.78,154.8,139.32
LN-KKWUZVVBUJ,CLM-K9F4QDVE47,PRV-GQ36BNJZ2W,PRV-GQ36BNJZ2W,2024-05-22,2024-05-22,SYNTH,HH-VISIT,[],1.0,45.0,,['SYN-DX-01'],12,172.73,141.64,127.48
LN-PHWPH9R5YG,CLM-SNNG94D7T8,PRV-2RBJKMU8EL,PRV-2RBJKMU8EL,2024-03-08,2024-03-08,HCPCS2,A0425,[],16.0,,16.0,['SYN-DX-01'],41,138.96,113.95,102.56
LN-LR383H99JA,CLM-DEF5R2T7CY,PRV-ZU6YL2HNHH,PRV-ZU6YL2HNHH,2024-02-16,2024-02-16,SYNTH,HH-VISIT,[],1.0,45.0,,['SYN-DX-01'],12,187.96,154.13,138.72
LN-GBMEJ45V28,CLM-8FH2ERZJXS,PRV-CYX8UDJJ75,PRV-CYX8UDJJ75,2024-04-07,2024-04-07,SYNTH,EM-EST-2,[],1.0,,,['SYN-DX-01'],11,164.82,135.15,121.64
LN-WSDEEJ6E3R,CLM-AJV8WF22ZS,PRV-52P4GQD2DS,PRV-52P4GQD2DS,2024-07-14,2024-07-14,SYNTH,EM-EST-4,[],1.0,,,['SYN-DX-01'],11,157.72,129.33,116.4
LN-FD7V7E2VYP,CLM-JLKCYSX8KQ,PRV-H9LG5VAJ3J,PRV-H9LG5VAJ3J,2024-08-12,2024-08-12,SYNTH,FAC-DAY,[],1.0,,,['SYN-DX-01'],21,166.5,136.53,122.88
LN-72H7NFKXRE,CLM-XAFAT9MPM7,PRV-96KL4VD67A,PRV-96KL4VD67A,2024-03-10,2024-03-10,SYNTH,LAB-PNL-01,[],1.0,,,['SYN-DX-01'],11,170.42,139.74,125.77
LN-DSMTCMNNG7,CLM-B25JEV5GSH,PRV-CYX8UDJJ75,PRV-CYX8UDJJ75,2024-03-02,2024-03-02,SYNTH,EM-EST-2,[],1.0,,,['SYN-DX-01'],11,155.84,127.79,115.01
LN-AUTYAS94PL,CLM-GXLVR7RZX9,PRV-LJD3M755ZS,PRV-LJD3M755ZS,2024-02-14,2024-02-14,HCPCS2,A0425,[],27.0,,27.0,['SYN-DX-01'],41,208.6,171.05,153.95
LN-ZQNRVVZXRT,CLM-E5PD4WCQMS,PRV-HP4BWL7QC4,PRV-HP4BWL7QC4,2024-02-24,2024-02-24,SYNTH,FAC-DAY,[],1.0,,,['SYN-DX-01'],21,166.43,136.47,122.82
LN-D2QRZE8UDF,CLM-S2US4P7JPC,PRV-FYQT8W8H8G,PRV-FYQT8W8H8G,2024-04-23,2024-04-23,SYNTH,DME-CATH,[],1.0,,,['SYN-DX-01'],12,160.56,131.66,118.49
LN-GKKW3EJVE9,CLM-QZ9KSUTA8T,PRV-LEVZRZGE33,PRV-LEVZRZGE33,2024-02-11,2024-02-11,SYNTH,FAC-DAY,[],1.0,,,['SYN-DX-01'],21,182.67,149.79,134.81
LN-NDVQPX7TE7,CLM-JE5ZUFM7V7,PRV-5AE63K9XH5,PRV-5AE63K9XH5,2024-03-07,2024-03-07,SYNTH,HH-VISIT,[],1.0,45.0,,['SYN-DX-01'],12,184.49,151.28,136.15
LN-49JSB836Z7,CLM-X2LPTQCAJW,PRV-9HWCXGYGRP,PRV-9HWCXGYGRP,2024-01-28,2024-01-28,SYNTH,PSY-30,[],1.0,30.0,,['SYN-DX-01'],11,203.17,166.6,149.94
LN-KYWJV78M24,CLM-RMKPBDZQWK,PRV-KB3DDTGVSY,PRV-KB3DDTGVSY,2024-07-25,2024-07-25,SYNTH,DME-CATH,[],1.0,,,['SYN-DX-01'],12,179.94,147.55,132.8
LN-PBYR8KFVRX,CLM-DK85JJVR37,PRV-CYX8UDJJ75,PRV-CYX8UDJJ75,2024-05-09,2024-05-09,SYNTH,EM-EST-3,[],1.0,,,['SYN-DX-01'],11,167.38,137.25,123.53
LN-EYQ4RMJJT8,CLM-3YSQRHNRQR,PRV-GG7BBL7G9L,PRV-GG7BBL7G9L,2024-07-11,2024-07-11,SYNTH,LAB-GEN-01,[],1.0,,,['SYN-DX-01'],11,184.75,151.5,136.35
LN-3TGLDQUSSX,CLM-YUQDC8YNZB,PRV-YHCS7YKNYQ,PRV-YHCS7YKNYQ,2024-03-29,2024-03-29,SYNTH,PSY-30,[],1.0,30.0,,['SYN-DX-01'],11,181.84,149.11,134.2
LN-WE3HK6XTLQ,CLM-PB3BFZ8YPP,PRV-6LZYWNNT2J,PRV-6LZYWNNT2J,2024-03-24,2024-03-24,SYNTH,LAB-PNL-01,[],1.0,,,['SYN-DX-01'],11,197.66,162.08,145.87
LN-WYNETK67RA,CLM-LSUWMDAB5N,PRV-FYQT8W8H8G,PRV-FYQT8W8H8G,2024-03-29,2024-03-29,SYNTH,DME-CATH,[],1.0,,,['SYN-DX-01'],12,163.53,134.09,120.68
LN-GW3XTTFCTC,CLM-N7LK8LPEEK,PRV-KB3DDTGVSY,PRV-KB3DDTGVSY,2024-02-02,2024-02-02,SYNTH,DME-CATH,[],1.0,,,['SYN-DX-01'],12,189.97,155.78,140.2
LN-MBZTAAHGN7,CLM-8KY2DJ4WXF,PRV-HC5CWNTSHD,PRV-HC5CWNTSHD,2024-04-28,2024-04-28,SYNTH,EM-EST-3,[],1.0,,,['SYN-DX-01'],11,171.65,140.75,126.67
LN-NZBMMKPVJX,CLM-NK5RE4WFAY,PRV-2RBJKMU8EL,PRV-2RBJKMU8EL,2024-06-13,2024-06-13,HCPCS2,A0427,[],1.0,,,['SYN-DX-01'],41,8.46,6.94,6.25
LN-GXU5GR6PRR,CLM-2GMZJG4U9L,PRV-EWJD2QDPA6,PRV-EWJD2QDPA6,2024-01-11,2024-01-11,SYNTH,EM-EST-3,[],1.0,,,['SYN-DX-01'],11,173.41,142.2,127.98
LN-8YHLVCKFGN,CLM-ZHGT2D54LW,PRV-GZWKQRABYX,PRV-GZWKQRABYX,2024-03-02,2024-03-02,SYNTH,FAC-DAY,[],1.0,,,['SYN-DX-01'],21,186.02,152.54,137.29
LN-AWSGHUDSSZ,CLM-UG5J8VQHUW,PRV-52P4GQD2DS,PRV-52P4GQD2DS,2024-05-02,2024-05-02,SYNTH,EM-EST-1,[],1.0,,,['SYN-DX-01'],11,161.81,132.68,119.41
LN-Z44LGHVGAU,CLM-XHADBCKYZE,PRV-EWJD2QDPA6,PRV-EWJD2QDPA6,2024-02-25,2024-02-25,SYNTH,EM-EST-1,[],1.0,,,['SYN-DX-01'],11,152.77,125.27,112.74
LN-G2ZQFVXW7A,CLM-GGCCD7HD4N,PRV-ZU6YL2HNHH,PRV-ZU6YL2HNHH,2024-03-17,2024-03-17,SYNTH,HH-VISIT,[],1.0,45.0,,['SYN-DX-01'],12,176.56,144.78,130.3
LN-YJ747JVEQE,CLM-7448YC9G8D,PRV-DLK2K6289C,PRV-DLK2K6289C,2024-03-18,2024-03-18,SYNTH,LAB-PNL-01,[],1.0,,,['SYN-DX-01'],11,158.84,130.25,117.23
LN-CS945MHHZP,CLM-MY5HYXSY3W,PRV-LJD3M755ZS,PRV-LJD3M755ZS,2024-08-26,2024-08-26,HCPCS2,A0427,[],1.0,,,['SYN-DX-01'],41,8.91,7.31,6.58
LN-EJWQCN5NQ2,CLM-YBA8SXZKQZ,PRV-KGZA99WKKT,PRV-KGZA99WKKT,2024-01-31,2024-01-31,HCPCS2,A0427,[],1.0,,,['SYN-DX-01'],41,9.43,7.73,6.96
LN-VMLCFSUV5W,CLM-4HVKKX6687,PRV-ZU6YL2HNHH,PRV-ZU6YL2HNHH,2024-02-07,2024-02-07,SYNTH,HH-VISIT,[],1.0,45.0,,['SYN-DX-01'],12,179.29,147.02,132.32
LN-BJNPQXRZ5A,CLM-RBWT4RUNND,PRV-HC5CWNTSHD,PRV-HC5CWNTSHD,2024-06-08,2024-06-08,SYNTH,EM-EST-3,[],1.0,,,['SYN-DX-01'],11,159.77,131.01,117.91
LN-JK2DS2ZRCN,CLM-UTM2EFKTLL,PRV-EGMCSQWZE2,PRV-EGMCSQWZE2,2024-06-22,2024-06-22,SYNTH,ABA-60,[],1.0,60.0,,['SYN-DX-01'],11,183.43,150.41,135.37
LN-HYXWWE7532,CLM-KJJT52VC7M,PRV-4TYA4STMB7,PRV-4TYA4STMB7,2024-03-16,2024-03-16,SYNTH,DME-CATH,[],1.0,,,['SYN-DX-01'],12,155.38,127.41,114.67
LN-YVHEGRB6MS,CLM-FAH3LCG4EJ,PRV-GQ36BNJZ2W,PRV-GQ36BNJZ2W,2024-01-26,2024-01-26,SYNTH,HH-VISIT,[],1.0,45.0,,['SYN-DX-01'],12,194.87,159.79,143.81
LN-PZY25PRJ4D,CLM-SUD4UQ3TSV,PRV-DVP5UVKXMG,PRV-DVP5UVKXMG,2024-05-21,2024-05-21,SYNTH,EM-EST-2,[],1.0,,,['SYN-DX-01'],11,177.21,145.31,130.78
LN-WV55TCGGNB,CLM-EA2X2XQLLM,PRV-ZU6YL2HNHH,PRV-ZU6YL2HNHH,2024-06-05,2024-06-05,SYNTH,HH-VISIT,[],1.0,45.0,,['SYN-DX-01'],12,167.51,137.36,123.62
LN-8ZS6ZMTD9D,CLM-X2AY5CV9R6,PRV-F2HS2XPZAV,PRV-F2HS2XPZAV,2024-01-14,2024-01-14,NDC-SYN,NDC-OPIOID-01,[],1.0,,,['SYN-DX-01'],11,152.44,125.0,112.5
LN-ZZWGCZFFP7,CLM-P4F3T48VRY,PRV-52P4GQD2DS,PRV-52P4GQD2DS,2024-06-02,2024-06-02,SYNTH,EM-EST-1,[],1.0,,,['SYN-DX-01'],11,172.26,141.25,127.12
LN-54LG7UKM7S,CLM-JB6WMT2PGJ,PRV-Z84M5CG5BX,PRV-Z84M5CG5BX,2024-03-08,2024-03-08,NDC-SYN,NDC-OPIOID-01,[],1.0,,,['SYN-DX-01'],11,183.6,150.55,135.5
LN-C3B9ZZXGNE,CLM-6VQZAGK7GU,PRV-DLK2K6289C,PRV-DLK2K6289C,2024-05-06,2024-05-06,SYNTH,LAB-GEN-01,[],1.0,,,['SYN-DX-01'],11,160.27,131.42,118.28
LN-5J38G3259R,CLM-EJY3HFXC54,PRV-KB3DDTGVSY,PRV-KB3DDTGVSY,2024-03-04,2024-03-04,SYNTH,DME-CATH,[],1.0,,,['SYN-DX-01'],12,184.28,151.11,136.0
LN-FZJF29HN2W,CLM-JBF5H3ZGHP,PRV-YHCS7YKNYQ,PRV-YHCS7YKNYQ,2024-02-19,2024-02-19,SYNTH,PSY-30,[],1.0,30.0,,['SYN-DX-01'],11,174.34,142.96,128.66
LN-FMLPTEP5DD,CLM-82RQF8WWFG,PRV-9HWCXGYGRP,PRV-9HWCXGYGRP,2024-01-12,2024-01-12,SYNTH,PSY-30,[],1.0,30.0,,['SYN-DX-01'],11,184.34,151.16,136.04
LN-A9YVEXV97D,CLM-UEFZGJGYH4,PRV-NNZAMXRZ52,PRV-NNZAMXRZ52,2024-04-06,2024-04-06,NDC-SYN,NDC-OPIOID-01,[],1.0,,,['SYN-DX-01'],11,210.37,172.5,155.25
LN-EJ4Z6ZA54L,CLM-UENEVGJ9JT,PRV-ZU6YL2HNHH,PRV-ZU6YL2HNHH,2024-04-10,2024-04-10,SYNTH,HH-VISIT,[],1.0,45.0,,['SYN-DX-01'],12,181.81,149.08,134.17
LN-XSYZ6LH4H3,CLM-K9DRJHMC7G,PRV-TTYMZNZQCD,PRV-TTYMZNZQCD,2024-08-11,2024-08-11,SYNTH,LAB-PNL-01,[],1.0,,,['SYN-DX-01'],11,183.64,150.58,135.52
LN-DJPBJ25M28,CLM-ES7LKKQCU9,PRV-GG7BBL7G9L,PRV-GG7BBL7G9L,2024-06-06,2024-06-06,SYNTH,LAB-GEN-01,[],1.0,,,['SYN-DX-01'],11,181.81,149.08,134.17
LN-ZLRY7UZMY2,CLM-BTX6RGB6LH,PRV-ZU6YL2HNHH,PRV-ZU6YL2HNHH,2024-04-15,2024-04-15,SYNTH,HH-VISIT,[],1.0,45.0,,['SYN-DX-01'],12,178.48,146.35,131.72
LN-WNH79QYA4Q,CLM-3VB88BM59H,PRV-GG7BBL7G9L,PRV-GG7BBL7G9L,2024-08-22,2024-08-22,SYNTH,LAB-PNL-01,[],1.0,,,['SYN-DX-01'],11,193.32,158.52,142.67
LN-PEXEUP7LBK,CLM-CHYVQ2ZVH2,PRV-KGZA99WKKT,PRV-KGZA99WKKT,2024-07-13,2024-07-13,HCPCS2,A0425,[],14.0,,14.0,['SYN-DX-01'],41,115.45,94.67,85.2
LN-DX3589JN3T,CLM-RGAAX29NFM,PRV-R6UGAZC4XJ,PRV-R6UGAZC4XJ,2024-01-17,2024-01-17,SYNTH,HH-VISIT,[],1.0,45.0,,['SYN-DX-01'],12,186.22,152.7,137.43
LN-4F9NPZW6VV,CLM-4JYA2G8WDV,PRV-TTYMZNZQCD,PRV-TTYMZNZQCD,2024-07-21,2024-07-21,SYNTH,LAB-GEN-01,[],1.0,,,['SYN-DX-01'],11,179.61,147.28,132.55
LN-G9RTLRL4EQ,CLM-84HQK8LMS2,PRV-GQ36BNJZ2W,PRV-GQ36BNJZ2W,2024-04-23,2024-04-23,SYNTH,HH-VISIT,[],1.0,45.0,,['SYN-DX-01'],12,203.64,166.98,150.28
LN-MNALFRTMB3,CLM-FP3C5FHKB7,PRV-DVP5UVKXMG,PRV-DVP5UVKXMG,2024-04-06,2024-04-06,SYNTH,EM-EST-4,[],1.0,,,['SYN-DX-01'],11,184.93,151.64,136.48
LN-VRCNE7WZVQ,CLM-ZTVTMF9XZ8,PRV-GZWKQRABYX,PRV-GZWKQRABYX,2024-03-28,2024-03-28,SYNTH,FAC-DAY,[],1.0,,,['SYN-DX-01'],21,189.8,155.64,140.08
LN-AL8KH7DVD3,CLM-7R8WWP5TNJ,PRV-GZWKQRABYX,PRV-GZWKQRABYX,2024-02-21,2024-02-21,SYNTH,FAC-DAY,[],1.0,,,['SYN-DX-01'],21,149.35,122.47,110.22
LN-JF2KX8ST8T,CLM-KFY7KLZNHX,PRV-6LZYWNNT2J,PRV-6LZYWNNT2J,2024-05-03,2024-05-03,SYNTH,LAB-GEN-01,[],1.0,,,['SYN-DX-01'],11,184.07,150.94,135.85
LN-DBUM7DSZ4F,CLM-NKA46CA9N5,PRV-Z84M5CG5BX,PRV-Z84M5CG5BX,2024-07-18,2024-07-18,NDC-SYN,NDC-OPIOID-01,[],1.0,,,['SYN-DX-01'],11,193.96,159.05,143.15
LN-97Y2NYWAXC,CLM-6K2QEWZJYV,PRV-GQ36BNJZ2W,PRV-GQ36BNJZ2W,2024-08-09,2024-08-09,SYNTH,HH-VISIT,[],1.0,45.0,,['SYN-DX-01'],12,198.54,162.8,146.52
LN-AVSN9K84XK,CLM-KJZMBWWY9H,PRV-F63QP3FKES,PRV-F63QP3FKES,2024-06-29,2024-06-29,SYNTH,PSY-45,[],1.0,45.0,,['SYN-DX-01'],11,187.82,154.01,138.61
LN-YDVC2Z8742,CLM-2GWXR46RS7,PRV-52P4GQD2DS,PRV-52P4GQD2DS,2024-04-17,2024-04-17,SYNTH,EM-EST-4,[],1.0,,,['SYN-DX-01'],11,188.03,154.18,138.76
LN-NY2W9686S6,CLM-S46A75CW5T,PRV-CYX8UDJJ75,PRV-CYX8UDJJ75,2024-03-03,2024-03-03,SYNTH,EM-EST-2,[],1.0,,,['SYN-DX-01'],11,179.97,147.58,132.82
LN-2VTKQC2KH2,CLM-FDQ6RWD7BA,PRV-HC5CWNTSHD,PRV-HC5CWNTSHD,2024-04-07,2024-04-07,SYNTH,EM-EST-4,[],1.0,,,['SYN-DX-01'],11,185.69,152.27,137.04
LN-EGPUUJ49JG,CLM-HZGT7JLUMJ,PRV-R6UGAZC4XJ,PRV-R6UGAZC4XJ,2024-08-26,2024-08-26,SYNTH,HH-VISIT,[],1.0,45.0,,['SYN-DX-01'],12,151.25,124.02,111.62
LN-9VDJQK8CH2,CLM-DF8ERAXELF,PRV-CYX8UDJJ75,PRV-CYX8UDJJ75,2024-06-05,2024-06-05,SYNTH,EM-EST-4,[],1.0,,,['SYN-DX-01'],11,174.42,143.02,128.72
LN-VZZ5SQJ87N,CLM-LTZ6SWES5Q,PRV-DVP5UVKXMG,PRV-DVP5UVKXMG,2024-01-17,2024-01-17,SYNTH,EM-EST-3,[],1.0,,,['SYN-DX-01'],11,167.75,137.55,123.8
LN-3UQMJXYLL4,CLM-MUJSDKASMJ,PRV-52P4GQD2DS,PRV-52P4GQD2DS,2024-06-20,2024-06-20,SYNTH,EM-EST-2,[],1.0,,,['SYN-DX-01'],11,185.0,151.7,136.53
LN-AJM982E8R4,CLM-2FYU6JL4S8,PRV-52P4GQD2DS,PRV-52P4GQD2DS,2024-01-03,2024-01-03,SYNTH,EM-EST-5,[],1.0,,,['SYN-DX-01'],11,187.89,154.07,138.66
LN-CD2EFX4SLH,CLM-JNKVJX3QA6,PRV-EWJD2QDPA6,PRV-EWJD2QDPA6,2024-04-29,2024-04-29,SYNTH,EM-EST-2,[],1.0,,,['SYN-DX-01'],11,182.55,149.69,134.72
LN-2RJWJQTMPU,CLM-X7286URGB2,PRV-52P4GQD2DS,PRV-52P4GQD2DS,2024-04-23,2024-04-23,SYNTH,EM-EST-2,[],1.0,,,['SYN-DX-01'],11,200.1,164.08,147.67
LN-URTGQGMH7G,CLM-7544MY4Q6B,PRV-P8SZX5BYHL,PRV-P8SZX5BYHL,2024-07-13,2024-07-13,NDC-SYN,NDC-OPIOID-01,[],1.0,,,['SYN-DX-01'],11,169.69,139.15,125.24
LN-FMGU2EV75R,CLM-PLWWD3JSWN,PRV-9HWCXGYGRP,PRV-9HWCXGYGRP,2024-05-11,2024-05-11,SYNTH,PSY-45,[],1.0,45.0,,['SYN-DX-01'],11,199.95,163.96,147.56
LN-CCC67K99UU,CLM-48CVNXAZQS,PRV-DLK2K6289C,PRV-DLK2K6289C,2024-06-27,2024-06-27,SYNTH,LAB-GEN-01,[],1.0,,,['SYN-DX-01'],11,167.88,137.66,123.89
LN-U6DZNU58AP,CLM-85QG8TZAJF,PRV-LJD3M755ZS,PRV-LJD3M755ZS,2024-03-16,2024-03-16,HCPCS2,A0427,[],1.0,,,['SYN-DX-01'],41,9.33,7.65,6.89
LN-RUGXU59A7X,CLM-UDRU6TGCH8,PRV-2RBJKMU8EL,PRV-2RBJKMU8EL,2024-02-07,2024-02-07,HCPCS2,A0427,[],1.0,,,['SYN-DX-01'],41,9.17,7.52,6.77
LN-8NA3S8REHM,CLM-JNSJBVDFMM,PRV-F63QP3FKES,PRV-F63QP3FKES,2024-01-10,2024-01-10,SYNTH,ABA-60,[],1.0,60.0,,['SYN-DX-01'],11,172.47,141.43,127.29
LN-ZMDGVMP45J,CLM-5QRTBZTK3Z,PRV-R6UGAZC4XJ,PRV-R6UGAZC4XJ,2024-02-14,2024-02-14,SYNTH,HH-VISIT,[],1.0,45.0,,['SYN-DX-01'],12,165.01,135.31,121.78
LN-X9YX25E947,CLM-QZB5Y2G7NQ,PRV-ZU6YL2HNHH,PRV-ZU6YL2HNHH,2024-06-15,2024-06-15,SYNTH,HH-VISIT,[],1.0,45.0,,['SYN-DX-01'],12,156.85,128.62,115.76
LN-D3LL3W4BEE,CLM-U85C5Y49KR,PRV-CYX8UDJJ75,PRV-CYX8UDJJ75,2024-03-18,2024-03-18,SYNTH,EM-EST-2,[],1.0,,,['SYN-DX-01'],11,162.89,133.57,120.21
LN-MFU67NF3SW,CLM-AD9MAM9B44,PRV-P8SZX5BYHL,PRV-P8SZX5BYHL,2024-02-24,2024-02-24,NDC-SYN,NDC-OPIOID-01,[],1.0,,,['SYN-DX-01'],11,193.29,158.5,142.65
LN-X5VE3Z62M7,CLM-VXDV3EASZR,PRV-GZWKQRABYX,PRV-GZWKQRABYX,2024-01-27,2024-01-27,SYNTH,FAC-DAY,[],1.0,,,['SYN-DX-01'],21,195.36,160.2,144.18
LN-V9SP3LNFX7,CLM-WYQ7T5TVRG,PRV-HC5CWNTSHD,PRV-HC5CWNTSHD,2024-05-12,2024-05-12,SYNTH,EM-EST-2,[],1.0,,,['SYN-DX-01'],11,160.18,131.35,118.22
LN-RHA7Y4G3D3,CLM-JH47VMRQEQ,PRV-AEV55VW98C,PRV-AEV55VW98C,2024-04-19,2024-04-19,HCPCS2,A0425,[],28.0,,28.0,['SYN-DX-01'],41,255.11,209.19,188.27
LN-9ZDPBVXW45,CLM-KCWKGQ9Y95,PRV-EGMCSQWZE2,PRV-EGMCSQWZE2,2024-05-23,2024-05-23,SYNTH,PSY-45,[],1.0,45.0,,['SYN-DX-01'],11,171.69,140.79,126.71
LN-AZUNNW56RB,CLM-LH2HS2DZ57,PRV-DVP5UVKXMG,PRV-DVP5UVKXMG,2024-04-08,2024-04-08,SYNTH,EM-EST-3,[],1.0,,,['SYN-DX-01'],11,180.78,148.24,133.42
LN-6GVSSX4JTT,CLM-MPGMLKVHTQ,PRV-ZU6YL2HNHH,PRV-ZU6YL2HNHH,2024-05-12,2024-05-12,SYNTH,HH-VISIT,[],1.0,45.0,,['SYN-DX-01'],12,172.25,141.25,127.12
LN-C8S84LTPU8,CLM-SHPMXFPZUJ,PRV-GQ36BNJZ2W,PRV-GQ36BNJZ2W,2024-02-11,2024-02-11,SYNTH,HH-VISIT,[],1.0,45.0,,['SYN-DX-01'],12,166.53,136.55,122.9
LN-RCDA7STBGP,CLM-G6FX2AFEPH,PRV-ZU6YL2HNHH,PRV-ZU6YL2HNHH,2024-06-11,2024-06-11,SYNTH,HH-VISIT,[],1.0,45.0,,['SYN-DX-01'],12,173.04,141.89,127.7
LN-6TTBWPYEFR,CLM-SRJHGTXYAU,PRV-KGZA99WKKT,PRV-KGZA99WKKT,2024-02-16,2024-02-16,HCPCS2,A0425,[],4.0,,4.0,['SYN-DX-01'],41,34.1,27.96,25.16
LN-LXNV895ARH,CLM-AKGDA2PZME,PRV-R6UGAZC4XJ,PRV-R6UGAZC4XJ,2024-03-15,2024-03-15,SYNTH,HH-VISIT,[],1.0,45.0,,['SYN-DX-01'],12,174.48,143.07,128.76
LN-D2GK5WDN56,CLM-RS44GKDEMZ,PRV-96KL4VD67A,PRV-96KL4VD67A,2024-03-23,2024-03-23,SYNTH,LAB-GEN-01,[],1.0,,,['SYN-DX-01'],11,154.65,126.81,114.13
LN-86SMKVXLL2,CLM-D3UAUV7MCS,PRV-6LZYWNNT2J,PRV-6LZYWNNT2J,2024-05-19,2024-05-19,SYNTH,LAB-PNL-01,[],1.0,,,['SYN-DX-01'],11,184.82,151.55,136.4
LN-LERXM45LAK,CLM-43J4GWG4CE,PRV-GQ36BNJZ2W,PRV-GQ36BNJZ2W,2024-01-31,2024-01-31,SYNTH,HH-VISIT,[],1.0,45.0,,['SYN-DX-01'],12,187.8,154.0,138.6
LN-83RSNNGZA2,CLM-WZGSCGN4FZ,PRV-HC5CWNTSHD,PRV-HC5CWNTSHD,2024-06-11,2024-06-11,SYNTH,EM-EST-2,[],1.0,,,['SYN-DX-01'],11,193.57,158.73,142.86
LN-VVUFM4DNBG,CLM-ZKHKK4M78D,PRV-R6UGAZC4XJ,PRV-R6UGAZC4XJ,2024-07-21,2024-07-21,SYNTH,HH-VISIT,[],1.0,45.0,,['SYN-DX-01'],12,183.59,150.54,135.49
LN-TXE98F67V3,CLM-S7RVGDJGTV,PRV-5AE63K9XH5,PRV-5AE63K9XH5,2024-01-25,2024-01-25,SYNTH,HH-VISIT,[],1.0,45.0,,['SYN-DX-01'],12,171.74,140.83,126.75
LN-VPNTVUBBWG,CLM-NSD8QFNR25,PRV-CYX8UDJJ75,PRV-CYX8UDJJ75,2024-01-30,2024-01-30,SYNTH,EM-EST-3,[],1.0,,,['SYN-DX-01'],11,179.41,147.12,132.41
LN-KUV9JFBJ7M,CLM-7YNC55YJ88,PRV-KB3DDTGVSY,PRV-KB3DDTGVSY,2024-04-06,2024-04-06,SYNTH,DME-CATH,[],1.0,,,['SYN-DX-01'],12,183.96,150.85,135.76
LN-J5G38JKT6N,CLM-3BQFCJA697,PRV-HC5CWNTSHD,PRV-HC5CWNTSHD,2024-03-05,2024-03-05,SYNTH,EM-EST-2,[],1.0,,,['SYN-DX-01'],11,191.04,156.65,140.99
LN-27B2FAJXMT,CLM-2PTKJHQ2FE,PRV-CYX8UDJJ75,PRV-CYX8UDJJ75,2024-02-11,2024-02-11,SYNTH,EM-EST-3,[],1.0,,,['SYN-DX-01'],11,188.58,154.64,139.18
LN-97A2NVYMXB,CLM-DPNE87WH3J,PRV-EWJD2QDPA6,PRV-EWJD2QDPA6,2024-01-12,2024-01-12,SYNTH,EM-EST-4,[],1.0,,,['SYN-DX-01'],11,201.18,164.97,148.47
LN-3GMT84LJFW,CLM-5Z369F5ZEB,PRV-ZU6YL2HNHH,PRV-ZU6YL2HNHH,2024-07-11,2024-07-11,SYNTH,HH-VISIT,[],1.0,45.0,,['SYN-DX-01'],12,151.57,124.29,111.86
LN-Z56YZW8MJS,CLM-AF58CERLJF,PRV-9HWCXGYGRP,PRV-9HWCXGYGRP,2024-05-04,2024-05-04,SYNTH,ABA-60,[],1.0,60.0,,['SYN-DX-01'],11,188.15,154.28,138.85
LN-56564NTDZA,CLM-7LXWS8ANWX,PRV-KGZA99WKKT,PRV-KGZA99WKKT,2024-08-08,2024-08-08,HCPCS2,A0427,[],1.0,,,['SYN-DX-01'],41,8.9,7.3,6.57
LN-GRAEZDHGXG,CLM-5GEMMASMHC,PRV-96KL4VD67A,PRV-96KL4VD67A,2024-06-28,2024-06-28,SYNTH,LAB-PNL-01,[],1.0,,,['SYN-DX-01'],11,199.79,163.83,147.45
LN-MR3W3Z4Z58,CLM-SUPFV9UWXJ,PRV-52P4GQD2DS,PRV-52P4GQD2DS,2024-06-12,2024-06-12,SYNTH,EM-EST-4,[],1.0,,,['SYN-DX-01'],11,189.5,155.39,139.85
LN-LF95A23QYZ,CLM-Y88DGHA39Q,PRV-DVP5UVKXMG,PRV-DVP5UVKXMG,2024-04-28,2024-04-28,SYNTH,EM-EST-3,[],1.0,,,['SYN-DX-01'],11,167.85,137.64,123.88
LN-NG2KV5KGCS,CLM-9CT97PAP9D,PRV-TTYMZNZQCD,PRV-TTYMZNZQCD,2024-06-07,2024-06-07,SYNTH,LAB-PNL-01,[],1.0,,,['SYN-DX-01'],11,198.27,162.58,146.32
LN-EJJJNFNLNW,CLM-5JSG2PACLK,PRV-LEVZRZGE33,PRV-LEVZRZGE33,2024-07-06,2024-07-06,SYNTH,FAC-DAY,[],1.0,,,['SYN-DX-01'],21,205.8,168.76,151.88
LN-8PCXUKR25N,CLM-KPXGA2JLZ5,PRV-R6UGAZC4XJ,PRV-R6UGAZC4XJ,2024-04-24,2024-04-24,SYNTH,HH-VISIT,[],1.0,45.0,,['SYN-DX-01'],12,186.02,152.54,137.29
LN-NN3SAMNX44,CLM-U5D98LHKS7,PRV-EGMCSQWZE2,PRV-EGMCSQWZE2,2024-04-29,2024-04-29,SYNTH,ABA-60,[],1.0,60.0,,['SYN-DX-01'],11,160.23,131.39,118.25
LN-B5P6FEAU3T,CLM-4Q8RNHKPS8,PRV-DVP5UVKXMG,PRV-DVP5UVKXMG,2024-04-16,2024-04-16,SYNTH,EM-EST-5,[],1.0,,,['SYN-DX-01'],11,176.05,144.36,129.92
LN-RUQQDCFQLY,CLM-YF7PS2KJN6,PRV-DVP5UVKXMG,PRV-DVP5UVKXMG,2024-07-17,2024-07-17,SYNTH,EM-EST-4,[],1.0,,,['SYN-DX-01'],11,178.59,146.44,131.8
LN-62B3PWAY5M,CLM-9874BVLTY8,PRV-HC5CWNTSHD,PRV-HC5CWNTSHD,2024-03-01,2024-03-01,SYNTH,EM-EST-2,[],1.0,,,['SYN-DX-01'],11,189.99,155.79,140.21
LN-9Z4499HVXW,CLM-T9VMALHU9H,PRV-HC5CWNTSHD,PRV-HC5CWNTSHD,2024-04-16,2024-04-16,SYNTH,EM-EST-2,[],1.0,,,['SYN-DX-01'],11,175.64,144.02,129.62
LN-XKN75K94MF,CLM-TPU2ZKE7PP,PRV-P8SZX5BYHL,PRV-P8SZX5BYHL,2024-04-26,2024-04-26,NDC-SYN,NDC-OPIOID-01,[],1.0,,,['SYN-DX-01'],11,77.28,67.62,64.4
LN-C4P8N9VR77,CLM-XLJDAT9BXG,PRV-P8SZX5BYHL,PRV-P8SZX5BYHL,2024-04-26,2024-04-26,NDC-SYN,NDC-OPIOID-01,[],1.0,,,['SYN-DX-01'],11,76.93,67.32,64.11
LN-F7WAP6VLH9,CLM-N66JKFQQ4U,PRV-P8SZX5BYHL,PRV-P8SZX5BYHL,2024-06-05,2024-06-05,NDC-SYN,NDC-OPIOID-01,[],1.0,,,['SYN-DX-01'],11,84.36,73.81,70.3
LN-XNM3M6S8RF,CLM-V6X4GXWRRF,PRV-P8SZX5BYHL,PRV-P8SZX5BYHL,2024-06-05,2024-06-05,NDC-SYN,NDC-OPIOID-01,['JW'],1.0,,,['SYN-DX-01'],11,86.16,75.39,71.8
LN-JAKFH5F6XY,CLM-9YZW99CKKN,PRV-52P4GQD2DS,PRV-52P4GQD2DS,2024-04-03,2024-04-03,SYNTH,EM-EST-5,[],1.0,,,['SYN-DX-01'],11,264.0,231.0,220.0
LN-V6PA7UWPXH,CLM-GELLTUEU4W,PRV-52P4GQD2DS,PRV-52P4GQD2DS,2024-06-28,2024-06-28,SYNTH,EM-EST-5,[],1.0,,,['SYN-DX-01'],11,264.0,231.0,220.0
LN-XLC3C4N8YC,CLM-YTLT4URYBM,PRV-52P4GQD2DS,PRV-52P4GQD2DS,2024-05-31,2024-05-31,SYNTH,EM-EST-5,[],1.0,,,['SYN-DX-01'],11,264.0,231.0,220.0
LN-XQJVXH29KC,CLM-ZYHLW7S3PU,PRV-52P4GQD2DS,PRV-52P4GQD2DS,2024-07-09,2024-07-09,SYNTH,EM-EST-5,[],1.0,,,['SYN-DX-01'],11,264.0,231.0,220.0
LN-DHA7W47QXJ,CLM-34P4DE2F9L,PRV-52P4GQD2DS,PRV-52P4GQD2DS,2024-07-22,2024-07-22,SYNTH,EM-EST-5,[],1.0,,,['SYN-DX-01'],11,264.0,231.0,220.0
LN-TRAVMPSZ26,CLM-R3U7MFJBXY,PRV-52P4GQD2DS,PRV-52P4GQD2DS,2024-06-06,2024-06-06,SYNTH,EM-EST-5,[],1.0,,,['SYN-DX-01'],11,264.0,231.0,220.0
LN-CNAFJDNE4W,CLM-EQM684GMNB,PRV-52P4GQD2DS,PRV-52P4GQD2DS,2024-03-24,2024-03-24,SYNTH,EM-EST-5,[],1.0,,,['SYN-DX-01'],11,264.0,231.0,220.0
LN-4T8N66XQBZ,CLM-QBZGLYZKFF,PRV-52P4GQD2DS,PRV-52P4GQD2DS,2024-05-24,2024-05-24,SYNTH,EM-EST-5,[],1.0,,,['SYN-DX-01'],11,264.0,231.0,220.0
LN-5ZRUAFQM84,CLM-3LUYNMDBYM,PRV-52P4GQD2DS,PRV-52P4GQD2DS,2024-07-30,2024-07-30,SYNTH,EM-EST-5,[],1.0,,,['SYN-DX-01'],11,264.0,231.0,220.0
LN-SHZP6587FJ,CLM-NAQ3UGBEAJ,PRV-52P4GQD2DS,PRV-52P4GQD2DS,2024-05-12,2024-05-12,SYNTH,EM-EST-5,[],1.0,,,['SYN-DX-01'],11,264.0,231.0,220.0
LN-UC8YD2A86A,CLM-MEUBC2SLNW,PRV-52P4GQD2DS,PRV-52P4GQD2DS,2024-04-09,2024-04-09,SYNTH,EM-EST-5,[],1.0,,,['SYN-DX-01'],11,264.0,231.0,220.0
LN-888EEJ4ZVC,CLM-6V225VHEJN,PRV-52P4GQD2DS,PRV-52P4GQD2DS,2024-07-04,2024-07-04,SYNTH,EM-EST-5,[],1.0,,,['SYN-DX-01'],11,264.0,231.0,220.0
LN-Q3XCUG7VWH,CLM-DBCLQKJJLP,PRV-52P4GQD2DS,PRV-52P4GQD2DS,2024-04-03,2024-04-03,SYNTH,EM-EST-5,[],1.0,,,['SYN-DX-01'],11,264.0,231.0,220.0
LN-FJTHW7N5N7,CLM-YYLPBQ69VH,PRV-52P4GQD2DS,PRV-52P4GQD2DS,2024-02-18,2024-02-18,SYNTH,EM-EST-5,[],1.0,,,['SYN-DX-01'],11,264.0,231.0,220.0
LN-GZ2YPJSQ7B,CLM-ZCQLHLVESQ,PRV-52P4GQD2DS,PRV-52P4GQD2DS,2024-02-02,2024-02-02,SYNTH,EM-EST-5,[],1.0,,,['SYN-DX-01'],11,264.0,231.0,220.0
LN-5P7VSUE6HD,CLM-YTH59WSSB5,PRV-52P4GQD2DS,PRV-52P4GQD2DS,2024-08-11,2024-08-11,SYNTH,EM-EST-5,[],1.0,,,['SYN-DX-01'],11,264.0,231.0,220.0
LN-HUQK8FEW3H,CLM-DSVN499GLY,PRV-52P4GQD2DS,PRV-52P4GQD2DS,2024-07-10,2024-07-10,SYNTH,EM-EST-5,[],1.0,,,['SYN-DX-01'],11,264.0,231.0,220.0
LN-VLBY8NT8M8,CLM-74JSCK4HCZ,PRV-52P4GQD2DS,PRV-52P4GQD2DS,2024-03-13,2024-03-13,SYNTH,EM-EST-5,[],1.0,,,['SYN-DX-01'],11,264.0,231.0,220.0
LN-THRU3GDHND,CLM-FTN4LTDP5M,PRV-HC5CWNTSHD,PRV-HC5CWNTSHD,2024-02-10,2024-02-10,SYNTH,EM-EST-3,[],1.0,,,['SYN-DX-01'],11,180.0,157.5,150.0
LN-BXNC3PT6K6,CLM-DQN3RU8WXH,PRV-HC5CWNTSHD,PRV-HC5CWNTSHD,2024-02-16,2024-02-16,SYNTH,EM-EST-3,[],1.0,,,['SYN-DX-01'],11,198.0,173.25,165.0
LN-Z92BCT4SRW,CLM-6Y7ZGYSE6L,PRV-HC5CWNTSHD,PRV-HC5CWNTSHD,2024-02-22,2024-02-22,SYNTH,EM-EST-3,[],1.0,,,['SYN-DX-01'],11,216.0,189.0,180.0
LN-2F83GG7EKU,CLM-QCLVBWD6H2,PRV-HC5CWNTSHD,PRV-HC5CWNTSHD,2024-02-28,2024-02-28,SYNTH,EM-EST-3,[],1.0,,,['SYN-DX-01'],11,234.0,204.75,195.0
LN-3G3NUFSBAS,CLM-TFBDREGMQK,PRV-HC5CWNTSHD,PRV-HC5CWNTSHD,2024-03-05,2024-03-05,SYNTH,EM-EST-4,[],1.0,,,['SYN-DX-01'],11,252.0,220.5,210.0
LN-5RXCCHN9BA,CLM-WHSM6CY9LM,PRV-HC5CWNTSHD,PRV-HC5CWNTSHD,2024-03-11,2024-03-11,SYNTH,EM-EST-4,[],1.0,,,['SYN-DX-01'],11,270.0,236.25,225.0
LN-VBCS45JJHY,CLM-C564Z6P34J,PRV-HC5CWNTSHD,PRV-HC5CWNTSHD,2024-03-17,2024-03-17,SYNTH,EM-EST-4,[],1.0,,,['SYN-DX-01'],11,288.0,252.0,240.0
LN-5696SSXNYX,CLM-RAK98HNKFU,PRV-HC5CWNTSHD,PRV-HC5CWNTSHD,2024-03-23,2024-03-23,SYNTH,EM-EST-4,[],1.0,,,['SYN-DX-01'],11,306.0,267.75,255.0
LN-X4ZK57724B,CLM-62422YQLNM,PRV-HC5CWNTSHD,PRV-HC5CWNTSHD,2024-03-29,2024-03-29,SYNTH,EM-EST-5,[],1.0,,,['SYN-DX-01'],11,324.0,283.5,270.0
LN-VMWB7FANQE,CLM-ZNKLNVL55L,PRV-HC5CWNTSHD,PRV-HC5CWNTSHD,2024-04-04,2024-04-04,SYNTH,EM-EST-5,[],1.0,,,['SYN-DX-01'],11,342.0,299.25,285.0
LN-XWEVBXUCPR,CLM-LPSXLSDJ4J,PRV-HC5CWNTSHD,PRV-HC5CWNTSHD,2024-04-10,2024-04-10,SYNTH,EM-EST-5,[],1.0,,,['SYN-DX-01'],11,360.0,315.0,300.0
LN-2NUXVX4RMX,CLM-MR3RVPBSXP,PRV-HC5CWNTSHD,PRV-HC5CWNTSHD,2024-04-16,2024-04-16,SYNTH,EM-EST-5,[],1.0,,,['SYN-DX-01'],11,378.0,330.75,315.0
LN-Q66M9PYAED,CLM-T8X3VLGD6F,PRV-HC5CWNTSHD,PRV-HC5CWNTSHD,2024-04-22,2024-04-22,SYNTH,EM-EST-5,[],1.0,,,['SYN-DX-01'],11,396.0,346.5,330.0
LN-LESLNFJR36,CLM-FV2ARBM3JS,PRV-HC5CWNTSHD,PRV-HC5CWNTSHD,2024-04-28,2024-04-28,SYNTH,EM-EST-5,[],1.0,,,['SYN-DX-01'],11,414.0,362.25,345.0
LN-VW9FYN8MNC,CLM-YRWYMJ2NPV,PRV-HC5CWNTSHD,PRV-HC5CWNTSHD,2024-05-04,2024-05-04,SYNTH,EM-EST-5,[],1.0,,,['SYN-DX-01'],11,432.0,378.0,360.0
LN-3JKXCYNBMD,CLM-XZB6Y4M2F9,PRV-HC5CWNTSHD,PRV-HC5CWNTSHD,2024-05-10,2024-05-10,SYNTH,EM-EST-5,[],1.0,,,['SYN-DX-01'],11,450.0,393.75,375.0
LN-EWTXR7KQAB,CLM-RXEECWL46G,PRV-DLK2K6289C,PRV-DLK2K6289C,2024-04-17,2024-04-17,SYNTH,LAB-PNL-01,[],1.0,,,['SYN-DX-01'],11,108.0,94.5,90.0
LN-GSXQYGFNK5,CLM-AKEJ4CZZDP,PRV-DLK2K6289C,PRV-DLK2K6289C,2024-04-17,2024-04-17,SYNTH,LAB-CMP-03,[],1.0,,,['SYN-DX-01'],11,48.0,42.0,40.0
LN-T78KS7P928,CLM-2RXZLRP9ST,PRV-AEV55VW98C,PRV-AEV55VW98C,2024-05-28,2024-05-28,HCPCS2,A0425,[],310.0,,310,['SYN-DX-01'],41,3360.0,2940.0,2800.0
LN-X7JGZ6FW6A,CLM-HTG4NXM6BB,PRV-AEV55VW98C,PRV-AEV55VW98C,2024-07-23,2024-07-23,HCPCS2,A0425,[],160.0,,160,['SYN-DX-01'],41,1680.0,1470.0,1400.0
LN-6C3WYJQ6DJ,CLM-3UJDRWPQZY,PRV-AEV55VW98C,PRV-AEV55VW98C,2024-07-23,2024-07-23,HCPCS2,A0425,[],140.0,,140,['SYN-DX-01'],41,1440.0,1260.0,1200.0
LN-H4NBKE6966,CLM-67GKGWVFP3,PRV-FYQT8W8H8G,PRV-FYQT8W8H8G,2024-03-03,2024-03-03,SYNTH,DME-CATH,[],1.0,,,['SYN-DX-01'],12,372.0,325.5,310.0
LN-PDRAWKU7PH,CLM-ALUSAXPCAM,PRV-AEV55VW98C,PRV-AEV55VW98C,2024-08-08,2024-08-08,HCPCS2,A0425,[],22.0,90,22,['SYN-DX-01'],41,480.0,420.0,400.0
LN-FL87C473XS,CLM-5MM5APWULW,PRV-AEV55VW98C,PRV-AEV55VW98C,2024-08-08,2024-08-08,HCPCS2,A0425,[],30.0,90,30,['SYN-DX-01'],41,576.0,504.0,480.0
LN-JDZ7W7LQWL,CLM-XF5PWP6GVR,PRV-9HWCXGYGRP,PRV-9HWCXGYGRP,2024-04-13,2024-04-13,SYNTH,PSY-60,[],1.0,60,,['SYN-DX-01'],11,114.0,99.75,95.0
LN-C8BC6BDVNV,CLM-6L7ETQWDSQ,PRV-9HWCXGYGRP,PRV-9HWCXGYGRP,2024-04-13,2024-04-13,SYNTH,PSY-60,[],1.0,60,,['SYN-DX-01'],11,114.0,99.75,95.0
LN-XLXUM6RBSC,CLM-7RBQ7YX4HX,PRV-9HWCXGYGRP,PRV-9HWCXGYGRP,2024-04-13,2024-04-13,SYNTH,PSY-60,[],1.0,60,,['SYN-DX-01'],11,114.0,99.75,95.0
LN-VXJC3LH476,CLM-QZTTQDFKKQ,PRV-9HWCXGYGRP,PRV-9HWCXGYGRP,2024-04-13,2024-04-13,SYNTH,PSY-60,[],1.0,60,,['SYN-DX-01'],11,114.0,99.75,95.0
LN-NVZTGK4GE9,CLM-HVQDTCYZS8,PRV-9HWCXGYGRP,PRV-9HWCXGYGRP,2024-04-13,2024-04-13,SYNTH,PSY-60,[],1.0,60,,['SYN-DX-01'],11,114.0,99.75,95.0
LN-MKZBWTKXKE,CLM-LDNDRUQK49,PRV-9HWCXGYGRP,PRV-9HWCXGYGRP,2024-04-13,2024-04-13,SYNTH,PSY-60,[],1.0,60,,['SYN-DX-01'],11,114.0,99.75,95.0
LN-WNEFEHDU46,CLM-X4MYW9KXYF,PRV-9HWCXGYGRP,PRV-9HWCXGYGRP,2024-04-13,2024-04-13,SYNTH,PSY-60,[],1.0,60,,['SYN-DX-01'],11,114.0,99.75,95.0
LN-VANC5Q9SA2,CLM-59EYWF6J58,PRV-9HWCXGYGRP,PRV-9HWCXGYGRP,2024-04-13,2024-04-13,SYNTH,PSY-60,[],1.0,60,,['SYN-DX-01'],11,114.0,99.75,95.0
LN-VV9NQV8DV4,CLM-SKCNZZKRM4,PRV-9HWCXGYGRP,PRV-9HWCXGYGRP,2024-04-13,2024-04-13,SYNTH,PSY-60,[],1.0,60,,['SYN-DX-01'],11,114.0,99.75,95.0
LN-RZGR6TMZB6,CLM-Y6B9UXYB2T,PRV-9HWCXGYGRP,PRV-9HWCXGYGRP,2024-04-13,2024-04-13,SYNTH,PSY-60,[],1.0,60,,['SYN-DX-01'],11,114.0,99.75,95.0
LN-PF2LHAGTX8,CLM-4SUF6LL3HA,PRV-9HWCXGYGRP,PRV-9HWCXGYGRP,2024-04-13,2024-04-13,SYNTH,PSY-60,[],1.0,60,,['SYN-DX-01'],11,114.0,99.75,95.0
LN-ZLE757D3UC,CLM-AKJU6QZ4Q2,PRV-9HWCXGYGRP,PRV-9HWCXGYGRP,2024-04-13,2024-04-13,SYNTH,PSY-60,[],1.0,60,,['SYN-DX-01'],11,114.0,99.75,95.0
LN-PPRKSHM7K2,CLM-LE58MHHJ3E,PRV-9HWCXGYGRP,PRV-9HWCXGYGRP,2024-04-13,2024-04-13,SYNTH,PSY-60,[],1.0,60,,['SYN-DX-01'],11,114.0,99.75,95.0
LN-WR9AN9GMLW,CLM-MWZQJAYU2A,PRV-9HWCXGYGRP,PRV-9HWCXGYGRP,2024-04-13,2024-04-13,SYNTH,PSY-60,[],1.0,60,,['SYN-DX-01'],11,114.0,99.75,95.0
LN-9T7WXEES2N,CLM-7SVAGKXBB7,PRV-9HWCXGYGRP,PRV-9HWCXGYGRP,2024-04-13,2024-04-13,SYNTH,PSY-60,[],1.0,60,,['SYN-DX-01'],11,114.0,99.75,95.0
LN-79FTKGZLGT,CLM-GJYYPN89ER,PRV-9HWCXGYGRP,PRV-9HWCXGYGRP,2024-04-13,2024-04-13,SYNTH,PSY-60,[],1.0,60,,['SYN-DX-01'],11,114.0,99.75,95.0
LN-NJQXKUQBNM,CLM-MJEH5PVAGE,PRV-9HWCXGYGRP,PRV-9HWCXGYGRP,2024-04-13,2024-04-13,SYNTH,PSY-60,[],1.0,60,,['SYN-DX-01'],11,114.0,99.75,95.0
LN-3KK5MAW5N9,CLM-CEG65GE793,PRV-9HWCXGYGRP,PRV-9HWCXGYGRP,2024-04-13,2024-04-13,SYNTH,PSY-60,[],1.0,60,,['SYN-DX-01'],11,114.0,99.75,95.0
LN-3GM4LBWUB4,CLM-CV6DRUCGWM,PRV-9HWCXGYGRP,PRV-9HWCXGYGRP,2024-04-13,2024-04-13,SYNTH,PSY-60,[],1.0,60,,['SYN-DX-01'],11,114.0,99.75,95.0
LN-CNF5P7AAFV,CLM-P8BW8MV45T,PRV-9HWCXGYGRP,PRV-9HWCXGYGRP,2024-04-13,2024-04-13,SYNTH,PSY-60,[],1.0,60,,['SYN-DX-01'],11,114.0,99.75,95.0
LN-8R9Z5RN32M,CLM-6N3UW4SWFZ,PRV-9HWCXGYGRP,PRV-9HWCXGYGRP,2024-04-13,2024-04-13,SYNTH,PSY-60,[],1.0,60,,['SYN-DX-01'],11,114.0,99.75,95.0
LN-XSW6Y947B5,CLM-ZGYKJNQ24N,PRV-9HWCXGYGRP,PRV-9HWCXGYGRP,2024-04-13,2024-04-13,SYNTH,PSY-60,[],1.0,60,,['SYN-DX-01'],11,114.0,99.75,95.0
LN-CBRG9E3SST,CLM-S6SFYF4M2V,PRV-9HWCXGYGRP,PRV-9HWCXGYGRP,2024-04-13,2024-04-13,SYNTH,PSY-60,[],1.0,60,,['SYN-DX-01'],11,114.0,99.75,95.0
LN-YKQEFXKGDX,CLM-Q5NSSVKNXL,PRV-9HWCXGYGRP,PRV-9HWCXGYGRP,2024-04-13,2024-04-13,SYNTH,PSY-60,[],1.0,60,,['SYN-DX-01'],11,114.0,99.75,95.0
LN-KA2M67GKKX,CLM-MLATU9KQ4P,PRV-9HWCXGYGRP,PRV-9HWCXGYGRP,2024-04-13,2024-04-13,SYNTH,PSY-60,[],1.0,60,,['SYN-DX-01'],11,114.0,99.75,95.0
LN-FL7YS8DABV,CLM-XK3WP83TMV,PRV-9HWCXGYGRP,PRV-9HWCXGYGRP,2024-04-13,2024-04-13,SYNTH,PSY-60,[],1.0,60,,['SYN-DX-01'],11,114.0,99.75,95.0
LN-279EHLGXKX,CLM-N464K82X9K,PRV-9HWCXGYGRP,PRV-9HWCXGYGRP,2024-04-13,2024-04-13,SYNTH,PSY-60,[],1.0,60,,['SYN-DX-01'],11,114.0,99.75,95.0
LN-UVMZHF7L4K,CLM-FAE2TSMQJY,PRV-9HWCXGYGRP,PRV-9HWCXGYGRP,2024-04-13,2024-04-13,SYNTH,PSY-60,[],1.0,60,,['SYN-DX-01'],11,114.0,99.75,95.0
LN-462FEA9DQ6,CLM-43V7CYGRHV,PRV-9HWCXGYGRP,PRV-9HWCXGYGRP,2024-01-01,2024-01-01,SYNTH,ABA-60,[],1.0,60,,['SYN-DX-01'],11,132.0,115.5,110.0
LN-5NVBSDWFTZ,CLM-7P45NMQXFU,PRV-5AE63K9XH5,PRV-5AE63K9XH5,2024-05-17,2024-05-17,SYNTH,HH-VISIT,[],1.0,60,,['SYN-DX-01'],12,105.6,92.4,88.0
LN-CVGLYFGL96,CLM-BPRELW7PAQ,PRV-5AE63K9XH5,PRV-5AE63K9XH5,2024-03-01,2024-03-01,SYNTH,HH-VISIT,[],1.0,45,,['SYN-DX-01'],12,110.4,96.6,92.0
LN-Y6NQP2KTKB,CLM-WSSLMUBMX8,PRV-5AE63K9XH5,PRV-5AE63K9XH5,2024-03-02,2024-03-02,SYNTH,HH-VISIT,[],1.0,45,,['SYN-DX-01'],12,110.4,96.6,92.0
LN-WAKERBPJVZ,CLM-P66W3VKKG6,PRV-5AE63K9XH5,PRV-5AE63K9XH5,2024-03-03,2024-03-03,SYNTH,HH-VISIT,[],1.0,45,,['SYN-DX-01'],12,110.4,96.6,92.0
LN-QQUMJLGPPA,CLM-DDJPE4WZZX,PRV-5AE63K9XH5,PRV-5AE63K9XH5,2024-03-04,2024-03-04,SYNTH,HH-VISIT,[],1.0,45,,['SYN-DX-01'],12,110.4,96.6,92.0
LN-QLDYKMW6F4,CLM-5QK28PFEA6,PRV-5AE63K9XH5,PRV-5AE63K9XH5,2024-03-05,2024-03-05,SYNTH,HH-VISIT,[],1.0,45,,['SYN-DX-01'],12,110.4,96.6,92.0
LN-3RY9KEZYXX,CLM-X4ZUKU6MQE,PRV-5AE63K9XH5,PRV-5AE63K9XH5,2024-03-06,2024-03-06,SYNTH,HH-VISIT,[],1.0,45,,['SYN-DX-01'],12,110.4,96.6,92.0
LN-JXHFXW4QU5,CLM-M42LGV2SY5,PRV-5AE63K9XH5,PRV-5AE63K9XH5,2024-03-07,2024-03-07,SYNTH,HH-VISIT,[],1.0,45,,['SYN-DX-01'],12,110.4,96.6,92.0
LN-44UUDVZF8U,CLM-9XF66QHRMQ,PRV-5AE63K9XH5,PRV-5AE63K9XH5,2024-03-08,2024-03-08,SYNTH,HH-VISIT,[],1.0,45,,['SYN-DX-01'],12,110.4,96.6,92.0
LN-3X75NNUZ5X,CLM-96R7L5WWNR,PRV-5AE63K9XH5,PRV-5AE63K9XH5,2024-03-09,2024-03-09,SYNTH,HH-VISIT,[],1.0,45,,['SYN-DX-01'],12,110.4,96.6,92.0
LN-M9GH99FWB9,CLM-KYWT5TELEM,PRV-5AE63K9XH5,PRV-5AE63K9XH5,2024-03-10,2024-03-10,SYNTH,HH-VISIT,[],1.0,45,,['SYN-DX-01'],12,110.4,96.6,92.0
LN-UJT6L5M2YB,CLM-4PYJCZLB95,PRV-5AE63K9XH5,PRV-5AE63K9XH5,2024-03-11,2024-03-11,SYNTH,HH-VISIT,[],1.0,45,,['SYN-DX-01'],12,110.4,96.6,92.0
LN-ZFPST2FGWK,CLM-WTEEMU5BPB,PRV-5AE63K9XH5,PRV-5AE63K9XH5,2024-03-12,2024-03-12,SYNTH,HH-VISIT,[],1.0,45,,['SYN-DX-01'],12,110.4,96.6,92.0
LN-T8ERLSDW9T,CLM-MGLX79QXY7,PRV-5AE63K9XH5,PRV-5AE63K9XH5,2024-03-13,2024-03-13,SYNTH,HH-VISIT,[],1.0,45,,['SYN-DX-01'],12,110.4,96.6,92.0
LN-DRNVUH485D,CLM-4HL83TT2R9,PRV-5AE63K9XH5,PRV-5AE63K9XH5,2024-03-14,2024-03-14,SYNTH,HH-VISIT,[],1.0,45,,['SYN-DX-01'],12,110.4,96.6,92.0
LN-84DWETREDX,CLM-U6AZMJECV4,PRV-5AE63K9XH5,PRV-5AE63K9XH5,2024-03-15,2024-03-15,SYNTH,HH-VISIT,[],1.0,45,,['SYN-DX-01'],12,110.4,96.6,92.0
LN-R638WK8DTT,CLM-MUHSYHWRR3,PRV-5AE63K9XH5,PRV-5AE63K9XH5,2024-03-16,2024-03-16,SYNTH,HH-VISIT,[],1.0,45,,['SYN-DX-01'],12,110.4,96.6,92.0
LN-VXXS8WUB7B,CLM-7GKU45QZ95,PRV-5AE63K9XH5,PRV-5AE63K9XH5,2024-03-17,2024-03-17,SYNTH,HH-VISIT,[],1.0,45,,['SYN-DX-01'],12,110.4,96.6,92.0
LN-S4VUDLB796,CLM-JH9Y6DEHT3,PRV-5AE63K9XH5,PRV-5AE63K9XH5,2024-03-18,2024-03-18,SYNTH,HH-VISIT,[],1.0,45,,['SYN-DX-01'],12,110.4,96.6,92.0
LN-Z844CJ4KJL,CLM-XRZVWWM5PL,PRV-5AE63K9XH5,PRV-5AE63K9XH5,2024-03-19,2024-03-19,SYNTH,HH-VISIT,[],1.0,45,,['SYN-DX-01'],12,110.4,96.6,92.0
LN-BBC5FXJAXC,CLM-EGUD6WUAVE,PRV-5AE63K9XH5,PRV-5AE63K9XH5,2024-03-20,2024-03-20,SYNTH,HH-VISIT,[],1.0,45,,['SYN-DX-01'],12,110.4,96.6,92.0
LN-BESB62MHBC,CLM-G863ZRB962,PRV-5AE63K9XH5,PRV-5AE63K9XH5,2024-03-21,2024-03-21,SYNTH,HH-VISIT,[],1.0,45,,['SYN-DX-01'],12,110.4,96.6,92.0
LN-FVWL3XS8SF,CLM-VWXVCGN89N,PRV-5AE63K9XH5,PRV-5AE63K9XH5,2024-03-22,2024-03-22,SYNTH,HH-VISIT,[],1.0,45,,['SYN-DX-01'],12,110.4,96.6,92.0
LN-F4E3NNFHQF,CLM-ESWC2PLPZC,PRV-5AE63K9XH5,PRV-5AE63K9XH5,2024-03-23,2024-03-23,SYNTH,HH-VISIT,[],1.0,45,,['SYN-DX-01'],12,110.4,96.6,92.0
LN-BPNJA8WBJ3,CLM-DAUKY384UX,PRV-5AE63K9XH5,PRV-5AE63K9XH5,2024-03-24,2024-03-24,SYNTH,HH-VISIT,[],1.0,45,,['SYN-DX-01'],12,110.4,96.6,92.0
LN-QEY25VXBRK,CLM-PJA2XY4Y74,PRV-5AE63K9XH5,PRV-5AE63K9XH5,2024-03-25,2024-03-25,SYNTH,HH-VISIT,[],1.0,45,,['SYN-DX-01'],12,110.4,96.6,92.0
LN-HTWVPJE464,CLM-ES6MTWQCUS,PRV-5AE63K9XH5,PRV-5AE63K9XH5,2024-03-26,2024-03-26,SYNTH,HH-VISIT,[],1.0,45,,['SYN-DX-01'],12,110.4,96.6,92.0
LN-LAV9DZ88C9,CLM-PJ45YGUXC9,PRV-5AE63K9XH5,PRV-5AE63K9XH5,2024-03-27,2024-03-27,SYNTH,HH-VISIT,[],1.0,45,,['SYN-DX-01'],12,110.4,96.6,92.0
LN-47HBP6WUCG,CLM-K67H5Q87L8,PRV-5AE63K9XH5,PRV-5AE63K9XH5,2024-03-28,2024-03-28,SYNTH,HH-VISIT,[],1.0,45,,['SYN-DX-01'],12,110.4,96.6,92.0
LN-SGFZX2WNRE,CLM-FD99XEJQNS,PRV-GG7BBL7G9L,PRV-GG7BBL7G9L,2024-04-05,2024-04-05,SYNTH,EM-EST-3,[],1.0,,,['SYN-DX-01'],11,156.0,136.5,130.0
LN-7PUHCXB7V2,CLM-S5YN337FBX,PRV-4GHMRGCDAW,PRV-52P4GQD2DS,2024-02-10,2024-02-10,SYNTH,DME-CATH,[],1.0,,,['SYN-DX-01'],12,114.0,99.75,95.0
LN-TMFPNDX7YS,CLM-KF2TJCNG9L,PRV-ZVARQVCWQQ,PRV-52P4GQD2DS,2024-02-11,2024-02-11,SYNTH,DME-CATH,[],1.0,,,['SYN-DX-01'],12,114.0,99.75,95.0
LN-62YW9TRUNJ,CLM-DWNQHD5SV8,PRV-HUT9JJ4X7T,PRV-52P4GQD2DS,2024-02-12,2024-02-12,SYNTH,DME-CATH,[],1.0,,,['SYN-DX-01'],12,114.0,99.75,95.0
LN-VL894RHKPT,CLM-6ZJKDRZBT3,PRV-4GHMRGCDAW,PRV-52P4GQD2DS,2024-02-13,2024-02-13,SYNTH,DME-CATH,[],1.0,,,['SYN-DX-01'],12,114.0,99.75,95.0
LN-QTCEZ3CXU3,CLM-YEY6BC86YS,PRV-ZVARQVCWQQ,PRV-52P4GQD2DS,2024-02-14,2024-02-14,SYNTH,DME-CATH,[],1.0,,,['SYN-DX-01'],12,114.0,99.75,95.0
LN-6KAA5P48MT,CLM-MZTJA7ZBA4,PRV-HUT9JJ4X7T,PRV-52P4GQD2DS,2024-02-15,2024-02-15,SYNTH,DME-CATH,[],1.0,,,['SYN-DX-01'],12,114.0,99.75,95.0
LN-U3A2F3MRTZ,CLM-BFRGRD97YB,PRV-4GHMRGCDAW,PRV-52P4GQD2DS,2024-02-16,2024-02-16,SYNTH,DME-CATH,[],1.0,,,['SYN-DX-01'],12,114.0,99.75,95.0
LN-MMEGJV8J4G,CLM-RYY3JXRQUM,PRV-ZVARQVCWQQ,PRV-52P4GQD2DS,2024-02-17,2024-02-17,SYNTH,DME-CATH,[],1.0,,,['SYN-DX-01'],12,114.0,99.75,95.0
LN-W7YS5F69B3,CLM-BEPRBFVS5K,PRV-HUT9JJ4X7T,PRV-52P4GQD2DS,2024-02-18,2024-02-18,SYNTH,DME-CATH,[],1.0,,,['SYN-DX-01'],12,114.0,99.75,95.0
LN-6ZDZFDDPGK,CLM-6Y9UGPX89M,PRV-4GHMRGCDAW,PRV-52P4GQD2DS,2024-02-19,2024-02-19,SYNTH,DME-CATH,[],1.0,,,['SYN-DX-01'],12,114.0,99.75,95.0
LN-36AZQ7JD8D,CLM-A24ETYZ5X8,PRV-ZVARQVCWQQ,PRV-52P4GQD2DS,2024-02-20,2024-02-20,SYNTH,DME-CATH,[],1.0,,,['SYN-DX-01'],12,114.0,99.75,95.0
LN-L7NTNWYKEQ,CLM-2EDVKQADMQ,PRV-HUT9JJ4X7T,PRV-52P4GQD2DS,2024-02-21,2024-02-21,SYNTH,DME-CATH,[],1.0,,,['SYN-DX-01'],12,114.0,99.75,95.0
LN-4A76DDSZXS,CLM-BF3CVMVAAL,PRV-4GHMRGCDAW,PRV-52P4GQD2DS,2024-02-22,2024-02-22,SYNTH,DME-CATH,[],1.0,,,['SYN-DX-01'],12,114.0,99.75,95.0
LN-LHF6B66M5L,CLM-W2936QX99Y,PRV-ZVARQVCWQQ,PRV-52P4GQD2DS,2024-02-23,2024-02-23,SYNTH,DME-CATH,[],1.0,,,['SYN-DX-01'],12,114.0,99.75,95.0
LN-CLF5WG2YP9,CLM-DGCZ2D4BBY,PRV-HUT9JJ4X7T,PRV-52P4GQD2DS,2024-02-24,2024-02-24,SYNTH,DME-CATH,[],1.0,,,['SYN-DX-01'],12,114.0,99.75,95.0
LN-VB4JSSVN68,CLM-WWQ468M66P,PRV-4GHMRGCDAW,PRV-52P4GQD2DS,2024-02-25,2024-02-25,SYNTH,DME-CATH,[],1.0,,,['SYN-DX-01'],12,114.0,99.75,95.0
LN-ACKL74CBPC,CLM-7CFXZKF9LX,PRV-ZVARQVCWQQ,PRV-52P4GQD2DS,2024-02-26,2024-02-26,SYNTH,DME-CATH,[],1.0,,,['SYN-DX-01'],12,114.0,99.75,95.0
LN-9E22FECY85,CLM-WCTGANT8NG,PRV-HUT9JJ4X7T,PRV-52P4GQD2DS,2024-02-27,2024-02-27,SYNTH,DME-CATH,[],1.0,,,['SYN-DX-01'],12,114.0,99.75,95.0
LN-8YU9VRX8Y3,CLM-DYGV8N8PSK,PRV-4GHMRGCDAW,PRV-52P4GQD2DS,2024-02-28,2024-02-28,SYNTH,DME-CATH,[],1.0,,,['SYN-DX-01'],12,114.0,99.75,95.0
LN-25R2VZCU6X,CLM-CDM38GVLZJ,PRV-ZVARQVCWQQ,PRV-52P4GQD2DS,2024-02-29,2024-02-29,SYNTH,DME-CATH,[],1.0,,,['SYN-DX-01'],12,114.0,99.75,95.0
LN-UQ6HMZSUXB,CLM-UUVP6EZ93V,PRV-HUT9JJ4X7T,PRV-52P4GQD2DS,2024-03-01,2024-03-01,SYNTH,DME-CATH,[],1.0,,,['SYN-DX-01'],12,114.0,99.75,95.0
LN-QHPHFM84CG,CLM-D34MP4Q9NX,PRV-4GHMRGCDAW,PRV-52P4GQD2DS,2024-03-02,2024-03-02,SYNTH,DME-CATH,[],1.0,,,['SYN-DX-01'],12,114.0,99.75,95.0
LN-Q3UKCXZ7Z2,CLM-J62FRA486G,PRV-ZVARQVCWQQ,PRV-52P4GQD2DS,2024-03-03,2024-03-03,SYNTH,DME-CATH,[],1.0,,,['SYN-DX-01'],12,114.0,99.75,95.0
LN-VMN45JP5QD,CLM-BYZLTY53EM,PRV-HUT9JJ4X7T,PRV-52P4GQD2DS,2024-03-04,2024-03-04,SYNTH,DME-CATH,[],1.0,,,['SYN-DX-01'],12,114.0,99.75,95.0
LN-VWHGUB6GSJ,CLM-XUVTVQZ9D8,PRV-M7GH4K66H3,PRV-52P4GQD2DS,2024-02-10,2024-02-10,SYNTH,PSY-60,[],1.0,45,,['SYN-DX-01'],11,114.0,99.75,95.0
LN-R6YWM5EUWH,CLM-T5U9HMCCFP,PRV-BFHL3Y49ZW,PRV-52P4GQD2DS,2024-02-11,2024-02-11,SYNTH,PSY-60,[],1.0,45,,['SYN-DX-01'],11,114.0,99.75,95.0
LN-AHMBTVMJUD,CLM-H6A2TGEAUF,PRV-RC658LCB76,PRV-52P4GQD2DS,2024-02-12,2024-02-12,SYNTH,PSY-60,[],1.0,45,,['SYN-DX-01'],11,114.0,99.75,95.0
LN-SEZFUJTS35,CLM-MSUU47SNHT,PRV-M7GH4K66H3,PRV-52P4GQD2DS,2024-02-13,2024-02-13,SYNTH,PSY-60,[],1.0,45,,['SYN-DX-01'],11,114.0,99.75,95.0
LN-VM954XPWN6,CLM-22GMJMQAAX,PRV-BFHL3Y49ZW,PRV-52P4GQD2DS,2024-02-14,2024-02-14,SYNTH,PSY-60,[],1.0,45,,['SYN-DX-01'],11,114.0,99.75,95.0
LN-TSNADLLEYU,CLM-5XQYMJRUEA,PRV-RC658LCB76,PRV-52P4GQD2DS,2024-02-15,2024-02-15,SYNTH,PSY-60,[],1.0,45,,['SYN-DX-01'],11,114.0,99.75,95.0
LN-ZSJXA359HF,CLM-NFZAB8XXJL,PRV-M7GH4K66H3,PRV-52P4GQD2DS,2024-02-16,2024-02-16,SYNTH,PSY-60,[],1.0,45,,['SYN-DX-01'],11,114.0,99.75,95.0
LN-KRDUJXELFP,CLM-MRVNXR6N3T,PRV-BFHL3Y49ZW,PRV-52P4GQD2DS,2024-02-17,2024-02-17,SYNTH,PSY-60,[],1.0,45,,['SYN-DX-01'],11,114.0,99.75,95.0
LN-AWHNPK8Z2B,CLM-SGY285PXEM,PRV-RC658LCB76,PRV-52P4GQD2DS,2024-02-18,2024-02-18,SYNTH,PSY-60,[],1.0,45,,['SYN-DX-01'],11,114.0,99.75,95.0
LN-V9J5BHMH44,CLM-DHRPRSJP9S,PRV-M7GH4K66H3,PRV-52P4GQD2DS,2024-02-19,2024-02-19,SYNTH,PSY-60,[],1.0,45,,['SYN-DX-01'],11,114.0,99.75,95.0
LN-RKMF4YND3J,CLM-XJCNGD3QUG,PRV-BFHL3Y49ZW,PRV-52P4GQD2DS,2024-02-20,2024-02-20,SYNTH,PSY-60,[],1.0,45,,['SYN-DX-01'],11,114.0,99.75,95.0
LN-V6C2WS2BSS,CLM-6HGQC7UWH4,PRV-RC658LCB76,PRV-52P4GQD2DS,2024-02-21,2024-02-21,SYNTH,PSY-60,[],1.0,45,,['SYN-DX-01'],11,114.0,99.75,95.0
LN-SCU7GMBJP9,CLM-AF82NZR6BE,PRV-M7GH4K66H3,PRV-52P4GQD2DS,2024-02-22,2024-02-22,SYNTH,PSY-60,[],1.0,45,,['SYN-DX-01'],11,114.0,99.75,95.0
LN-7PUS4HFFPE,CLM-MBXGK58AR5,PRV-BFHL3Y49ZW,PRV-52P4GQD2DS,2024-02-23,2024-02-23,SYNTH,PSY-60,[],1.0,45,,['SYN-DX-01'],11,114.0,99.75,95.0
LN-JHK3YZ4589,CLM-S8U8JSJ2XZ,PRV-RC658LCB76,PRV-52P4GQD2DS,2024-02-24,2024-02-24,SYNTH,PSY-60,[],1.0,45,,['SYN-DX-01'],11,114.0,99.75,95.0
LN-D5DBCSXU4G,CLM-PDG23DCSYR,PRV-M7GH4K66H3,PRV-52P4GQD2DS,2024-02-25,2024-02-25,SYNTH,PSY-60,[],1.0,45,,['SYN-DX-01'],11,114.0,99.75,95.0
LN-XEXKZK6RBJ,CLM-V864SCJCPB,PRV-BFHL3Y49ZW,PRV-52P4GQD2DS,2024-02-26,2024-02-26,SYNTH,PSY-60,[],1.0,45,,['SYN-DX-01'],11,114.0,99.75,95.0
LN-XFFJ9G8LQJ,CLM-5GPDEHBVKR,PRV-RC658LCB76,PRV-52P4GQD2DS,2024-02-27,2024-02-27,SYNTH,PSY-60,[],1.0,45,,['SYN-DX-01'],11,114.0,99.75,95.0
LN-NMF4QUY4Y3,CLM-QSTH9BN8VL,PRV-M7GH4K66H3,PRV-52P4GQD2DS,2024-02-28,2024-02-28,SYNTH,PSY-60,[],1.0,45,,['SYN-DX-01'],11,114.0,99.75,95.0
LN-HZMBAQ8KTQ,CLM-NWREXKNR26,PRV-BFHL3Y49ZW,PRV-52P4GQD2DS,2024-02-29,2024-02-29,SYNTH,PSY-60,[],1.0,45,,['SYN-DX-01'],11,114.0,99.75,95.0
LN-KAXBCUX7YS,CLM-597NV64U2G,PRV-RC658LCB76,PRV-52P4GQD2DS,2024-03-01,2024-03-01,SYNTH,PSY-60,[],1.0,45,,['SYN-DX-01'],11,114.0,99.75,95.0
LN-XAG2XPJCDS,CLM-SZWXUUFBHL,PRV-M7GH4K66H3,PRV-52P4GQD2DS,2024-03-02,2024-03-02,SYNTH,PSY-60,[],1.0,45,,['SYN-DX-01'],11,114.0,99.75,95.0
LN-CA974AFYAA,CLM-8B3SYEZD69,PRV-BFHL3Y49ZW,PRV-52P4GQD2DS,2024-03-03,2024-03-03,SYNTH,PSY-60,[],1.0,45,,['SYN-DX-01'],11,114.0,99.75,95.0
LN-M3W3CHMS6H,CLM-NHVRR8E7FF,PRV-RC658LCB76,PRV-52P4GQD2DS,2024-03-04,2024-03-04,SYNTH,PSY-60,[],1.0,45,,['SYN-DX-01'],11,114.0,99.75,95.0
LN-TGGKDR5E6L,CLM-XGXXUQ8QSW,PRV-ETLZN7DU4U,PRV-ETLZN7DU4U,2024-01-21,2024-01-21,SYNTH,HH-VISIT,[],1.0,40,,['SYN-DX-01'],12,92.4,80.85,77.0
LN-NWMFBBMH3B,CLM-4LTT9PMJDC,PRV-ND2J7LZBRF,PRV-ND2J7LZBRF,2024-01-22,2024-01-22,SYNTH,HH-VISIT,[],1.0,40,,['SYN-DX-01'],12,92.4,80.85,77.0
LN-V6CASTXMBT,CLM-LRSREUCE8Y,PRV-ACK8NC3876,PRV-ACK8NC3876,2024-01-23,2024-01-23,SYNTH,HH-VISIT,[],1.0,40,,['SYN-DX-01'],12,92.4,80.85,77.0
LN-2BP8W4536X,CLM-VWG4Y8LT2P,PRV-6FDZ2H9Z97,PRV-6FDZ2H9Z97,2024-01-24,2024-01-24,SYNTH,HH-VISIT,[],1.0,40,,['SYN-DX-01'],12,92.4,80.85,77.0
LN-DRHWE87BY7,CLM-PHQJY5ETGP,PRV-DTZPX9JP99,PRV-DTZPX9JP99,2024-01-25,2024-01-25,SYNTH,HH-VISIT,[],1.0,40,,['SYN-DX-01'],12,92.4,80.85,77.0
LN-DV9RY7BV68,CLM-PYMCNK6RPJ,PRV-ETLZN7DU4U,PRV-ETLZN7DU4U,2024-01-26,2024-01-26,SYNTH,HH-VISIT,[],1.0,40,,['SYN-DX-01'],12,92.4,80.85,77.0
LN-VQDVK4JKY7,CLM-H3JQX27CYW,PRV-ND2J7LZBRF,PRV-ND2J7LZBRF,2024-01-27,2024-01-27,SYNTH,HH-VISIT,[],1.0,40,,['SYN-DX-01'],12,92.4,80.85,77.0
LN-5TPDCJFC2R,CLM-KRD2XCHF2R,PRV-ACK8NC3876,PRV-ACK8NC3876,2024-01-28,2024-01-28,SYNTH,HH-VISIT,[],1.0,40,,['SYN-DX-01'],12,92.4,80.85,77.0
LN-FDSU82KGPQ,CLM-JRFP7YCMJG,PRV-6FDZ2H9Z97,PRV-6FDZ2H9Z97,2024-01-29,2024-01-29,SYNTH,HH-VISIT,[],1.0,40,,['SYN-DX-01'],12,92.4,80.85,77.0
LN-GJ6KZRVTV3,CLM-XLUUPNAXQ6,PRV-DTZPX9JP99,PRV-DTZPX9JP99,2024-01-30,2024-01-30,SYNTH,HH-VISIT,[],1.0,40,,['SYN-DX-01'],12,92.4,80.85,77.0
LN-24RNGM3KBQ,CLM-RUZPL4C444,PRV-ETLZN7DU4U,PRV-ETLZN7DU4U,2024-01-31,2024-01-31,SYNTH,HH-VISIT,[],1.0,40,,['SYN-DX-01'],12,92.4,80.85,77.0
LN-BYFEPFWMXG,CLM-EU7XJYQFH6,PRV-ND2J7LZBRF,PRV-ND2J7LZBRF,2024-02-01,2024-02-01,SYNTH,HH-VISIT,[],1.0,40,,['SYN-DX-01'],12,92.4,80.85,77.0
LN-JZ235F7D89,CLM-JCEW76WWRS,PRV-ACK8NC3876,PRV-ACK8NC3876,2024-02-02,2024-02-02,SYNTH,HH-VISIT,[],1.0,40,,['SYN-DX-01'],12,92.4,80.85,77.0
LN-QXPQK28L8S,CLM-P3DHQAQNL4,PRV-6FDZ2H9Z97,PRV-6FDZ2H9Z97,2024-02-03,2024-02-03,SYNTH,HH-VISIT,[],1.0,40,,['SYN-DX-01'],12,92.4,80.85,77.0
LN-4EL6ERHM7H,CLM-MP7K4AXRKM,PRV-DTZPX9JP99,PRV-DTZPX9JP99,2024-02-04,2024-02-04,SYNTH,HH-VISIT,[],1.0,40,,['SYN-DX-01'],12,92.4,80.85,77.0
LN-SEJNFRVL4Q,CLM-E7VNZMUE32,PRV-R6UGAZC4XJ,PRV-R6UGAZC4XJ,2024-03-31,2024-03-31,SYNTH,HH-VISIT,[],3.0,40,,['SYN-DX-01'],12,102.0,89.25,85.0
LN-JM4LHDQ2NK,CLM-K2ZH5C8NDG,PRV-R6UGAZC4XJ,PRV-R6UGAZC4XJ,2024-04-02,2024-04-02,SYNTH,HH-VISIT,[],3.0,40,,['SYN-DX-01'],12,102.0,89.25,85.0
LN-K9NS6C7C66,CLM-BHC7L3CSU3,PRV-R6UGAZC4XJ,PRV-R6UGAZC4XJ,2024-04-04,2024-04-04,SYNTH,HH-VISIT,[],3.0,40,,['SYN-DX-01'],12,102.0,89.25,85.0
LN-ZR5FAR4Q6P,CLM-W378ZAK2X7,PRV-R6UGAZC4XJ,PRV-R6UGAZC4XJ,2024-04-06,2024-04-06,SYNTH,HH-VISIT,[],3.0,40,,['SYN-DX-01'],12,102.0,89.25,85.0
LN-8F4SKRYPMD,CLM-EJR77JXTJ3,PRV-R6UGAZC4XJ,PRV-R6UGAZC4XJ,2024-04-08,2024-04-08,SYNTH,HH-VISIT,[],3.0,40,,['SYN-DX-01'],12,102.0,89.25,85.0
LN-8RGFNUWKGB,CLM-SMGSN5SMFW,PRV-R6UGAZC4XJ,PRV-R6UGAZC4XJ,2024-04-10,2024-04-10,SYNTH,HH-VISIT,[],3.0,40,,['SYN-DX-01'],12,102.0,89.25,85.0
LN-VW6A7EELYZ,CLM-YB8ZNK7AK4,PRV-R6UGAZC4XJ,PRV-R6UGAZC4XJ,2024-04-12,2024-04-12,SYNTH,HH-VISIT,[],3.0,40,,['SYN-DX-01'],12,102.0,89.25,85.0
LN-8EEKA95E7E,CLM-N2KSCHZR5H,PRV-R6UGAZC4XJ,PRV-R6UGAZC4XJ,2024-04-14,2024-04-14,SYNTH,HH-VISIT,[],3.0,40,,['SYN-DX-01'],12,102.0,89.25,85.0
LN-WN5HLX2UYC,CLM-U6Y9HABJRU,PRV-R6UGAZC4XJ,PRV-R6UGAZC4XJ,2024-04-16,2024-04-16,SYNTH,HH-VISIT,[],3.0,40,,['SYN-DX-01'],12,102.0,89.25,85.0
LN-UQG5S3EK42,CLM-YM38D6CEBN,PRV-R6UGAZC4XJ,PRV-R6UGAZC4XJ,2024-04-18,2024-04-18,SYNTH,HH-VISIT,[],3.0,40,,['SYN-DX-01'],12,102.0,89.25,85.0
LN-RJZJNEWUH9,CLM-JJ5NM8KUZ6,PRV-R6UGAZC4XJ,PRV-R6UGAZC4XJ,2024-04-20,2024-04-20,SYNTH,HH-VISIT,[],3.0,40,,['SYN-DX-01'],12,102.0,89.25,85.0
LN-R96L3CRGNH,CLM-SNAU2TFL7T,PRV-R6UGAZC4XJ,PRV-R6UGAZC4XJ,2024-04-22,2024-04-22,SYNTH,HH-VISIT,[],3.0,40,,['SYN-DX-01'],12,102.0,89.25,85.0
LN-4FLYWSM4SQ,CLM-WJ6US8QWFW,PRV-R6UGAZC4XJ,PRV-R6UGAZC4XJ,2024-04-24,2024-04-24,SYNTH,HH-VISIT,[],3.0,40,,['SYN-DX-01'],12,102.0,89.25,85.0
LN-YK2SRMT6GH,CLM-KXFJGGZLVA,PRV-R6UGAZC4XJ,PRV-R6UGAZC4XJ,2024-04-26,2024-04-26,SYNTH,HH-VISIT,[],3.0,40,,['SYN-DX-01'],12,102.0,89.25,85.0
LN-52CH6G3KXJ,CLM-JSN5JA2VNK,PRV-52P4GQD2DS,PRV-52P4GQD2DS,2024-02-08,2024-02-08,SYNTH,EM-EST-4,[],1.0,,,['SYN-DX-01'],21,288.0,252.0,240.0
LN-YEJQQZ3KQT,CLM-XAAVQ68Z4Z,PRV-52P4GQD2DS,PRV-52P4GQD2DS,2024-08-01,2024-08-01,SYNTH,PROC-MALE-01,[],1.0,,,['SYN-DX-PROSTATE'],11,960.0,840.0,800.0
LN-ZGC9HA8ZGF,CLM-YL282A8SRU,PRV-52P4GQD2DS,PRV-52P4GQD2DS,2024-01-20,2024-01-20,SYNTH,EM-EST-4,[],1.0,,,['SYN-DX-01'],11,216.0,189.0,180.0
LN-YK7N5MVYR2,CLM-ZGG8DRCFJ6,PRV-52P4GQD2DS,PRV-52P4GQD2DS,2024-01-27,2024-01-27,SYNTH,EM-EST-4,[],1.0,,,['SYN-DX-01'],11,216.0,189.0,180.0
LN-NR5DN4UMP8,CLM-U9U7AZNRLU,PRV-52P4GQD2DS,PRV-52P4GQD2DS,2024-02-03,2024-02-03,SYNTH,EM-EST-4,[],1.0,,,['SYN-DX-01'],11,216.0,189.0,180.0
LN-YFQ8ZEUGKF,CLM-T2BP6B249S,PRV-52P4GQD2DS,PRV-52P4GQD2DS,2024-02-10,2024-02-10,SYNTH,EM-EST-4,[],1.0,,,['SYN-DX-01'],11,216.0,189.0,180.0
LN-KBUX8793KS,CLM-6CZZC5UZ4K,PRV-52P4GQD2DS,PRV-52P4GQD2DS,2024-02-17,2024-02-17,SYNTH,EM-EST-4,[],1.0,,,['SYN-DX-01'],11,216.0,189.0,180.0
LN-2G454L5NC4,CLM-CTD87GHFV4,PRV-52P4GQD2DS,PRV-52P4GQD2DS,2024-02-24,2024-02-24,SYNTH,EM-EST-4,[],1.0,,,['SYN-DX-01'],11,216.0,189.0,180.0
LN-UTM5Q9YHDU,CLM-N4DJPW92X2,PRV-52P4GQD2DS,PRV-52P4GQD2DS,2024-03-02,2024-03-02,SYNTH,EM-EST-4,[],1.0,,,['SYN-DX-01'],11,216.0,189.0,180.0
LN-9QDPG64YS6,CLM-2XRCXQ7F27,PRV-52P4GQD2DS,PRV-52P4GQD2DS,2024-03-09,2024-03-09,SYNTH,EM-EST-4,[],1.0,,,['SYN-DX-01'],11,216.0,189.0,180.0
LN-G9J3GCJQTZ,CLM-ZSQHHJQ8B6,PRV-AEV55VW98C,PRV-AEV55VW98C,2024-02-26,2024-02-26,HCPCS2,A0425,[],180.0,,180,['SYN-DX-01'],41,1920.0,1680.0,1600.0
LN-3MLXLQPAUE,CLM-H9U5VGKD5M,PRV-52P4GQD2DS,PRV-52P4GQD2DS,2024-07-31,2024-07-31,SYNTH,EM-EST-4,[],1.0,,,"['SYN-DX-01', 'SYN-DX-02']",11,224.84,196.74,187.37
LN-G43SS425XG,CLM-FVW6LHF5AR,PRV-52P4GQD2DS,PRV-52P4GQD2DS,2024-07-31,2024-07-31,SYNTH,EM-EST-4,[],1.0,,,"['SYN-DX-01', 'SYN-DX-02']",11,224.84,196.74,187.37
LN-CH3LTXKRYZ,CLM-LEE9PP89ZN,PRV-52P4GQD2DS,PRV-52P4GQD2DS,2024-07-31,2024-07-31,SYNTH,EM-EST-4,[],1.0,,,"['SYN-DX-01', 'SYN-DX-02']",11,224.84,196.74,187.37
LN-RW3RP8UT3U,CLM-NYKBVJUETQ,PRV-52P4GQD2DS,PRV-52P4GQD2DS,2024-07-31,2024-07-31,SYNTH,EM-EST-4,[],1.0,,,"['SYN-DX-01', 'SYN-DX-02']",11,224.84,196.74,187.37
LN-FBEZDZPMXX,CLM-DDR8URMGFC,PRV-52P4GQD2DS,PRV-52P4GQD2DS,2024-07-31,2024-07-31,SYNTH,EM-EST-4,[],1.0,,,"['SYN-DX-01', 'SYN-DX-02']",11,224.84,196.74,187.37
LN-ZMTJP5R8QM,CLM-L7HGR7HUAN,PRV-52P4GQD2DS,PRV-52P4GQD2DS,2024-07-31,2024-07-31,SYNTH,EM-EST-4,[],1.0,,,"['SYN-DX-01', 'SYN-DX-02']",11,224.84,196.74,187.37
LN-S9GVNC9W4Z,CLM-UEMY4VBV78,PRV-52P4GQD2DS,PRV-52P4GQD2DS,2024-07-31,2024-07-31,SYNTH,EM-EST-4,[],1.0,,,"['SYN-DX-01', 'SYN-DX-02']",11,224.84,196.74,187.37
LN-GHU6UD7PG7,CLM-M5M7ZBVASY,PRV-52P4GQD2DS,PRV-52P4GQD2DS,2024-07-31,2024-07-31,SYNTH,EM-EST-4,[],1.0,,,"['SYN-DX-01', 'SYN-DX-02']",11,224.84,196.74,187.37
LN-QCK4WFD26A,CLM-CXN4BHBTVC,PRV-52P4GQD2DS,PRV-52P4GQD2DS,2024-07-31,2024-07-31,SYNTH,EM-EST-4,[],1.0,,,"['SYN-DX-01', 'SYN-DX-02']",11,224.84,196.74,187.37
LN-EKM5ADNDQ5,CLM-8SL983JXVJ,PRV-52P4GQD2DS,PRV-52P4GQD2DS,2024-07-31,2024-07-31,SYNTH,EM-EST-4,[],1.0,,,"['SYN-DX-01', 'SYN-DX-02']",11,224.84,196.74,187.37
LN-4ANEQ3M5BD,CLM-EMG3TEV5TT,PRV-52P4GQD2DS,PRV-52P4GQD2DS,2024-07-31,2024-07-31,SYNTH,EM-EST-4,[],1.0,,,"['SYN-DX-01', 'SYN-DX-02']",11,224.84,196.74,187.37
LN-9XZ337VH76,CLM-YR7SBY5NK5,PRV-52P4GQD2DS,PRV-52P4GQD2DS,2024-07-31,2024-07-31,SYNTH,EM-EST-4,[],1.0,,,"['SYN-DX-01', 'SYN-DX-02']",11,224.84,196.74,187.37
LN-AP86G88ZP7,CLM-2E96GKA5LC,PRV-GZWKQRABYX,PRV-GZWKQRABYX,2024-04-20,2024-04-20,SYNTH,FAC-DRG-HI,[],1.0,,,['SYN-DX-01'],21,21600.0,18900.0,18000.0
LN-QHE8MA763B,CLM-97PRUZWDHH,PRV-52P4GQD2DS,PRV-52P4GQD2DS,2024-03-06,2024-03-06,SYNTH,EM-EST-5,[],1.0,,,"['SYN-DX-COMPLEX', 'SYN-DX-01']",11,312.0,273.0,260.0
LN-9LP22W3P85,CLM-SHVKUN9QHJ,PRV-DLK2K6289C,PRV-DLK2K6289C,2024-02-20,2024-02-20,SYNTH,LAB-GEN-01,[],1.0,,,['SYN-DX-01'],11,2520.0,2205.0,2100.0
LN-Z7NZDCJPVN,CLM-5889MVRMEV,PRV-DLK2K6289C,PRV-DLK2K6289C,2024-02-21,2024-02-21,SYNTH,LAB-GEN-01,[],1.0,,,['SYN-DX-01'],11,2520.0,2205.0,2100.0
LN-V4BXBLT2VB,CLM-6FX7X5DTT5,PRV-DLK2K6289C,PRV-DLK2K6289C,2024-02-22,2024-02-22,SYNTH,LAB-GEN-01,[],1.0,,,['SYN-DX-01'],11,2520.0,2205.0,2100.0
LN-95P95833PK,CLM-HL986QNSN9,PRV-DLK2K6289C,PRV-DLK2K6289C,2024-02-23,2024-02-23,SYNTH,LAB-GEN-01,[],1.0,,,['SYN-DX-01'],11,2520.0,2205.0,2100.0
LN-CKX63BDMJC,CLM-6PS86VF2N3,PRV-DLK2K6289C,PRV-DLK2K6289C,2024-02-24,2024-02-24,SYNTH,LAB-GEN-01,[],1.0,,,['SYN-DX-01'],11,2520.0,2205.0,2100.0
LN-GQR987ZB2W,CLM-PYSDLQTYA5,PRV-DLK2K6289C,PRV-DLK2K6289C,2024-02-25,2024-02-25,SYNTH,LAB-GEN-01,[],1.0,,,['SYN-DX-01'],11,2520.0,2205.0,2100.0
LN-E3PFLN2PJZ,CLM-WEQ4LF2FHE,PRV-DLK2K6289C,PRV-DLK2K6289C,2024-02-26,2024-02-26,SYNTH,LAB-GEN-01,[],1.0,,,['SYN-DX-01'],11,2520.0,2205.0,2100.0
LN-YG378VG36Y,CLM-ZRTED7LJYC,PRV-DLK2K6289C,PRV-DLK2K6289C,2024-02-27,2024-02-27,SYNTH,LAB-GEN-01,[],1.0,,,['SYN-DX-01'],11,2520.0,2205.0,2100.0
LN-ETHRCWU5U6,CLM-Y5WS6XVQXS,PRV-DLK2K6289C,PRV-DLK2K6289C,2024-02-28,2024-02-28,SYNTH,LAB-GEN-01,[],1.0,,,['SYN-DX-01'],11,2520.0,2205.0,2100.0
LN-EW683ESRD4,CLM-26E3Z9GUX6,PRV-DLK2K6289C,PRV-DLK2K6289C,2024-02-29,2024-02-29,SYNTH,LAB-GEN-01,[],1.0,,,['SYN-DX-01'],11,2520.0,2205.0,2100.0
LN-T7PUG9BS3S,CLM-4954HGLJD6,PRV-DLK2K6289C,PRV-DLK2K6289C,2024-03-01,2024-03-01,SYNTH,LAB-GEN-01,[],1.0,,,['SYN-DX-01'],11,2520.0,2205.0,2100.0
LN-AGXH246EDP,CLM-DML4GKPHT8,PRV-DLK2K6289C,PRV-DLK2K6289C,2024-03-02,2024-03-02,SYNTH,LAB-GEN-01,[],1.0,,,['SYN-DX-01'],11,2520.0,2205.0,2100.0
LN-VQ9WRA2LV2,CLM-ZE8DJ6FGWN,PRV-DLK2K6289C,PRV-DLK2K6289C,2024-03-03,2024-03-03,SYNTH,LAB-GEN-01,[],1.0,,,['SYN-DX-01'],11,2520.0,2205.0,2100.0
LN-22X68CQBQD,CLM-6TZ2PR7GW7,PRV-DLK2K6289C,PRV-DLK2K6289C,2024-03-04,2024-03-04,SYNTH,LAB-GEN-01,[],1.0,,,['SYN-DX-01'],11,2520.0,2205.0,2100.0
LN-JYHEBYSSVQ,CLM-GBE3NHTD87,PRV-DLK2K6289C,PRV-DLK2K6289C,2024-03-05,2024-03-05,SYNTH,LAB-GEN-01,[],1.0,,,['SYN-DX-01'],11,2520.0,2205.0,2100.0
LN-NH3ETJY4CC,CLM-6NF38F3C89,PRV-DLK2K6289C,PRV-DLK2K6289C,2024-03-06,2024-03-06,SYNTH,LAB-GEN-01,[],1.0,,,['SYN-DX-01'],11,2520.0,2205.0,2100.0
LN-BSPBYKVGD4,CLM-HDPDXPM5CN,PRV-DLK2K6289C,PRV-DLK2K6289C,2024-03-07,2024-03-07,SYNTH,LAB-GEN-01,[],1.0,,,['SYN-DX-01'],11,2520.0,2205.0,2100.0
LN-63H8XR599L,CLM-HEDZDQ6PD5,PRV-DLK2K6289C,PRV-DLK2K6289C,2024-03-08,2024-03-08,SYNTH,LAB-GEN-01,[],1.0,,,['SYN-DX-01'],11,2520.0,2205.0,2100.0
LN-KV5KPW2YYT,CLM-AKAELKZUVU,PRV-DLK2K6289C,PRV-DLK2K6289C,2024-03-09,2024-03-09,SYNTH,LAB-GEN-01,[],1.0,,,['SYN-DX-01'],11,2520.0,2205.0,2100.0
LN-W5HZJRQJWF,CLM-LF39X56AHE,PRV-DLK2K6289C,PRV-DLK2K6289C,2024-03-10,2024-03-10,SYNTH,LAB-GEN-01,[],1.0,,,['SYN-DX-01'],11,2520.0,2205.0,2100.0
LN-CN9SFF7WMU,CLM-PQWL7D7MUP,PRV-DLK2K6289C,PRV-DLK2K6289C,2024-03-11,2024-03-11,SYNTH,LAB-GEN-01,[],1.0,,,['SYN-DX-01'],11,2520.0,2205.0,2100.0
LN-496KESF8ZR,CLM-2SAKHS4J9A,PRV-DLK2K6289C,PRV-DLK2K6289C,2024-03-12,2024-03-12,SYNTH,LAB-GEN-01,[],1.0,,,['SYN-DX-01'],11,2520.0,2205.0,2100.0
LN-PUCSH9V9WV,CLM-Z6RWAV4QJF,PRV-CYX8UDJJ75,PRV-CYX8UDJJ75,2024-07-20,2024-07-20,SYNTH,EM-EST-3,[],1.0,,,['SYN-DX-01'],11,141.6,123.9,118.0
LN-BCLGNRLD73,CLM-8TZMRVJJYJ,PRV-CYX8UDJJ75,PRV-CYX8UDJJ75,2024-05-31,2024-05-31,SYNTH,EM-EST-3,[],1.0,,,['SYN-DX-01'],11,141.6,123.9,118.0
LN-WWNZNZLC4A,CLM-RUFJVP4KJ7,PRV-CYX8UDJJ75,PRV-CYX8UDJJ75,2024-05-12,2024-05-12,SYNTH,EM-EST-3,[],1.0,,,['SYN-DX-01'],11,141.6,123.9,118.0
LN-34W3KKVLLE,CLM-DRSD59WR25,PRV-CYX8UDJJ75,PRV-CYX8UDJJ75,2024-06-27,2024-06-27,SYNTH,EM-EST-3,[],1.0,,,['SYN-DX-01'],11,141.6,123.9,118.0
LN-PZ77WVYYZJ,CLM-HWD7PUAFP3,PRV-CYX8UDJJ75,PRV-CYX8UDJJ75,2024-03-28,2024-03-28,SYNTH,EM-EST-3,[],1.0,,,['SYN-DX-01'],11,141.6,123.9,118.0
LN-BAB9RCPC7Z,CLM-ECE57KZFQM,PRV-CYX8UDJJ75,PRV-CYX8UDJJ75,2024-06-23,2024-06-23,SYNTH,EM-EST-3,[],1.0,,,['SYN-DX-01'],11,141.6,123.9,118.0
LN-MDGJMXJ28K,CLM-ZP9CJV3N5K,PRV-CYX8UDJJ75,PRV-CYX8UDJJ75,2024-07-10,2024-07-10,SYNTH,EM-EST-3,[],1.0,,,['SYN-DX-01'],11,141.6,123.9,118.0
LN-XZLA79UN9S,CLM-RRQ3RESQVA,PRV-CYX8UDJJ75,PRV-CYX8UDJJ75,2024-06-30,2024-06-30,SYNTH,EM-EST-3,[],1.0,,,['SYN-DX-01'],11,141.6,123.9,118.0
LN-8S4UC6JTGP,CLM-FEGV3VJRCD,PRV-CYX8UDJJ75,PRV-CYX8UDJJ75,2024-06-03,2024-06-03,SYNTH,EM-EST-3,[],1.0,,,['SYN-DX-01'],11,141.6,123.9,118.0
LN-MKPHF3WLAC,CLM-X6TMPM9UMX,PRV-CYX8UDJJ75,PRV-CYX8UDJJ75,2024-02-14,2024-02-14,SYNTH,EM-EST-3,[],1.0,,,['SYN-DX-01'],11,141.6,123.9,118.0
LN-9RVTKPBBDY,CLM-LMMDDVKKW4,PRV-CYX8UDJJ75,PRV-CYX8UDJJ75,2024-06-08,2024-06-08,SYNTH,EM-EST-3,[],1.0,,,['SYN-DX-01'],11,141.6,123.9,118.0
LN-DCLT4BU8GV,CLM-MFAUQ673WB,PRV-CYX8UDJJ75,PRV-CYX8UDJJ75,2024-04-06,2024-04-06,SYNTH,EM-EST-3,[],1.0,,,['SYN-DX-01'],11,141.6,123.9,118.0
LN-5HRRUCWTSV,CLM-VGY44WXUJG,PRV-CYX8UDJJ75,PRV-CYX8UDJJ75,2024-07-22,2024-07-22,SYNTH,EM-EST-3,[],1.0,,,['SYN-DX-01'],11,141.6,123.9,118.0
LN-4EKYYVY9C3,CLM-L9PR974MDR,PRV-CYX8UDJJ75,PRV-CYX8UDJJ75,2024-06-16,2024-06-16,SYNTH,EM-EST-3,[],1.0,,,['SYN-DX-01'],11,141.6,123.9,118.0
LN-Q56N9PVMCQ,CLM-6J5B3VE3EY,PRV-CYX8UDJJ75,PRV-CYX8UDJJ75,2024-04-01,2024-04-01,SYNTH,EM-EST-3,[],1.0,,,['SYN-DX-01'],11,141.6,123.9,118.0
LN-JD856JH4BW,CLM-R2HPLEY4A4,PRV-CYX8UDJJ75,PRV-CYX8UDJJ75,2024-05-03,2024-05-03,SYNTH,EM-EST-3,[],1.0,,,['SYN-DX-01'],11,141.6,123.9,118.0
LN-FUUEENDL4K,CLM-8D56R2KJ2K,PRV-CYX8UDJJ75,PRV-CYX8UDJJ75,2024-05-16,2024-05-16,SYNTH,EM-EST-3,[],1.0,,,['SYN-DX-01'],11,141.6,123.9,118.0
LN-BZLGUJLYNT,CLM-WFV2NWVJEJ,PRV-CYX8UDJJ75,PRV-CYX8UDJJ75,2024-07-30,2024-07-30,SYNTH,EM-EST-3,[],1.0,,,['SYN-DX-01'],11,141.6,123.9,118.0
LN-8XDS4E7J6D,CLM-7GU9NRMQPK,PRV-CYX8UDJJ75,PRV-CYX8UDJJ75,2024-04-27,2024-04-27,SYNTH,EM-EST-3,[],1.0,,,['SYN-DX-01'],11,141.6,123.9,118.0
LN-HX96JJ5GWR,CLM-PHSFPZL77A,PRV-CYX8UDJJ75,PRV-CYX8UDJJ75,2024-01-31,2024-01-31,SYNTH,EM-EST-3,[],1.0,,,['SYN-DX-01'],11,141.6,123.9,118.0
LN-7FVEUL9GNG,CLM-C5PWMTE5VV,PRV-CYX8UDJJ75,PRV-CYX8UDJJ75,2024-03-05,2024-03-05,SYNTH,EM-EST-3,[],1.0,,,['SYN-DX-01'],11,141.6,123.9,118.0
LN-DDUG4JSJAT,CLM-SWX22MHUB7,PRV-CYX8UDJJ75,PRV-CYX8UDJJ75,2024-04-13,2024-04-13,SYNTH,EM-EST-3,[],1.0,,,['SYN-DX-01'],11,141.6,123.9,118.0
LN-WZN9W8XXCN,CLM-RHTQNJBXD8,PRV-CYX8UDJJ75,PRV-CYX8UDJJ75,2024-07-17,2024-07-17,SYNTH,EM-EST-3,[],1.0,,,['SYN-DX-01'],11,141.6,123.9,118.0
LN-5TJWJXZAPN,CLM-F9B6FTP86B,PRV-CYX8UDJJ75,PRV-CYX8UDJJ75,2024-06-24,2024-06-24,SYNTH,EM-EST-3,[],1.0,,,['SYN-DX-01'],11,141.6,123.9,118.0
LN-NQAFH38MBH,CLM-L7MHRFBM68,PRV-CYX8UDJJ75,PRV-CYX8UDJJ75,2024-03-09,2024-03-09,SYNTH,EM-EST-3,[],1.0,,,['SYN-DX-01'],11,141.6,123.9,118.0
LN-NBXG6ZR9C2,CLM-YZT3XXJL8Q,PRV-CYX8UDJJ75,PRV-CYX8UDJJ75,2024-06-26,2024-06-26,SYNTH,EM-EST-3,[],1.0,,,['SYN-DX-01'],11,141.6,123.9,118.0
LN-978QC5LPPY,CLM-GSYGSY4GSK,PRV-CYX8UDJJ75,PRV-CYX8UDJJ75,2024-03-28,2024-03-28,SYNTH,EM-EST-3,[],1.0,,,['SYN-DX-01'],11,141.6,123.9,118.0
LN-6KW8X26MM6,CLM-MFWTP2AFSZ,PRV-CYX8UDJJ75,PRV-CYX8UDJJ75,2024-06-07,2024-06-07,SYNTH,EM-EST-3,[],1.0,,,['SYN-DX-01'],11,141.6,123.9,118.0
LN-MUCEQQ6SS2,CLM-JZ3S6YWBVQ,PRV-CYX8UDJJ75,PRV-CYX8UDJJ75,2024-06-17,2024-06-17,SYNTH,EM-EST-3,[],1.0,,,['SYN-DX-01'],11,141.6,123.9,118.0
LN-NPLZPYNU7Y,CLM-P7JZKDVM73,PRV-CYX8UDJJ75,PRV-CYX8UDJJ75,2024-07-18,2024-07-18,SYNTH,EM-EST-3,[],1.0,,,['SYN-DX-01'],11,141.6,123.9,118.0
LN-84KMR6YCPJ,CLM-75EN2MQX3T,PRV-CYX8UDJJ75,PRV-CYX8UDJJ75,2024-02-07,2024-02-07,SYNTH,EM-EST-3,[],1.0,,,['SYN-DX-01'],11,141.6,123.9,118.0
LN-D3N96ZY3BW,CLM-KTCUKHWDKN,PRV-CYX8UDJJ75,PRV-CYX8UDJJ75,2024-05-09,2024-05-09,SYNTH,EM-EST-3,[],1.0,,,['SYN-DX-01'],11,141.6,123.9,118.0
LN-YEJ48CDFSL,CLM-CBFEQYLUTH,PRV-CYX8UDJJ75,PRV-CYX8UDJJ75,2024-02-23,2024-02-23,SYNTH,EM-EST-3,[],1.0,,,['SYN-DX-01'],11,141.6,123.9,118.0
LN-8EMCA9JUNS,CLM-5ETGW4F9ZM,PRV-CYX8UDJJ75,PRV-CYX8UDJJ75,2024-07-08,2024-07-08,SYNTH,EM-EST-3,[],1.0,,,['SYN-DX-01'],11,141.6,123.9,118.0
LN-TNJPQEGU8N,CLM-LTAXBZDD44,PRV-CYX8UDJJ75,PRV-CYX8UDJJ75,2024-07-20,2024-07-20,SYNTH,EM-EST-3,[],1.0,,,['SYN-DX-01'],11,141.6,123.9,118.0
LN-23Z3GDSQLK,CLM-VPUUMX233R,PRV-CYX8UDJJ75,PRV-CYX8UDJJ75,2024-02-17,2024-02-17,SYNTH,EM-EST-3,[],1.0,,,['SYN-DX-01'],11,141.6,123.9,118.0
LN-RYRRFUH3TM,CLM-WV2XG43PTF,PRV-DLK2K6289C,PRV-DLK2K6289C,2024-05-12,2024-05-12,SYNTH,LAB-PNL-01,[],1.0,,,['SYN-DX-01'],11,108.0,94.5,90.0
LN-8P8GENQ7GF,CLM-T5A7C6ARRE,PRV-DLK2K6289C,PRV-DLK2K6289C,2024-05-12,2024-05-12,SYNTH,LAB-CMP-05,[],1.0,,,['SYN-DX-01'],11,26.4,23.1,22.0
