claim_id,claim_type,member_id,billing_provider_id,facility_id,admit,discharge,received_date,adjudicated_date,status,source_system,source_ref
CLM-KKSTQ4UZ7U,professional,MBR-V2LNSJANZJ,PRV-CYX8UDJJ75,,,,2024-05-29,2024-06-06,paid,generator,
CLM-FNAPVNSGCC,professional,MBR-ECH5HLTRCG,PRV-52P4GQD2DS,,,,2024-09-24,2024-10-06,paid,generator,
CLM-NB89QZ8RFD,dme,MBR-5C38HCEB3B,PRV-LVGM3QWE3V,,,,2024-02-08,2024-02-11,paid,generator,
CLM-XQY6TBZBTE,professional,MBR-4VB4MXWWPN,PRV-EWJD2QDPA6,,,,2024-08-04,2024-08-09,paid,generator,
CLM-REHTAZGSLH,facility,MBR-4VYBTHF64D,PRV-H9LG5VAJ3J,FAC-HG5AVAWJLS,2024-08-15,2024-08-16,2024-08-28,2024-08-29,paid,generator,
CLM-YMUSW75LQC,laboratory,MBR-J39SZ2P3P6,PRV-6LZYWNNT2J,,,,2024-01-21,2024-02-01,paid,generator,
CLM-QAV8RQQET6,professional,MBR-UTSSCND564,PRV-DVP5UVKXMG,,,,2024-04-08,2024-04-11,paid,generator,
CLM-U9DUS7CPD2,home_health,MBR-8MK5KHJNCW,PRV-ZU6YL2HNHH,,,,2024-04-27,2024-04-29,paid,generator,
CLM-QXNTEZACHG,behavioral_health,MBR-QFQ7K875L3,PRV-EGMCSQWZE2,,,,2024-09-01,2024-09-12,paid,generator,
CLM-CXVQF5NY49,pharmacy,MBR-ECH5HLTRCG,PRV-E2KQR2ZK3Q,,,,2024-02-24,2024-03-05,paid,generator,
CLM-3BY47TM5RL,ambulance,MBR-5Y93Z8WGHW,PRV-KGZA99WKKT,,,,2024-02-10,2024-02-13,paid,generator,
CLM-DNBFAM79CL,home_health,MBR-4MXTKGTLSY,PRV-5AE63K9XH5,,,,2024-09-23,2024-09-24,paid,generator,
CLM-VWLWNLFLLQ,ambulance,MBR-4VB4MXWWPN,PRV-AEV55VW98C,,,,2024-02-18,2024-02-27,paid,generator,
CLM-C5XNT4J8DU,behavioral_health,MBR-HX94GZSQRT,PRV-EGMCSQWZE2,,,,2024-08-02,2024-08-09,paid,generator,
CLM-M4CDHAJVXP,professional,MBR-3ULHAGK6SG,PRV-52P4GQD2DS,,,,2024-04-23,2024-05-01,paid,generator,
CLM-SDNWPMJNJG,dme,MBR-FV7G6UXLBA,PRV-4TYA4STMB7,,,,2024-02-14,2024-02-23,paid,generator,
CLM-HXA3VNAQTW,facility,MBR-UQYW382EA8,PRV-GZWKQRABYX,FAC-HG5AVAWJLS,2024-01-01,2024-01-05,2024-01-18,2024-01-23,paid,generator,
CLM-D2EYNTNV2U,laboratory,MBR-ZLNPJ2MYTP,PRV-GG7BBL7G9L,,,,2024-03-14,2024-03-16,paid,generator,
CLM-5BSGRNNC6P,home_health,MBR-8MK5KHJNCW,PRV-ZU6YL2HNHH,,,,2024-04-03,2024-04-15,paid,generator,
CLM-GZH6VRRFJL,professional,MBR-FVQXNKE82Q,PRV-52P4GQD2DS,,,,2024-06-25,2024-07-07,paid,generator,
CLM-ABZ5WY9GZ7,professional,MBR-EFTCWLP65R,PRV-HC5CWNTSHD,,,,2024-06-30,2024-07-09,paid,generator,
CLM-N59CXZNNMN,professional,MBR-6RGUUNWJV3,PRV-CYX8UDJJ75,,,,2024-05-04,2024-05-14,paid,generator,
CLM-KQZ4DGMSE9,pharmacy,MBR-BUL4LEDKWE,PRV-Z84M5CG5BX,,,,2024-07-24,2024-08-03,paid,generator,
CLM-C7MX2UT3FC,facility,MBR-LKW3FJD9YF,PRV-QJ8CAJLGGT,FAC-HG5AVAWJLS,2024-02-27,2024-02-28,2024-03-14,2024-03-15,paid,generator,
CLM-TQB79BX2DM,facility,MBR-BL5PTDN9TA,PRV-QJ8CAJLGGT,FAC-HG5AVAWJLS,2024-04-06,2024-04-10,2024-05-19,2024-05-26,paid,generator,
CLM-S9CPYLRF4J,facility,MBR-YQDXZC2T45,PRV-LEVZRZGE33,FAC-HG5AVAWJLS,2024-08-02,2024-08-05,2024-09-05,2024-09-07,paid,generator,
CLM-VL7GW7WBGJ,professional,MBR-DPYG8XMK2N,PRV-HC5CWNTSHD,,,,2024-07-30,2024-08-08,paid,generator,
CLM-TDWHQR8VGK,facility,MBR-23FN74V9L5,PRV-QJ8CAJLGGT,FAC-FZ5P22Z29H,2024-01-03,2024-01-07,2024-01-27,2024-02-05,paid,generator,
CLM-MV2HKN2NC9,ambulance,MBR-XVAD9JHUZ8,PRV-KGZA99WKKT,,,,2024-07-19,2024-08-01,paid,generator,
CLM-GRVP5Y6JRF,pharmacy,MBR-XMN8XNZMG2,PRV-NNZAMXRZ52,,,,2024-06-24,2024-06-26,paid,generator,
CLM-4BY4BNN32U,home_health,MBR-Y46Z4D77Y3,PRV-R6UGAZC4XJ,,,,2024-05-03,2024-05-14,paid,generator,
CLM-98YVKKR92N,professional,MBR-ECH5HLTRCG,PRV-HC5CWNTSHD,,,,2024-06-02,2024-06-14,paid,generator,
CLM-J9RGWULZDV,home_health,MBR-4C2VNKWGF5,PRV-5AE63K9XH5,,,,2024-07-30,2024-08-07,paid,generator,
CLM-CH72U2L43R,dme,MBR-PETFJK9QT7,PRV-KB3DDTGVSY,,,,2024-04-24,2024-05-06,paid,generator,
CLM-DG6ZNEYKY4,professional,MBR-3ULHAGK6SG,PRV-EWJD2QDPA6,,,,2024-02-13,2024-02-14,paid,generator,
CLM-QDGWBTSBRM,professional,MBR-UQYW382EA8,PRV-HC5CWNTSHD,,,,2024-08-27,2024-08-28,paid,generator,
CLM-FWURZJV4BP,home_health,MBR-9VKQVB9R83,PRV-5AE63K9XH5,,,,2024-05-16,2024-05-22,paid,generator,
CLM-8VYVSPMXHH,home_health,MBR-EL4SD7SMBU,PRV-5AE63K9XH5,,,,2024-05-30,2024-06-06,paid,generator,
CLM-HE67JVLE6A,home_health,MBR-6RGUUNWJV3,PRV-R6UGAZC4XJ,,,,2024-03-18,2024-03-21,paid,generator,
CLM-6H3ENPZS4W,home_health,MBR-S7Z8C8UNTB,PRV-GQ36BNJZ2W,,,,2024-04-15,2024-04-22,paid,generator,
CLM-9K3KWWNGNL,professional,MBR-BUL4LEDKWE,PRV-HC5CWNTSHD,,,,2024-06-12,2024-06-21,paid,generator,
CLM-G3R6T463NP,professional,MBR-3ULHAGK6SG,PRV-DVP5UVKXMG,,,,2024-09-08,2024-09-09,paid,generator,
CLM-UEPNVX6BZH,home_health,MBR-DPYG8XMK2N,PRV-ZU6YL2HNHH,,,,2024-02-06,2024-02-11,paid,generator,
CLM-TQYW726X7X,professional,MBR-QN2SK6VX4D,PRV-52P4GQD2DS,,,,2024-08-05,2024-08-16,paid,generator,
CLM-5XRMCMA8WT,dme,MBR-Q9XVDUN4EG,PRV-KB3DDTGVSY,,,,2024-06-17,2024-06-21,paid,generator,
CLM-2NK2UUBQ23,professional,MBR-FZQYV4SKXX,PRV-CYX8UDJJ75,,,,2024-06-29,2024-07-12,paid,generator,
CLM-7Y7HM3KUWK,laboratory,MBR-ECH5HLTRCG,PRV-96KL4VD67A,,,,2024-05-29,2024-05-30,paid,generator,
CLM-UZKN3VVGEH,facility,MBR-EL4SD7SMBU,PRV-QJ8CAJLGGT,FAC-FZ5P22Z29H,2024-07-16,2024-07-18,2024-08-17,2024-08-28,paid,generator,
CLM-TKGFCCPUD6,professional,MBR-KSC4HVJFFY,PRV-HC5CWNTSHD,,,,2024-08-18,2024-08-21,paid,generator,
CLM-P2JEQ2K8KU,behavioral_health,MBR-DJLLB54X78,PRV-YHCS7YKNYQ,,,,2024-09-20,2024-09-23,paid,generator,
CLM-D8H377VV42,facility,MBR-TJZA2TZN6S,PRV-GZWKQRABYX,FAC-HG5AVAWJLS,2024-05-20,2024-05-23,2024-06-05,2024-06-14,paid,generator,
CLM-5YQAY9FEDH,behavioral_health,MBR-4PAPY9GKRR,PRV-YHCS7YKNYQ,,,,2024-08-14,2024-08-25,paid,generator,
CLM-693C3B4Z94,home_health,MBR-Q9XVDUN4EG,PRV-R6UGAZC4XJ,,,,2024-04-24,2024-05-03,paid,generator,
CLM-Y69NES8S9D,professional,MBR-63JAR5TFRQ,PRV-52P4GQD2DS,,,,2024-08-13,2024-08-22,paid,generator,
CLM-8Q8W9TAFW8,behavioral_health,MBR-UQYW382EA8,PRV-EGMCSQWZE2,,,,2024-03-13,2024-03-22,paid,generator,
CLM-ZE3UAR7R6B,behavioral_health,MBR-ANBZTECZG4,PRV-9HWCXGYGRP,,,,2024-05-19,2024-05-31,paid,generator,
CLM-VVST2GNVJ3,behavioral_health,MBR-JXM5V2U2EH,PRV-EGMCSQWZE2,,,,2024-07-01,2024-07-11,paid,generator,
CLM-NKY9MJ3N72,behavioral_health,MBR-ZQX5ZKU3UK,PRV-YHCS7YKNYQ,,,,2024-01-22,2024-02-01,paid,generator,
CLM-9FTBVJMB49,professional,MBR-UQYW382EA8,PRV-DVP5UVKXMG,,,,2024-01-15,2024-01-17,paid,generator,
CLM-2V32WEQT7T,facility,MBR-2NR27KXVV3,PRV-H9LG5VAJ3J,FAC-FZ5P22Z29H,2024-07-04,2024-07-06,2024-07-10,2024-07-17,paid,generator,
CLM-HDPL7Y9S7Y,professional,MBR-AEENY3383J,PRV-DVP5UVKXMG,,,,2024-09-04,2024-09-06,paid,generator,
CLM-2EL79F7LEG,professional,MBR-279EELY74M,PRV-CYX8UDJJ75,,,,2024-04-22,2024-05-04,paid,generator,
CLM-AKXUU6JBA6,professional,MBR-KURT4X2XJU,PRV-CYX8UDJJ75,,,,2024-04-29,2024-05-05,paid,generator,
CLM-FLWRDJSZUC,professional,MBR-VK3KCQ836K,PRV-52P4GQD2DS,,,,2024-05-24,2024-05-27,paid,generator,
CLM-8UJEFT3XLK,professional,MBR-ARSHMU22CN,PRV-EWJD2QDPA6,,,,2024-08-18,2024-08-26,paid,generator,
CLM-SYLY6E6JBC,behavioral_health,MBR-FYPQ73DHJX,PRV-F63QP3FKES,,,,2024-04-24,2024-04-30,paid,generator,
CLM-P3WCNKLK3T,professional,MBR-HGL5QVCM22,PRV-DVP5UVKXMG,,,,2024-06-16,2024-06-25,paid,generator,
CLM-QG8JVUV5LQ,professional,MBR-ENQHWRE4EM,PRV-EWJD2QDPA6,,,,2024-03-20,2024-03-31,paid,generator,
CLM-FED3T5QU8N,dme,MBR-ANBZTECZG4,PRV-FYQT8W8H8G,,,,2024-06-12,2024-06-15,paid,generator,
CLM-4W8AE4DKWP,professional,MBR-23FN74V9L5,PRV-CYX8UDJJ75,,,,2024-07-02,2024-07-07,paid,generator,
CLM-2LHE3JVUNK,facility,MBR-BZNAEFCCUH,PRV-H9LG5VAJ3J,FAC-FZ5P22Z29H,2024-06-26,2024-06-28,2024-07-01,2024-07-06,paid,generator,
CLM-WNQGKUPANT,facility,MBR-KQZHQZB89K,PRV-QJ8CAJLGGT,FAC-FZ5P22Z29H,2024-04-15,2024-04-16,2024-05-28,2024-06-02,paid,generator,
CLM-YNE4EWN9M6,professional,MBR-7FN4J7TSLE,PRV-DVP5UVKXMG,,,,2024-07-16,2024-07-20,paid,generator,
CLM-K3PE4HSAUY,facility,MBR-S7Z8C8UNTB,PRV-GZWKQRABYX,FAC-HG5AVAWJLS,2024-03-23,2024-03-27,2024-04-25,2024-05-04,paid,generator,
CLM-K3G4LZQLKK,pharmacy,MBR-ZQX5ZKU3UK,PRV-P8SZX5BYHL,,,,2024-02-01,2024-02-07,paid,generator,
CLM-F7UPE5RYBC,professional,MBR-BUL4LEDKWE,PRV-CYX8UDJJ75,,,,2024-07-05,2024-07-11,paid,generator,
CLM-YWP8RNGPGK,behavioral_health,MBR-PSVVP9RXXN,PRV-YHCS7YKNYQ,,,,2024-04-11,2024-04-20,paid,generator,
CLM-JARMVZPQYY,ambulance,MBR-LUWMQY57KY,PRV-AEV55VW98C,,,,2024-03-13,2024-03-18,paid,generator,
CLM-DML6MYNFZ8,home_health,MBR-EKUMPKKR4M,PRV-5AE63K9XH5,,,,2024-04-10,2024-04-15,paid,generator,
CLM-UUP6CFGFUZ,professional,MBR-B9S4DFFU5V,PRV-52P4GQD2DS,,,,2024-03-02,2024-03-09,paid,generator,
CLM-EFQRNDR5QT,facility,MBR-PETFJK9QT7,PRV-GZWKQRABYX,FAC-FZ5P22Z29H,2024-06-17,2024-06-18,2024-07-03,2024-07-15,paid,generator,
CLM-SBKWPGRMLH,behavioral_health,MBR-FR9SUZRQYE,PRV-EGMCSQWZE2,,,,2024-05-23,2024-06-04,paid,generator,
CLM-HQX7Y7NVEJ,behavioral_health,MBR-FZQYV4SKXX,PRV-YHCS7YKNYQ,,,,2024-08-29,2024-09-06,paid,generator,
CLM-W8A3TUDRXY,dme,MBR-EKUMPKKR4M,PRV-4TYA4STMB7,,,,2024-01-13,2024-01-17,paid,generator,
CLM-T49RQTSYH5,professional,MBR-9VKQVB9R83,PRV-EWJD2QDPA6,,,,2024-06-14,2024-06-17,paid,generator,
CLM-XRY8JXU5LD,home_health,MBR-Q56D234924,PRV-5AE63K9XH5,,,,2024-02-03,2024-02-06,paid,generator,
CLM-UUD3XV9S6L,home_health,MBR-LKW3FJD9YF,PRV-GQ36BNJZ2W,,,,2024-06-11,2024-06-15,paid,generator,
CLM-BTA3ASUPE3,home_health,MBR-QBR4HDNJC7,PRV-5AE63K9XH5,,,,2024-08-16,2024-08-24,paid,generator,
CLM-5P2JWMLFYL,facility,MBR-UTSSCND564,PRV-H9LG5VAJ3J,FAC-FZ5P22Z29H,2024-05-15,2024-05-16,2024-05-15,2024-05-26,paid,generator,
CLM-K6RSZKBLWG,professional,MBR-W33FF9PGW5,PRV-DVP5UVKXMG,,,,2024-07-05,2024-07-18,paid,generator,
CLM-66JE7AZZWR,professional,MBR-VK3KCQ836K,PRV-EWJD2QDPA6,,,,2024-07-18,2024-07-20,paid,generator,
CLM-8ZVDMM2UH7,home_health,MBR-DEXWGDJEY6,PRV-R6UGAZC4XJ,,,,2024-09-25,2024-10-01,paid,generator,
CLM-8BF4U9X4EC,laboratory,MBR-Y6AVHN8W6G,PRV-TTYMZNZQCD,,,,2024-09-04,2024-09-07,paid,generator,
CLM-LUL8YBRNZ9,facility,MBR-279EELY74M,PRV-QJ8CAJLGGT,FAC-HG5AVAWJLS,2024-08-11,2024-08-15,2024-09-12,2024-09-24,paid,generator,
CLM-J7TC44VH2N,professional,MBR-4KTNS62BW2,PRV-52P4GQD2DS,,,,2024-07-13,2024-07-15,paid,generator,
CLM-A63VXQSEDR,home_health,MBR-ANBZTECZG4,PRV-R6UGAZC4XJ,,,,2024-03-08,2024-03-14,paid,generator,
CLM-4NAQJHUYRL,professional,MBR-HX94GZSQRT,PRV-52P4GQD2DS,,,,2024-02-05,2024-02-09,paid,generator,
CLM-STG7A7AU99,facility,MBR-TEMED367ZE,PRV-H9LG5VAJ3J,FAC-FZ5P22Z29H,2024-01-30,2024-01-31,2024-01-30,2024-02-07,paid,generator,
CLM-JEXKYVWJNB,home_health,MBR-XPGBTT2ECZ,PRV-GQ36BNJZ2W,,,,2024-08-01,2024-08-07,paid,generator,
CLM-ABWPZBP5S3,facility,MBR-E5G8EVQHMP,PRV-LEVZRZGE33,FAC-HG5AVAWJLS,2024-07-29,2024-08-02,2024-09-03,2024-09-09,paid,generator,
CLM-FD5KK2EKH8,facility,MBR-B9S4DFFU5V,PRV-LEVZRZGE33,FAC-HG5AVAWJLS,2024-08-20,2024-08-23,2024-09-24,2024-09-30,paid,generator,
CLM-PTGVZYY6NX,ambulance,MBR-ZLNPJ2MYTP,PRV-2RBJKMU8EL,,,,2024-04-19,2024-04-21,paid,generator,
CLM-LQ5JL7PAZL,behavioral_health,MBR-P78M8HDWEL,PRV-EGMCSQWZE2,,,,2024-02-09,2024-02-10,paid,generator,
CLM-LUEK85GYUZ,ambulance,MBR-4MXTKGTLSY,PRV-AEV55VW98C,,,,2024-05-01,2024-05-04,paid,generator,
CLM-DJVBJPVGTY,professional,MBR-S7Z8C8UNTB,PRV-EWJD2QDPA6,,,,2024-03-21,2024-03-24,paid,generator,
CLM-4GLVXNPY4E,professional,MBR-EWCZ7ZJ4K2,PRV-CYX8UDJJ75,,,,2024-02-15,2024-02-20,paid,generator,
CLM-UZXHNQFKWN,professional,MBR-9VKQVB9R83,PRV-EWJD2QDPA6,,,,2024-04-01,2024-04-14,paid,generator,
CLM-7TNXAUWE6D,home_health,MBR-FYPQ73DHJX,PRV-R6UGAZC4XJ,,,,2024-07-22,2024-08-03,paid,generator,
CLM-4PMA8R26DB,pharmacy,MBR-6RGUUNWJV3,PRV-E2KQR2ZK3Q,,,,2024-03-15,2024-03-16,paid,generator,
CLM-GAKMBV55RJ,home_health,MBR-6R667HJXAJ,PRV-R6UGAZC4XJ,,,,2024-03-09,2024-03-16,paid,generator,
CLM-PFX94H4JDD,professional,MBR-PETFJK9QT7,PRV-CYX8UDJJ75,,,,2024-06-18,2024-06-20,paid,generator,
CLM-MNYPAVYTH8,professional,MBR-SYWRT9N83F,PRV-CYX8UDJJ75,,,,2024-08-07,2024-08-10,paid,generator,
CLM-TWM5XY7LZR,professional,MBR-7XEPY4R5EL,PRV-CYX8UDJJ75,,,,2024-07-29,2024-08-11,paid,generator,
CLM-75H3CUS53B,home_health,MBR-BJJYH8G9UH,PRV-R6UGAZC4XJ,,,,2024-03-22,2024-03-26,paid,generator,
CLM-FHSZ99SCUL,behavioral_health,MBR-E5G8EVQHMP,PRV-YHCS7YKNYQ,,,,2024-08-04,2024-08-06,paid,generator,
CLM-8MSCNCC2AA,ambulance,MBR-SMLQ7MHU28,PRV-2RBJKMU8EL,,,,2024-04-28,2024-05-03,paid,generator,
CLM-L2CJK544ML,professional,MBR-QBR4HDNJC7,PRV-HC5CWNTSHD,,,,2024-09-12,2024-09-23,paid,generator,
CLM-LNWR4G4V5A,professional,MBR-P78M8HDWEL,PRV-EWJD2QDPA6,,,,2024-06-30,2024-07-11,paid,generator,
CLM-6N2BK3EKX2,home_health,MBR-GQPNSUNUD8,PRV-GQ36BNJZ2W,,,,2024-02-15,2024-02-16,paid,generator,
CLM-MFTZH8F5Q2,professional,MBR-YTRN8M4CTJ,PRV-CYX8UDJJ75,,,,2024-01-24,2024-01-31,paid,generator,
CLM-KECW9CR673,professional,MBR-Q9XVDUN4EG,PRV-CYX8UDJJ75,,,,2024-05-09,2024-05-11,paid,generator,
CLM-G8PG7FM6LE,professional,MBR-KSC4HVJFFY,PRV-HC5CWNTSHD,,,,2024-06-07,2024-06-12,paid,generator,
CLM-58HKNK3EEK,professional,MBR-UQYW382EA8,PRV-DVP5UVKXMG,,,,2024-07-27,2024-07-29,paid,generator,
CLM-BKCYSXK9G3,professional,MBR-FV7G6UXLBA,PRV-52P4GQD2DS,,,,2024-08-18,2024-08-30,paid,generator,
CLM-38WLY2MHJ8,ambulance,MBR-BJJYH8G9UH,PRV-KGZA99WKKT,,,,2024-04-24,2024-04-30,paid,generator,
CLM-6ZYLPZK5EH,behavioral_health,MBR-ZLNPJ2MYTP,PRV-EGMCSQWZE2,,,,2024-04-10,2024-04-17,paid,generator,
CLM-9CFBJSZULV,behavioral_health,MBR-SMLQ7MHU28,PRV-EGMCSQWZE2,,,,2024-01-20,2024-01-25,paid,generator,
CLM-HA4VYJFMLB,pharmacy,MBR-VK3KCQ836K,PRV-Z84M5CG5BX,,,,2024-07-14,2024-07-20,paid,generator,
CLM-3YQN844T2X,facility,MBR-79KLVNZGFB,PRV-QJ8CAJLGGT,FAC-HG5AVAWJLS,2024-06-28,2024-07-02,2024-07-02,2024-07-08,paid,generator,
CLM-82TMG5HT4Y,home_health,MBR-NHZFV5F7YB,PRV-5AE63K9XH5,,,,2024-02-23,2024-03-04,paid,generator,
CLM-ZU47UK7L24,behavioral_health,MBR-7XEPY4R5EL,PRV-YHCS7YKNYQ,,,,2024-06-14,2024-06-25,paid,generator,
CLM-6D5VMJRQTQ,professional,MBR-TEMED367ZE,PRV-DVP5UVKXMG,,,,2024-07-11,2024-07-20,paid,generator,
CLM-4CD7Q9FHQW,home_health,MBR-H5PBWV7T3H,PRV-R6UGAZC4XJ,,,,2024-08-18,2024-08-24,paid,generator,
CLM-H2H92WQA4T,home_health,MBR-2NR27KXVV3,PRV-5AE63K9XH5,,,,2024-01-27,2024-02-01,paid,generator,
CLM-LK8DYZ9XWJ,ambulance,MBR-Y4DRB8SKCE,PRV-2RBJKMU8EL,,,,2024-07-17,2024-07-20,paid,generator,
CLM-P575RNDEQJ,professional,MBR-3DKU3QY3W4,PRV-CYX8UDJJ75,,,,2024-02-08,2024-02-15,paid,generator,
CLM-VRJEB7QXF7,professional,MBR-QN2SK6VX4D,PRV-HC5CWNTSHD,,,,2024-05-11,2024-05-16,paid,generator,
CLM-ZKE9J6MJJP,professional,MBR-GQPNSUNUD8,PRV-DVP5UVKXMG,,,,2024-02-28,2024-03-04,paid,generator,
CLM-7C43C9SQNF,facility,MBR-BZNAEFCCUH,PRV-LEVZRZGE33,FAC-HG5AVAWJLS,2024-01-19,2024-01-20,2024-01-20,2024-01-26,paid,generator,
CLM-3B49ZJEMKH,laboratory,MBR-TJZA2TZN6S,PRV-6LZYWNNT2J,,,,2024-07-08,2024-07-09,paid,generator,
CLM-YELTEGXB24,professional,MBR-R5AEQFFAJ2,PRV-CYX8UDJJ75,,,,2024-05-15,2024-05-23,paid,generator,
CLM-K9LR7P7QF9,facility,MBR-KXFLG7CTRT,PRV-H9LG5VAJ3J,FAC-FZ5P22Z29H,2024-05-15,2024-05-18,2024-06-09,2024-06-12,paid,generator,
CLM-VT7Q5CZHU7,dme,MBR-6KDHMRRDDG,PRV-KB3DDTGVSY,,,,2024-04-22,2024-05-05,paid,generator,
CLM-45ZWEVXJSL,home_health,MBR-JJNSJXSGYB,PRV-R6UGAZC4XJ,,,,2024-07-25,2024-07-26,paid,generator,
CLM-H9PNJT97AS,home_health,MBR-SYWRT9N83F,PRV-R6UGAZC4XJ,,,,2024-08-29,2024-09-07,paid,generator,
CLM-WU8MZ8XG77,home_health,MBR-FR9SUZRQYE,PRV-R6UGAZC4XJ,,,,2024-09-02,2024-09-14,paid,generator,
CLM-QTWJCGC2DG,home_health,MBR-4MXTKGTLSY,PRV-ZU6YL2HNHH,,,,2024-08-19,2024-08-30,paid,generator,
CLM-Z94J45ZRY7,professional,MBR-Y4DRB8SKCE,PRV-52P4GQD2DS,,,,2024-03-23,2024-03-27,paid,generator,
CLM-ZRVNUHRP78,professional,MBR-5Y93Z8WGHW,PRV-DVP5UVKXMG,,,,2024-02-16,2024-02-19,paid,generator,
CLM-UKR8LAFJDL,professional,MBR-UC38TQGQU2,PRV-CYX8UDJJ75,,,,2024-03-01,2024-03-12,paid,generator,
CLM-FVH56YQWLW,pharmacy,MBR-3ULHAGK6SG,PRV-E2KQR2ZK3Q,,,,2024-04-26,2024-04-30,paid,generator,
CLM-6X2HFM2XH8,professional,MBR-TEMED367ZE,PRV-EWJD2QDPA6,,,,2024-03-20,2024-03-26,paid,generator,
CLM-C92A9S2VDV,dme,MBR-ECH5HLTRCG,PRV-FYQT8W8H8G,,,,2024-03-07,2024-03-13,paid,generator,
CLM-79F48UGK3F,ambulance,MBR-DPYG8XMK2N,PRV-LJD3M755ZS,,,,2024-10-05,2024-10-10,paid,generator,
CLM-NPCFV4P662,ambulance,MBR-5Y93Z8WGHW,PRV-AEV55VW98C,,,,2024-04-24,2024-04-25,paid,generator,
CLM-RRJPGJM2YR,professional,MBR-6R667HJXAJ,PRV-DVP5UVKXMG,,,,2024-04-02,2024-04-15,paid,generator,
CLM-ZUVMNC37WM,dme,MBR-P42BUQXM3S,PRV-LVGM3QWE3V,,,,2024-03-11,2024-03-21,paid,generator,
CLM-JPL4Y94D5N,professional,MBR-Y46Z4D77Y3,PRV-EWJD2QDPA6,,,,2024-05-19,2024-05-20,paid,generator,
CLM-RSW7UJU7ZK,professional,MBR-SMLQ7MHU28,PRV-CYX8UDJJ75,,,,2024-05-16,2024-05-18,paid,generator,
CLM-65LT86R4XD,dme,MBR-63JAR5TFRQ,PRV-4TYA4STMB7,,,,2024-09-26,2024-09-27,paid,generator,
CLM-6F2UAMWDER,professional,MBR-N22Z5YSZ3U,PRV-EWJD2QDPA6,,,,2024-05-04,2024-05-17,paid,generator,
CLM-MYHJ8GNLLK,behavioral_health,MBR-PSVVP9RXXN,PRV-YHCS7YKNYQ,,,,2024-04-13,2024-04-26,paid,generator,
CLM-7F45UVWEJ5,home_health,MBR-BL5PTDN9TA,PRV-ZU6YL2HNHH,,,,2024-02-24,2024-02-29,paid,generator,
CLM-TMVQ4G7VFB,behavioral_health,MBR-5Y93Z8WGHW,PRV-9HWCXGYGRP,,,,2024-04-27,2024-04-29,paid,generator,
CLM-WPWN53K89F,home_health,MBR-XPGBTT2ECZ,PRV-R6UGAZC4XJ,,,,2024-09-14,2024-09-21,paid,generator,
CLM-BV5QGFQ38P,pharmacy,MBR-PETFJK9QT7,PRV-Z84M5CG5BX,,,,2024-07-17,2024-07-20,paid,generator,
CLM-GWXDFVAPF7,facility,MBR-8MK5KHJNCW,PRV-GZWKQRABYX,FAC-HG5AVAWJLS,2024-02-10,2024-02-13,2024-02-14,2024-02-25,paid,generator,
CLM-VSPZLZ9CX4,home_health,MBR-LUWMQY57KY,PRV-5AE63K9XH5,,,,2024-03-28,2024-03-31,paid,generator,
CLM-WQCV5GBSHZ,professional,MBR-8QYV5748M9,PRV-HC5CWNTSHD,,,,2024-03-26,2024-03-29,paid,generator,
CLM-CAP7YMX3BP,facility,MBR-KXFLG7CTRT,PRV-H9LG5VAJ3J,FAC-FZ5P22Z29H,2024-01-12,2024-01-14,2024-01-15,2024-01-16,paid,generator,
CLM-HDZZYESUHQ,home_health,MBR-4VYBTHF64D,PRV-R6UGAZC4XJ,,,,2024-07-28,2024-08-06,paid,generator,
CLM-Z7UBJHMV25,behavioral_health,MBR-B9S4DFFU5V,PRV-EGMCSQWZE2,,,,2024-04-20,2024-04-29,paid,generator,
CLM-Q9QF3UTBU9,home_health,MBR-BL5PTDN9TA,PRV-R6UGAZC4XJ,,,,2024-05-22,2024-05-27,paid,generator,
CLM-6EW3VSG4H5,behavioral_health,MBR-23FN74V9L5,PRV-9HWCXGYGRP,,,,2024-06-01,2024-06-09,paid,generator,
CLM-MUCTLBCC9K,dme,MBR-PSVVP9RXXN,PRV-4TYA4STMB7,,,,2024-09-17,2024-09-28,paid,generator,
CLM-YMF6W7LY3V,home_health,MBR-ZL5Q6EFMAR,PRV-GQ36BNJZ2W,,,,2024-08-02,2024-08-14,paid,generator,
CLM-DAZN6YW4FN,behavioral_health,MBR-4MXTKGTLSY,PRV-EGMCSQWZE2,,,,2024-08-10,2024-08-15,paid,generator,
CLM-3B3ZCFS6YF,professional,MBR-R5AEQFFAJ2,PRV-DVP5UVKXMG,,,,2024-03-14,2024-03-17,paid,generator,
CLM-QNFMBKK5G2,facility,MBR-ECH5HLTRCG,PRV-GZWKQRABYX,FAC-HG5AVAWJLS,2024-04-29,2024-05-02,2024-05-06,2024-05-10,paid,generator,
CLM-M2HB7W67QN,home_health,MBR-FYPQ73DHJX,PRV-ZU6YL2HNHH,,,,2024-04-10,2024-04-19,paid,generator,
CLM-KMVSV83S23,behavioral_health,MBR-JJNSJXSGYB,PRV-F63QP3FKES,,,,2024-02-29,2024-03-06,paid,generator,
CLM-54TSV4TMH2,dme,MBR-9NLNH78NEA,PRV-4TYA4STMB7,,,,2024-03-20,2024-04-02,paid,generator,
CLM-458ZXRJXUX,laboratory,MBR-LUWMQY57KY,PRV-96KL4VD67A,,,,2024-07-14,2024-07-18,paid,generator,
CLM-9MUHCDUCYM,professional,MBR-9NLNH78NEA,PRV-CYX8UDJJ75,,,,2024-03-26,2024-03-30,paid,generator,
CLM-M3E2SXYATP,ambulance,MBR-ZL5Q6EFMAR,PRV-2RBJKMU8EL,,,,2024-05-28,2024-05-30,paid,generator,
CLM-9782QXYNNJ,professional,MBR-YYH7PZ5M5C,PRV-EWJD2QDPA6,,,,2024-03-26,2024-04-03,paid,generator,
CLM-4DTE8CTLE2,home_health,MBR-5Y93Z8WGHW,PRV-GQ36BNJZ2W,,,,2024-08-14,2024-08-20,paid,generator,
CLM-MHSDTXJKPZ,professional,MBR-23FN74V9L5,PRV-DVP5UVKXMG,,,,2024-07-29,2024-07-31,paid,generator,
CLM-X3W8GFNWRA,home_health,MBR-H5PBWV7T3H,PRV-5AE63K9XH5,,,,2024-03-30,2024-04-09,paid,generator,
CLM-FQ7LEMVH8H,dme,MBR-Q9XVDUN4EG,PRV-KB3DDTGVSY,,,,2024-05-06,2024-05-11,paid,generator,
CLM-RA7U3MGW9U,professional,MBR-BJJYH8G9UH,PRV-52P4GQD2DS,,,,2024-06-10,2024-06-17,paid,generator,
CLM-CJZZWJ4DC5,facility,MBR-9NLNH78NEA,PRV-HP4BWL7QC4,FAC-HG5AVAWJLS,2024-04-26,2024-04-28,2024-06-05,2024-06-06,paid,generator,
CLM-A2MEZ6X7V7,professional,MBR-QN2SK6VX4D,PRV-HC5CWNTSHD,,,,2024-03-17,2024-03-28,paid,generator,
CLM-B3XWRJSKWF,behavioral_health,MBR-8QYV5748M9,PRV-9HWCXGYGRP,,,,2024-05-28,2024-06-01,paid,generator,
CLM-HUDLC9YUYE,professional,MBR-LYUPA4MC8N,PRV-EWJD2QDPA6,,,,2024-05-15,2024-05-19,paid,generator,
CLM-K5P5DXH6PX,dme,MBR-Q9XVDUN4EG,PRV-FYQT8W8H8G,,,,2024-03-02,2024-03-06,paid,generator,
CLM-BA7TQMGGV5,behavioral_health,MBR-ARSHMU22CN,PRV-F63QP3FKES,,,,2024-09-03,2024-09-06,paid,generator,
CLM-3E9DCZCV2A,facility,MBR-ETZVH7W6AB,PRV-GZWKQRABYX,FAC-HG5AVAWJLS,2024-05-05,2024-05-08,2024-06-02,2024-06-08,paid,generator,
CLM-RHNH3N5KG4,behavioral_health,MBR-B8UH9BQB22,PRV-YHCS7YKNYQ,,,,2024-10-05,2024-10-06,paid,generator,
CLM-TJGT57AN2R,professional,MBR-YYH7PZ5M5C,PRV-52P4GQD2DS,,,,2024-09-05,2024-09-09,paid,generator,
CLM-PQPXP98CM8,behavioral_health,MBR-NDAL8TYHG6,PRV-9HWCXGYGRP,,,,2024-02-01,2024-02-06,paid,generator,
CLM-NDTQ9LYMTK,professional,MBR-J39SZ2P3P6,PRV-CYX8UDJJ75,,,,2024-06-23,2024-07-03,paid,generator,
CLM-PRX52XCUF3,professional,MBR-4VB4MXWWPN,PRV-HC5CWNTSHD,,,,2024-07-13,2024-07-14,paid,generator,
CLM-Q6NBQCHF3L,home_health,MBR-BZNAEFCCUH,PRV-ZU6YL2HNHH,,,,2024-05-05,2024-05-18,paid,generator,
CLM-BR9BGE44UF,dme,MBR-LYUPA4MC8N,PRV-FYQT8W8H8G,,,,2024-05-23,2024-05-25,paid,generator,
CLM-EPJA7Z4L7C,laboratory,MBR-Q56D234924,PRV-6LZYWNNT2J,,,,2024-09-02,2024-09-14,paid,generator,
CLM-VV55PHFD7K,professional,MBR-26AVMXYZBB,PRV-52P4GQD2DS,,,,2024-05-02,2024-05-09,paid,generator,
CLM-UZZGM22GHP,laboratory,MBR-BJJYH8G9UH,PRV-DLK2K6289C,,,,2024-02-27,2024-03-10,paid,generator,
CLM-Y5QFUZQAXJ,professional,MBR-LKW3FJD9YF,PRV-CYX8UDJJ75,,,,2024-08-24,2024-08-25,paid,generator,
CLM-GB73JQFAWU,behavioral_health,MBR-5C38HCEB3B,PRV-EGMCSQWZE2,,,,2024-05-23,2024-05-28,paid,generator,
CLM-F5MPW2S3FU,facility,MBR-KH7EQQUK24,PRV-GZWKQRABYX,FAC-FZ5P22Z29H,2024-01-02,2024-01-06,2024-01-21,2024-01-24,paid,generator,
CLM-N29ZLUCCTH,behavioral_health,MBR-DEXWGDJEY6,PRV-YHCS7YKNYQ,,,,2024-04-06,2024-04-14,paid,generator,
CLM-PFTLWQT87S,dme,MBR-FR9SUZRQYE,PRV-FYQT8W8H8G,,,,2024-06-09,2024-06-17,paid,generator,
CLM-ECD54QRBLE,behavioral_health,MBR-QBR4HDNJC7,PRV-9HWCXGYGRP,,,,2024-07-10,2024-07-12,paid,generator,
CLM-DUY3YAHZKZ,professional,MBR-UCEQYHF3V4,PRV-CYX8UDJJ75,,,,2024-02-08,2024-02-15,paid,generator,
CLM-662KSREHWF,pharmacy,MBR-VK3KCQ836K,PRV-E2KQR2ZK3Q,,,,2024-02-04,2024-02-11,paid,generator,
CLM-Q5K5SCWL8S,ambulance,MBR-DPYG8XMK2N,PRV-LJD3M755ZS,,,,2024-07-16,2024-07-28,paid,generator,
CLM-NYNZNMJVNG,pharmacy,MBR-23FN74V9L5,PRV-Z84M5CG5BX,,,,2024-03-13,2024-03-20,paid,generator,
CLM-AGNL3YBPY9,professional,MBR-XVAD9JHUZ8,PRV-52P4GQD2DS,,,,2024-06-28,2024-07-07,paid,generator,
CLM-RC6M8R6NZD,laboratory,MBR-9NLNH78NEA,PRV-6LZYWNNT2J,,,,2024-04-10,2024-04-19,paid,generator,
CLM-KNHN9LHA95,professional,MBR-DJLLB54X78,PRV-HC5CWNTSHD,,,,2024-07-27,2024-08-06,paid,generator,
CLM-D2S274EPBJ,dme,MBR-6KDHMRRDDG,PRV-4TYA4STMB7,,,,2024-06-10,2024-06-20,paid,generator,
CLM-ZPDX32DUBV,home_health,MBR-SYWRT9N83F,PRV-ZU6YL2HNHH,,,,2024-06-28,2024-07-06,paid,generator,
CLM-GAFRTJXAYS,ambulance,MBR-V2LNSJANZJ,PRV-2RBJKMU8EL,,,,2024-03-15,2024-03-24,paid,generator,
CLM-GVYA7NFB5N,dme,MBR-HX94GZSQRT,PRV-KB3DDTGVSY,,,,2024-04-05,2024-04-08,paid,generator,
CLM-J2XDARQSWG,pharmacy,MBR-6SBLF43NN5,PRV-P8SZX5BYHL,,,,2024-08-19,2024-08-29,paid,generator,
CLM-HW352Q3T4X,laboratory,MBR-P42BUQXM3S,PRV-GG7BBL7G9L,,,,2024-04-02,2024-04-04,paid,generator,
CLM-KPRR5U928W,pharmacy,MBR-XVAD9JHUZ8,PRV-F2HS2XPZAV,,,,2024-07-01,2024-07-02,paid,generator,
CLM-AXEYYTJXJH,home_health,MBR-LYUPA4MC8N,PRV-GQ36BNJZ2W,,,,2024-04-16,2024-04-27,paid,generator,
CLM-27MJ6THCF8,home_health,MBR-HX94GZSQRT,PRV-5AE63K9XH5,,,,2024-03-12,2024-03-16,paid,generator,
CLM-W7HDL935KQ,ambulance,MBR-2NR27KXVV3,PRV-AEV55VW98C,,,,2024-03-12,2024-03-13,paid,generator,
CLM-KLSM723HD7,professional,MBR-NP25PG6T7N,PRV-EWJD2QDPA6,,,,2024-06-26,2024-07-07,paid,generator,
CLM-RHKAQGVXLZ,professional,MBR-S483KN937H,PRV-CYX8UDJJ75,,,,2024-08-15,2024-08-18,paid,generator,
CLM-P67XW2DVPS,pharmacy,MBR-4VB4MXWWPN,PRV-F2HS2XPZAV,,,,2024-04-05,2024-04-13,paid,generator,
CLM-2YWM6YL48U,professional,MBR-ECH5HLTRCG,PRV-CYX8UDJJ75,,,,2024-05-13,2024-05-21,paid,generator,
CLM-Y9BCWXTDYS,ambulance,MBR-S483KN937H,PRV-LJD3M755ZS,,,,2024-02-10,2024-02-15,paid,generator,
CLM-85GWNHUN4E,behavioral_health,MBR-TEMED367ZE,PRV-F63QP3FKES,,,,2024-03-05,2024-03-07,paid,generator,
CLM-F4XUFC8GPT,behavioral_health,MBR-BL5PTDN9TA,PRV-9HWCXGYGRP,,,,2024-02-06,2024-02-14,paid,generator,
CLM-SWBZQFL5JH,pharmacy,MBR-6R667HJXAJ,PRV-E2KQR2ZK3Q,,,,2024-06-03,2024-06-10,paid,generator,
CLM-CANG7YSXF2,ambulance,MBR-DPYG8XMK2N,PRV-AEV55VW98C,,,,2024-06-18,2024-06-22,paid,generator,
CLM-GNVS8E7CFP,facility,MBR-ANBZTECZG4,PRV-LEVZRZGE33,FAC-HG5AVAWJLS,2024-08-22,2024-08-23,2024-08-23,2024-09-02,paid,generator,
CLM-KVMSYTF9XW,professional,MBR-SMLQ7MHU28,PRV-CYX8UDJJ75,,,,2024-05-01,2024-05-05,paid,generator,
CLM-4DE8ZDDUA2,professional,MBR-ECH5HLTRCG,PRV-HC5CWNTSHD,,,,2024-03-29,2024-04-08,paid,generator,
CLM-ET65SQWUW8,dme,MBR-4VYBTHF64D,PRV-4TYA4STMB7,,,,2024-03-23,2024-03-24,paid,generator,
CLM-WAG24U4DH6,professional,MBR-GQPNSUNUD8,PRV-HC5CWNTSHD,,,,2024-03-19,2024-03-23,paid,generator,
CLM-P9V8VUN6SD,professional,MBR-23FN74V9L5,PRV-EWJD2QDPA6,,,,2024-08-27,2024-08-30,paid,generator,
CLM-LGKYQ2FDVU,laboratory,MBR-ENQHWRE4EM,PRV-DLK2K6289C,,,,2024-07-18,2024-07-20,paid,generator,
CLM-ENWHZG8Y9W,facility,MBR-V2LNSJANZJ,PRV-QJ8CAJLGGT,FAC-FZ5P22Z29H,2024-02-07,2024-02-11,2024-03-22,2024-03-29,paid,generator,
CLM-JFYEZNUA5X,laboratory,MBR-6R667HJXAJ,PRV-TTYMZNZQCD,,,,2024-06-25,2024-06-27,paid,generator,
CLM-5XXN4WLFB8,professional,MBR-KQZHQZB89K,PRV-HC5CWNTSHD,,,,2024-07-06,2024-07-15,paid,generator,
CLM-823U89ZSAA,dme,MBR-4VB4MXWWPN,PRV-LVGM3QWE3V,,,,2024-06-03,2024-06-11,paid,generator,
CLM-PQGEKH23YM,ambulance,MBR-HX94GZSQRT,PRV-AEV55VW98C,,,,2024-07-01,2024-07-12,paid,generator,
CLM-CPCU2EDBBZ,dme,MBR-EL4SD7SMBU,PRV-KB3DDTGVSY,,,,2024-06-11,2024-06-23,paid,generator,
CLM-EHQTAWP2SS,dme,MBR-JZTGZW6TE6,PRV-KB3DDTGVSY,,,,2024-06-26,2024-07-04,paid,generator,
CLM-KD655ZQANZ,ambulance,MBR-63JAR5TFRQ,PRV-AEV55VW98C,,,,2024-04-16,2024-04-24,paid,generator,
CLM-C87ANXWSJ8,behavioral_health,MBR-B9S4DFFU5V,PRV-9HWCXGYGRP,,,,2024-09-25,2024-09-26,paid,generator,
CLM-FXYTG6CRQT,ambulance,MBR-JJNSJXSGYB,PRV-LJD3M755ZS,,,,2024-09-08,2024-09-21,paid,generator,
CLM-5BHP9RSHT9,behavioral_health,MBR-7XEPY4R5EL,PRV-EGMCSQWZE2,,,,2024-09-04,2024-09-05,paid,generator,
CLM-UXMEY4YFS9,ambulance,MBR-U8Q725GQ72,PRV-2RBJKMU8EL,,,,2024-02-06,2024-02-14,paid,generator,
CLM-5SXA4EBT99,professional,MBR-ZLNPJ2MYTP,PRV-CYX8UDJJ75,,,,2024-05-14,2024-05-17,paid,generator,
CLM-DT7HN6ZSCB,dme,MBR-Q9XVDUN4EG,PRV-FYQT8W8H8G,,,,2024-05-12,2024-05-20,paid,generator,
CLM-UU2PXPSKQC,professional,MBR-KQZHQZB89K,PRV-EWJD2QDPA6,,,,2024-09-17,2024-09-25,paid,generator,
CLM-6T99QJGYCW,dme,MBR-YYH7PZ5M5C,PRV-4TYA4STMB7,,,,2024-04-14,2024-04-19,paid,generator,
CLM-7XW5S4M8PW,behavioral_health,MBR-BDY6GKJ6LW,PRV-YHCS7YKNYQ,,,,2024-06-23,2024-07-06,paid,generator,
CLM-8TTR78NE8E,behavioral_health,MBR-4KTNS62BW2,PRV-YHCS7YKNYQ,,,,2024-08-27,2024-09-09,paid,generator,
CLM-64JGZP85CK,ambulance,MBR-JXM5V2U2EH,PRV-AEV55VW98C,,,,2024-04-07,2024-04-17,paid,generator,
CLM-LQ689AQNRS,pharmacy,MBR-4EXUHMWNNJ,PRV-F2HS2XPZAV,,,,2024-03-25,2024-03-31,paid,generator,
CLM-65FRCWPKAX,dme,MBR-UTSSCND564,PRV-KB3DDTGVSY,,,,2024-07-17,2024-07-28,paid,generator,
CLM-UCXNGETK7K,behavioral_health,MBR-U8Q725GQ72,PRV-YHCS7YKNYQ,,,,2024-04-12,2024-04-13,paid,generator,
CLM-MV6L48CKXM,behavioral_health,MBR-9NLNH78NEA,PRV-F63QP3FKES,,,,2024-07-18,2024-07-21,paid,generator,
CLM-39ZZDNBD4F,pharmacy,MBR-LYUPA4MC8N,PRV-E2KQR2ZK3Q,,,,2024-06-13,2024-06-26,paid,generator,
CLM-SX2YBKURTC,dme,MBR-QFQ7K875L3,PRV-FYQT8W8H8G,,,,2024-05-27,2024-06-08,paid,generator,
CLM-AXRYJEQRTB,facility,MBR-QBR4HDNJC7,PRV-QJ8CAJLGGT,FAC-FZ5P22Z29H,2024-06-23,2024-06-24,2024-07-23,2024-08-03,paid,generator,
CLM-GDXT57N4T5,behavioral_health,MBR-6KDHMRRDDG,PRV-EGMCSQWZE2,,,,2024-01-27,2024-02-05,paid,generator,
CLM-3PH4P26LEE,professional,MBR-SYWRT9N83F,PRV-DVP5UVKXMG,,,,2024-02-09,2024-02-20,paid,generator,
CLM-NB77KF6ZNQ,professional,MBR-4C2VNKWGF5,PRV-HC5CWNTSHD,,,,2024-08-17,2024-08-27,paid,generator,
CLM-HSTP767TUC,dme,MBR-4EXUHMWNNJ,PRV-KB3DDTGVSY,,,,2024-04-23,2024-05-03,paid,generator,
CLM-NG6WM29PLF,behavioral_health,MBR-FZQYV4SKXX,PRV-9HWCXGYGRP,,,,2024-04-02,2024-04-15,paid,generator,
CLM-BW7ZKL8GXY,home_health,MBR-LYUPA4MC8N,PRV-R6UGAZC4XJ,,,,2024-04-24,2024-04-29,paid,generator,
CLM-D7FCX2KSBK,ambulance,MBR-JJNSJXSGYB,PRV-AEV55VW98C,,,,2024-08-31,2024-09-13,paid,generator,
CLM-5HEF4M7KVM,professional,MBR-YTRN8M4CTJ,PRV-CYX8UDJJ75,,,,2024-04-26,2024-04-28,paid,generator,
CLM-97WGM8J6DQ,home_health,MBR-5C38HCEB3B,PRV-GQ36BNJZ2W,,,,2024-02-26,2024-02-27,paid,generator,
CLM-PWRE96Q9JV,professional,MBR-BJJYH8G9UH,PRV-CYX8UDJJ75,,,,2024-04-02,2024-04-06,paid,generator,
CLM-GDU2UV9NCJ,laboratory,MBR-P78M8HDWEL,PRV-DLK2K6289C,,,,2024-05-18,2024-05-23,paid,generator,
CLM-GJURKJJASR,professional,MBR-79KLVNZGFB,PRV-CYX8UDJJ75,,,,2024-03-24,2024-03-27,paid,generator,
CLM-CYSUTM4VJ4,behavioral_health,MBR-LUWMQY57KY,PRV-F63QP3FKES,,,,2024-02-17,2024-02-29,paid,generator,
CLM-WRAHD254KS,home_health,MBR-P42BUQXM3S,PRV-ZU6YL2HNHH,,,,2024-08-20,2024-08-22,paid,generator,
CLM-6SX3K2KQ8S,facility,MBR-6SBLF43NN5,PRV-H9LG5VAJ3J,FAC-HG5AVAWJLS,2024-05-13,2024-05-15,2024-06-13,2024-06-15,paid,generator,
CLM-44X7RU5NG8,professional,MBR-XMN8XNZMG2,PRV-EWJD2QDPA6,,,,2024-02-19,2024-02-21,paid,generator,
CLM-JCKKHW5YXY,home_health,MBR-ENQHWRE4EM,PRV-GQ36BNJZ2W,,,,2024-02-20,2024-02-21,paid,generator,
CLM-D2GF75N2UJ,professional,MBR-Q56D234924,PRV-EWJD2QDPA6,,,,2024-06-03,2024-06-12,paid,generator,
CLM-ML5TL94Z4X,facility,MBR-GQPNSUNUD8,PRV-HP4BWL7QC4,FAC-HG5AVAWJLS,2024-08-14,2024-08-15,2024-08-31,2024-09-13,paid,generator,
CLM-CCHS5CD3QL,professional,MBR-QN2SK6VX4D,PRV-52P4GQD2DS,,,,2024-06-29,2024-07-03,paid,generator,
CLM-KMLZZZX2ZG,professional,MBR-Q9XVDUN4EG,PRV-EWJD2QDPA6,,,,2024-02-18,2024-02-19,paid,generator,
CLM-NS6L5D7PMG,behavioral_health,MBR-W33FF9PGW5,PRV-9HWCXGYGRP,,,,2024-07-07,2024-07-15,paid,generator,
CLM-D8AGJWHC8T,professional,MBR-P78M8HDWEL,PRV-DVP5UVKXMG,,,,2024-02-01,2024-02-14,paid,generator,
CLM-ZXN5FQN4DE,professional,MBR-KSC4HVJFFY,PRV-CYX8UDJJ75,,,,2024-05-25,2024-06-04,paid,generator,
CLM-ZR6QXUEU27,professional,MBR-4PAPY9GKRR,PRV-CYX8UDJJ75,,,,2024-03-07,2024-03-18,paid,generator,
CLM-JSS2WSLYUV,professional,MBR-FV7G6UXLBA,PRV-DVP5UVKXMG,,,,2024-01-21,2024-02-01,paid,generator,
CLM-23L8WUWQGX,pharmacy,MBR-DJLLB54X78,PRV-NNZAMXRZ52,,,,2024-06-02,2024-06-12,paid,generator,
CLM-NE9MD7ME6D,dme,MBR-NHZFV5F7YB,PRV-FYQT8W8H8G,,,,2024-07-04,2024-07-05,paid,generator,
CLM-EY3WDGUPR8,professional,MBR-EWCZ7ZJ4K2,PRV-CYX8UDJJ75,,,,2024-03-02,2024-03-13,paid,generator,
CLM-FH9FH4HFM3,behavioral_health,MBR-5Y93Z8WGHW,PRV-EGMCSQWZE2,,,,2024-03-30,2024-04-04,paid,generator,
CLM-HAKQ7SZQXN,behavioral_health,MBR-4PAPY9GKRR,PRV-9HWCXGYGRP,,,,2024-05-31,2024-06-13,paid,generator,
CLM-QNYKHRJEG7,home_health,MBR-N22Z5YSZ3U,PRV-ZU6YL2HNHH,,,,2024-07-30,2024-08-04,paid,generator,
CLM-2CCMDL3QXX,laboratory,MBR-6SBLF43NN5,PRV-96KL4VD67A,,,,2024-04-06,2024-04-14,paid,generator,
CLM-T5KXQSY7NE,professional,MBR-YTRN8M4CTJ,PRV-EWJD2QDPA6,,,,2024-06-05,2024-06-12,paid,generator,
CLM-TH7ZQPQAU5,behavioral_health,MBR-7FN4J7TSLE,PRV-EGMCSQWZE2,,,,2024-04-13,2024-04-14,paid,generator,
CLM-XHEB2TKLSN,facility,MBR-BL5PTDN9TA,PRV-HP4BWL7QC4,FAC-FZ5P22Z29H,2024-05-24,2024-05-25,2024-06-26,2024-07-06,paid,generator,
CLM-G7KYMLP6L2,professional,MBR-EFTCWLP65R,PRV-52P4GQD2DS,,,,2024-07-02,2024-07-03,paid,generator,
CLM-BSUPEG8ZA9,facility,MBR-ARSHMU22CN,PRV-LEVZRZGE33,FAC-HG5AVAWJLS,2024-01-16,2024-01-17,2024-01-22,2024-02-01,paid,generator,
CLM-BVGDN3S2YX,behavioral_health,MBR-7XEPY4R5EL,PRV-YHCS7YKNYQ,,,,2024-06-17,2024-06-28,paid,generator,
CLM-NXGCLNE5WR,home_health,MBR-KXFLG7CTRT,PRV-GQ36BNJZ2W,,,,2024-02-22,2024-03-04,paid,generator,
CLM-F9UTP2NE6G,professional,MBR-JJNSJXSGYB,PRV-HC5CWNTSHD,,,,2024-05-28,2024-06-09,paid,generator,
CLM-DCZ39NFGDG,professional,MBR-P42BUQXM3S,PRV-CYX8UDJJ75,,,,2024-07-05,2024-07-07,paid,generator,
CLM-QVAQK39M2G,professional,MBR-ANBZTECZG4,PRV-52P4GQD2DS,,,,2024-04-18,2024-04-23,paid,generator,
CLM-9KY49ZA26X,professional,MBR-P42BUQXM3S,PRV-CYX8UDJJ75,,,,2024-06-13,2024-06-22,paid,generator,
CLM-QEC2TRU9RT,dme,MBR-B9S4DFFU5V,PRV-4TYA4STMB7,,,,2024-01-14,2024-01-26,paid,generator,
CLM-ZF9MU6D9MR,home_health,MBR-HX94GZSQRT,PRV-ZU6YL2HNHH,,,,2024-03-20,2024-03-21,paid,generator,
CLM-ZTAX8XQLFX,pharmacy,MBR-P78M8HDWEL,PRV-Z84M5CG5BX,,,,2024-08-08,2024-08-21,paid,generator,
CLM-X94XDNL3W3,professional,MBR-JXM5V2U2EH,PRV-DVP5UVKXMG,,,,2024-05-24,2024-06-05,paid,generator,
CLM-YXVHCLCUEU,dme,MBR-5C38HCEB3B,PRV-KB3DDTGVSY,,,,2024-06-15,2024-06-20,paid,generator,
CLM-RZKDF3XCGL,behavioral_health,MBR-V2LNSJANZJ,PRV-YHCS7YKNYQ,,,,2024-02-27,2024-03-09,paid,generator,
CLM-WWZWS5ZKG2,professional,MBR-YQDXZC2T45,PRV-52P4GQD2DS,,,,2024-02-27,2024-03-04,paid,generator,
CLM-LCSACXM82K,home_health,MBR-E5G8EVQHMP,PRV-ZU6YL2HNHH,,,,2024-02-18,2024-02-20,paid,generator,
CLM-L8LVS5MS4H,professional,MBR-LKW3FJD9YF,PRV-HC5CWNTSHD,,,,2024-06-07,2024-06-15,paid,generator,
CLM-U7YNP5ZBSH,professional,MBR-SMLQ7MHU28,PRV-CYX8UDJJ75,,,,2024-04-16,2024-04-19,paid,generator,
CLM-XQP5WVFA2Y,dme,MBR-MPY7DCHPFS,PRV-4TYA4STMB7,,,,2024-03-19,2024-03-29,paid,generator,
CLM-T2ZCPSJT3Y,professional,MBR-JZTGZW6TE6,PRV-52P4GQD2DS,,,,2024-07-03,2024-07-16,paid,generator,
CLM-VPVJGWCERW,behavioral_health,MBR-U8Q725GQ72,PRV-9HWCXGYGRP,,,,2024-03-22,2024-03-30,paid,generator,
CLM-UXCL77ZMHL,facility,MBR-Y4DRB8SKCE,PRV-QJ8CAJLGGT,FAC-HG5AVAWJLS,2024-07-27,2024-07-28,2024-08-01,2024-08-05,paid,generator,
CLM-J7L8A4FDKD,ambulance,MBR-W33FF9PGW5,PRV-2RBJKMU8EL,,,,2024-03-20,2024-03-26,paid,generator,
CLM-374XBY9MUL,behavioral_health,MBR-N22Z5YSZ3U,PRV-EGMCSQWZE2,,,,2024-08-05,2024-08-09,paid,generator,
CLM-BAWQNMPUF9,ambulance,MBR-JZTGZW6TE6,PRV-AEV55VW98C,,,,2024-06-05,2024-06-18,paid,generator,
CLM-PKZT424BY6,ambulance,MBR-HGL5QVCM22,PRV-LJD3M755ZS,,,,2024-05-30,2024-06-01,paid,generator,
CLM-BMSBP5BD22,professional,MBR-EKUMPKKR4M,PRV-CYX8UDJJ75,,,,2024-09-03,2024-09-08,paid,generator,
CLM-YXGGFYK295,laboratory,MBR-4KTNS62BW2,PRV-DLK2K6289C,,,,2024-03-19,2024-03-21,paid,generator,
CLM-5C2JBWQGJZ,dme,MBR-ETZVH7W6AB,PRV-LVGM3QWE3V,,,,2024-02-12,2024-02-16,paid,generator,
CLM-C6FTBL8BBZ,behavioral_health,MBR-BDY6GKJ6LW,PRV-9HWCXGYGRP,,,,2024-05-13,2024-05-18,paid,generator,
CLM-L8ECC3QANP,pharmacy,MBR-79KLVNZGFB,PRV-F2HS2XPZAV,,,,2024-06-20,2024-07-01,paid,generator,
CLM-Q6MHABCDNK,home_health,MBR-BDY6GKJ6LW,PRV-5AE63K9XH5,,,,2024-09-02,2024-09-05,paid,generator,
CLM-BRFYVNSCSR,laboratory,MBR-EFTCWLP65R,PRV-GG7BBL7G9L,,,,2024-06-19,2024-06-20,paid,generator,
CLM-WCDR5KG8W3,laboratory,MBR-PETFJK9QT7,PRV-96KL4VD67A,,,,2024-03-06,2024-03-18,paid,generator,
CLM-C3CA6FCUBE,pharmacy,MBR-NP25PG6T7N,PRV-Z84M5CG5BX,,,,2024-03-08,2024-03-20,paid,generator,
CLM-6T6P9NMMRA,dme,MBR-4PAPY9GKRR,PRV-4TYA4STMB7,,,,2024-06-05,2024-06-09,paid,generator,
CLM-JT2SEPZ84N,professional,MBR-FVQXNKE82Q,PRV-52P4GQD2DS,,,,2024-06-24,2024-06-29,paid,generator,
CLM-8XZMZ74A6S,facility,MBR-FVQXNKE82Q,PRV-H9LG5VAJ3J,FAC-HG5AVAWJLS,2024-07-12,2024-07-15,2024-07-21,2024-08-03,paid,generator,
CLM-45XAZDWL9A,professional,MBR-QN2SK6VX4D,PRV-HC5CWNTSHD,,,,2024-02-10,2024-02-18,paid,generator,
CLM-AMKHZ2BZ5U,home_health,MBR-HX94GZSQRT,PRV-R6UGAZC4XJ,,,,2024-07-05,2024-07-12,paid,generator,
CLM-PJXPWN32D3,behavioral_health,MBR-63JAR5TFRQ,PRV-9HWCXGYGRP,,,,2024-05-25,2024-05-28,paid,generator,
CLM-AX8H6AA8L6,laboratory,MBR-TEMED367ZE,PRV-DLK2K6289C,,,,2024-06-20,2024-06-30,paid,generator,
CLM-KFE4D3KFD3,professional,MBR-UCEQYHF3V4,PRV-52P4GQD2DS,,,,2024-02-19,2024-02-22,paid,generator,
CLM-WVFP7TW539,facility,MBR-4LB87BN7MV,PRV-HP4BWL7QC4,FAC-FZ5P22Z29H,2024-03-04,2024-03-05,2024-03-31,2024-04-11,paid,generator,
CLM-CFTBX5GE96,professional,MBR-S483KN937H,PRV-HC5CWNTSHD,,,,2024-09-12,2024-09-20,paid,generator,
CLM-LQC9TRMA57,home_health,MBR-ENQHWRE4EM,PRV-ZU6YL2HNHH,,,,2024-05-07,2024-05-20,paid,generator,
CLM-RHJAL7Q6PE,behavioral_health,MBR-ZL5Q6EFMAR,PRV-F63QP3FKES,,,,2024-05-02,2024-05-14,paid,generator,
CLM-DX4HQU3SLW,behavioral_health,MBR-YTRN8M4CTJ,PRV-9HWCXGYGRP,,,,2024-03-24,2024-04-03,paid,generator,
CLM-TAPUGXFP5Z,professional,MBR-PSVVP9RXXN,PRV-DVP5UVKXMG,,,,2024-08-11,2024-08-18,paid,generator,
CLM-BFC95C2YQX,behavioral_health,MBR-BZNAEFCCUH,PRV-9HWCXGYGRP,,,,2024-02-12,2024-02-21,paid,generator,
CLM-MTFN3YMS8M,behavioral_health,MBR-PSVVP9RXXN,PRV-YHCS7YKNYQ,,,,2024-04-27,2024-05-06,paid,generator,
CLM-HPP6UV686A,home_health,MBR-5C38HCEB3B,PRV-5AE63K9XH5,,,,2024-05-17,2024-05-26,paid,generator,
CLM-FLEFV5LKAR,pharmacy,MBR-6RGUUNWJV3,PRV-E2KQR2ZK3Q,,,,2024-05-02,2024-05-10,paid,generator,
CLM-Q9FYWVJ8BE,professional,MBR-EFTCWLP65R,PRV-52P4GQD2DS,,,,2024-02-13,2024-02-23,paid,generator,
CLM-4XREKGJHMS,dme,MBR-P78M8HDWEL,PRV-KB3DDTGVSY,,,,2024-02-15,2024-02-24,paid,generator,
CLM-ZGEBWJBBKW,facility,MBR-EKUMPKKR4M,PRV-LEVZRZGE33,FAC-HG5AVAWJLS,2024-02-21,2024-02-24,2024-03-05,2024-03-09,paid,generator,
CLM-SAHZ6MDF36,dme,MBR-6SBLF43NN5,PRV-FYQT8W8H8G,,,,2024-01-27,2024-02-03,paid,generator,
CLM-M7UT7JKRJB,professional,MBR-B9S4DFFU5V,PRV-HC5CWNTSHD,,,,2024-04-12,2024-04-14,paid,generator,
CLM-5BHW9RAX3G,behavioral_health,MBR-S7Z8C8UNTB,PRV-YHCS7YKNYQ,,,,2024-03-22,2024-03-25,paid,generator,
CLM-Y8XVN8SG9Z,dme,MBR-TEMED367ZE,PRV-FYQT8W8H8G,,,,2024-05-27,2024-06-02,paid,generator,
CLM-CDX4V2B4Y4,home_health,MBR-BDY6GKJ6LW,PRV-5AE63K9XH5,,,,2024-08-03,2024-08-04,paid,generator,
CLM-WEW2P8WKX9,laboratory,MBR-V9VF74MPX3,PRV-GG7BBL7G9L,,,,2024-05-11,2024-05-24,paid,generator,
CLM-26BZ87Y7PB,professional,MBR-JJNSJXSGYB,PRV-EWJD2QDPA6,,,,2024-02-27,2024-03-11,paid,generator,
CLM-G93BHXTSD6,dme,MBR-H5PBWV7T3H,PRV-KB3DDTGVSY,,,,2024-02-16,2024-02-25,paid,generator,
CLM-9XC4YWKK74,professional,MBR-KURT4X2XJU,PRV-EWJD2QDPA6,,,,2024-05-15,2024-05-17,paid,generator,
CLM-AS8Q2726RP,ambulance,MBR-59N7KMSMAY,PRV-AEV55VW98C,,,,2024-05-15,2024-05-16,paid,generator,
CLM-59639M9F7N,dme,MBR-ENQHWRE4EM,PRV-4TYA4STMB7,,,,2024-06-18,2024-06-25,paid,generator,
CLM-X95D4NL2ZJ,pharmacy,MBR-E5G8EVQHMP,PRV-Z84M5CG5BX,,,,2024-06-20,2024-06-22,paid,generator,
CLM-N9GVRDS9C8,facility,MBR-XMN8XNZMG2,PRV-HP4BWL7QC4,FAC-FZ5P22Z29H,2024-08-20,2024-08-22,2024-09-29,2024-10-04,paid,generator,
CLM-FMBQR3GSRE,professional,MBR-BUL4LEDKWE,PRV-HC5CWNTSHD,,,,2024-04-02,2024-04-05,paid,generator,
CLM-5FAY4CT5UM,pharmacy,MBR-DPYG8XMK2N,PRV-E2KQR2ZK3Q,,,,2024-06-04,2024-06-15,paid,generator,
CLM-NKP5PSVW3V,professional,MBR-Y4DRB8SKCE,PRV-EWJD2QDPA6,,,,2024-02-08,2024-02-09,paid,generator,
CLM-CH25QL85L8,pharmacy,MBR-JZTGZW6TE6,PRV-Z84M5CG5BX,,,,2024-01-20,2024-01-24,paid,generator,
CLM-K3T7P2ZHGT,professional,MBR-UQYW382EA8,PRV-EWJD2QDPA6,,,,2024-06-21,2024-06-22,paid,generator,
CLM-ZGV7KTQ9YS,professional,MBR-B9S4DFFU5V,PRV-CYX8UDJJ75,,,,2024-05-21,2024-05-25,paid,generator,
CLM-8BZ5XMYB46,ambulance,MBR-YQDXZC2T45,PRV-2RBJKMU8EL,,,,2024-03-20,2024-03-22,paid,generator,
CLM-AEPJDJNMNA,behavioral_health,MBR-9NLNH78NEA,PRV-F63QP3FKES,,,,2024-05-22,2024-05-23,paid,generator,
CLM-4VYPJCGQDB,home_health,MBR-26AVMXYZBB,PRV-R6UGAZC4XJ,,,,2024-05-09,2024-05-20,paid,generator,
CLM-7NKK4BVHRN,dme,MBR-EWCZ7ZJ4K2,PRV-KB3DDTGVSY,,,,2024-05-04,2024-05-05,paid,generator,
CLM-67FBWZ3E2J,laboratory,MBR-6KDHMRRDDG,PRV-6LZYWNNT2J,,,,2024-09-06,2024-09-17,paid,generator,
CLM-HRQM2QNT5F,pharmacy,MBR-GQPNSUNUD8,PRV-Z84M5CG5BX,,,,2024-08-12,2024-08-17,paid,generator,
CLM-K26667KFG6,home_health,MBR-LJX3UFVHQR,PRV-R6UGAZC4XJ,,,,2024-08-16,2024-08-29,paid,generator,
CLM-TKTRUXTEUR,behavioral_health,MBR-J39SZ2P3P6,PRV-9HWCXGYGRP,,,,2024-08-24,2024-09-06,paid,generator,
CLM-L29LGVN9MA,facility,MBR-VPC7RKBDT2,PRV-H9LG5VAJ3J,FAC-FZ5P22Z29H,2024-05-24,2024-05-28,2024-07-03,2024-07-04,paid,generator,
CLM-PEUW7N36XL,laboratory,MBR-KXFLG7CTRT,PRV-DLK2K6289C,,,,2024-08-18,2024-08-23,paid,generator,
CLM-ERU8P2R8HT,professional,MBR-EKUMPKKR4M,PRV-52P4GQD2DS,,,,2024-02-17,2024-02-27,paid,generator,
CLM-KEE7M8MZBJ,professional,MBR-4EXUHMWNNJ,PRV-EWJD2QDPA6,,,,2024-09-28,2024-10-03,paid,generator,
CLM-ZFHBT67FRT,laboratory,MBR-ENQHWRE4EM,PRV-GG7BBL7G9L,,,,2024-08-26,2024-08-27,paid,generator,
CLM-578CN5F92Y,professional,MBR-LJX3UFVHQR,PRV-CYX8UDJJ75,,,,2024-05-25,2024-06-01,paid,generator,
CLM-CLRC6RCKWY,ambulance,MBR-J39SZ2P3P6,PRV-AEV55VW98C,,,,2024-04-25,2024-05-05,paid,generator,
CLM-GDWYEDJJSA,dme,MBR-BZNAEFCCUH,PRV-FYQT8W8H8G,,,,2024-02-06,2024-02-18,paid,generator,
CLM-RZZAM4KYL3,home_health,MBR-XPGBTT2ECZ,PRV-5AE63K9XH5,,,,2024-04-06,2024-04-15,paid,generator,
CLM-XHEAF8W969,professional,MBR-YYH7PZ5M5C,PRV-HC5CWNTSHD,,,,2024-03-30,2024-04-04,paid,generator,
CLM-H9XLMYXLL3,facility,MBR-ARSHMU22CN,PRV-QJ8CAJLGGT,FAC-FZ5P22Z29H,2024-04-19,2024-04-20,2024-05-10,2024-05-11,paid,generator,
CLM-NYQDR87QM9,behavioral_health,MBR-JJNSJXSGYB,PRV-EGMCSQWZE2,,,,2024-06-07,2024-06-13,paid,generator,
CLM-DHUC2SBNSD,pharmacy,MBR-EWCZ7ZJ4K2,PRV-P8SZX5BYHL,,,,2024-05-02,2024-05-06,paid,generator,
CLM-D7K5VP46SC,behavioral_health,MBR-UTSSCND564,PRV-YHCS7YKNYQ,,,,2024-05-07,2024-05-08,paid,generator,
CLM-RSJHLTLQEB,ambulance,MBR-279EELY74M,PRV-AEV55VW98C,,,,2024-02-24,2024-03-07,paid,generator,
CLM-PXV6SJJJ5G,behavioral_health,MBR-Q56D234924,PRV-9HWCXGYGRP,,,,2024-03-29,2024-03-31,paid,generator,
CLM-7XGMZXFPQK,behavioral_health,MBR-S483KN937H,PRV-F63QP3FKES,,,,2024-07-13,2024-07-14,paid,generator,
CLM-99GF872Z2Z,behavioral_health,MBR-63JAR5TFRQ,PRV-9HWCXGYGRP,,,,2024-03-26,2024-04-05,paid,generator,
CLM-LYBK8U3NMY,laboratory,MBR-HGL5QVCM22,PRV-TTYMZNZQCD,,,,2024-06-28,2024-07-08,paid,generator,
CLM-73FU25JR66,dme,MBR-23FN74V9L5,PRV-4TYA4STMB7,,,,2024-08-02,2024-08-10,paid,generator,
CLM-4RJQGC5L2K,laboratory,MBR-FVQXNKE82Q,PRV-DLK2K6289C,,,,2024-08-31,2024-09-10,paid,generator,
CLM-U4G5SZ8JYR,behavioral_health,MBR-Q9XVDUN4EG,PRV-YHCS7YKNYQ,,,,2024-09-09,2024-09-18,paid,generator,
CLM-BQLJVR7T3P,professional,MBR-QFQ7K875L3,PRV-DVP5UVKXMG,,,,2024-02-06,2024-02-09,paid,generator,
CLM-CQF99BPK8A,laboratory,MBR-E5G8EVQHMP,PRV-TTYMZNZQCD,,,,2024-04-02,2024-04-11,paid,generator,
CLM-MQ5CGM7XGY,professional,MBR-VPC7RKBDT2,PRV-52P4GQD2DS,,,,2024-06-21,2024-06-22,paid,generator,
CLM-Y5CLKD3J48,home_health,MBR-4C2VNKWGF5,PRV-R6UGAZC4XJ,,,,2024-06-20,2024-06-21,paid,generator,
CLM-6CUK83VMUY,behavioral_health,MBR-QBR4HDNJC7,PRV-YHCS7YKNYQ,,,,2024-02-21,2024-03-04,paid,generator,
CLM-AXBTA6G7JT,home_health,MBR-Q9XVDUN4EG,PRV-GQ36BNJZ2W,,,,2024-04-29,2024-05-11,paid,generator,
CLM-FA352E35CN,pharmacy,MBR-ARSHMU22CN,PRV-P8SZX5BYHL,,,,2024-05-12,2024-05-18,paid,generator,
CLM-XN6Y4B7RTY,professional,MBR-4KTNS62BW2,PRV-CYX8UDJJ75,,,,2024-05-13,2024-05-19,paid,generator,
CLM-R3339VK8G6,dme,MBR-KXFLG7CTRT,PRV-FYQT8W8H8G,,,,2024-09-30,2024-10-07,paid,generator,
CLM-KSHKCDNRDT,laboratory,MBR-TEMED367ZE,PRV-DLK2K6289C,,,,2024-04-23,2024-05-05,paid,generator,
CLM-TJXDF3RDDL,dme,MBR-V9VF74MPX3,PRV-FYQT8W8H8G,,,,2024-05-24,2024-06-03,paid,generator,
CLM-VBWV4DUMQ6,behavioral_health,MBR-NHZFV5F7YB,PRV-EGMCSQWZE2,,,,2024-05-13,2024-05-25,paid,generator,
CLM-4K376L3L7U,dme,MBR-N22Z5YSZ3U,PRV-LVGM3QWE3V,,,,2024-02-29,2024-03-12,paid,generator,
CLM-PM6XEJF8DB,behavioral_health,MBR-ANBZTECZG4,PRV-F63QP3FKES,,,,2024-08-08,2024-08-19,paid,generator,
CLM-UXJDSXCG8T,home_health,MBR-JJNSJXSGYB,PRV-GQ36BNJZ2W,,,,2024-05-12,2024-05-19,paid,generator,
CLM-EBFUUCZ5HR,behavioral_health,MBR-UTSSCND564,PRV-EGMCSQWZE2,,,,2024-03-30,2024-04-12,paid,generator,
CLM-8CYD4URU7U,pharmacy,MBR-5C38HCEB3B,PRV-E2KQR2ZK3Q,,,,2024-08-22,2024-08-27,paid,generator,
CLM-WWD4YBRRF9,behavioral_health,MBR-Q56D234924,PRV-F63QP3FKES,,,,2024-09-01,2024-09-12,paid,generator,
CLM-DD2RUNUZ2Z,ambulance,MBR-4KTNS62BW2,PRV-2RBJKMU8EL,,,,2024-02-25,2024-03-07,paid,generator,
CLM-EUM7G64BZE,laboratory,MBR-FVQXNKE82Q,PRV-96KL4VD67A,,,,2024-04-22,2024-05-04,paid,generator,
CLM-92ZSRS27K2,pharmacy,MBR-6RGUUNWJV3,PRV-P8SZX5BYHL,,,,2024-08-31,2024-09-02,paid,generator,
CLM-255VPZKT9H,ambulance,MBR-ZQX5ZKU3UK,PRV-2RBJKMU8EL,,,,2024-02-08,2024-02-15,paid,generator,
CLM-FK8EANX8X4,facility,MBR-PSVVP9RXXN,PRV-QJ8CAJLGGT,FAC-FZ5P22Z29H,2024-02-16,2024-02-18,2024-03-16,2024-03-25,paid,generator,
CLM-4HEXAYLA9T,behavioral_health,MBR-LUWMQY57KY,PRV-F63QP3FKES,,,,2024-03-31,2024-04-12,paid,generator,
CLM-UW9MPRXTUY,professional,MBR-W33FF9PGW5,PRV-EWJD2QDPA6,,,,2024-01-24,2024-01-28,paid,generator,
CLM-KDQV5X7HBM,facility,MBR-EWCZ7ZJ4K2,PRV-QJ8CAJLGGT,FAC-HG5AVAWJLS,2024-05-17,2024-05-20,2024-05-23,2024-05-30,paid,generator,
CLM-AC56HFGFAM,home_health,MBR-9NLNH78NEA,PRV-5AE63K9XH5,,,,2024-03-19,2024-03-22,paid,generator,
CLM-7CDNTYGY2B,facility,MBR-ZQX5ZKU3UK,PRV-HP4BWL7QC4,FAC-HG5AVAWJLS,2024-04-28,2024-05-02,2024-05-09,2024-05-13,paid,generator,
CLM-M53CWLU442,home_health,MBR-AEENY3383J,PRV-GQ36BNJZ2W,,,,2024-02-27,2024-03-03,paid,generator,
CLM-26Z3UM7VHX,professional,MBR-59N7KMSMAY,PRV-52P4GQD2DS,,,,2024-07-12,2024-07-22,paid,generator,
CLM-5T774N6H8K,home_health,MBR-23FN74V9L5,PRV-GQ36BNJZ2W,,,,2024-07-31,2024-08-11,paid,generator,
CLM-2GGQNVV24X,pharmacy,MBR-DPYG8XMK2N,PRV-F2HS2XPZAV,,,,2024-02-26,2024-03-04,paid,generator,
CLM-FRQEENWBX7,ambulance,MBR-FYPQ73DHJX,PRV-2RBJKMU8EL,,,,2024-05-29,2024-06-07,paid,generator,
CLM-KC55UV765D,behavioral_health,MBR-KSC4HVJFFY,PRV-9HWCXGYGRP,,,,2024-02-13,2024-02-17,paid,generator,
CLM-P38FPBK2R9,home_health,MBR-J39SZ2P3P6,PRV-R6UGAZC4XJ,,,,2024-06-07,2024-06-15,paid,generator,
CLM-YM2VKJHMNJ,professional,MBR-BJJYH8G9UH,PRV-HC5CWNTSHD,,,,2024-06-16,2024-06-27,paid,generator,
CLM-9SUQBGW7CG,laboratory,MBR-3ULHAGK6SG,PRV-DLK2K6289C,,,,2024-04-27,2024-05-10,paid,generator,
CLM-N7ZGGSM6B2,laboratory,MBR-6SBLF43NN5,PRV-GG7BBL7G9L,,,,2024-05-24,2024-05-30,paid,generator,
CLM-DV4P877DF4,professional,MBR-EWCZ7ZJ4K2,PRV-52P4GQD2DS,,,,2024-06-25,2024-07-04,paid,generator,
CLM-QAL2ALT2WE,behavioral_health,MBR-7FN4J7TSLE,PRV-YHCS7YKNYQ,,,,2024-07-11,2024-07-12,paid,generator,
CLM-PKYXTB975D,behavioral_health,MBR-4VB4MXWWPN,PRV-YHCS7YKNYQ,,,,2024-07-13,2024-07-24,paid,generator,
CLM-TG9ABCY3QB,home_health,MBR-VPC7RKBDT2,PRV-5AE63K9XH5,,,,2024-05-08,2024-05-11,paid,generator,
CLM-ZF22JX8S49,professional,MBR-26AVMXYZBB,PRV-52P4GQD2DS,,,,2024-09-07,2024-09-19,paid,generator,
CLM-PJ2UPZQ9XL,pharmacy,MBR-79KLVNZGFB,PRV-E2KQR2ZK3Q,,,,2024-07-15,2024-07-28,paid,generator,
CLM-S7QGDJE8HK,home_health,MBR-KXFLG7CTRT,PRV-R6UGAZC4XJ,,,,2024-03-03,2024-03-16,paid,generator,
CLM-QXLA65FBNR,home_health,MBR-FV7G6UXLBA,PRV-GQ36BNJZ2W,,,,2024-03-21,2024-03-24,paid,generator,
CLM-Q67TD65CAH,pharmacy,MBR-JJNSJXSGYB,PRV-F2HS2XPZAV,,,,2024-06-19,2024-06-22,paid,generator,
CLM-T3UDPD5YU5,home_health,MBR-XVAD9JHUZ8,PRV-R6UGAZC4XJ,,,,2024-06-09,2024-06-10,paid,generator,
CLM-STFTAKSAGE,facility,MBR-7XEPY4R5EL,PRV-LEVZRZGE33,FAC-FZ5P22Z29H,2024-04-24,2024-04-27,2024-05-12,2024-05-21,paid,generator,
CLM-TRW69H5SEZ,behavioral_health,MBR-4KTNS62BW2,PRV-9HWCXGYGRP,,,,2024-05-14,2024-05-18,paid,generator,
CLM-U3H7FXXH4L,behavioral_health,MBR-KSC4HVJFFY,PRV-F63QP3FKES,,,,2024-05-06,2024-05-09,paid,generator,
CLM-4ZCTX3FVZ5,dme,MBR-E5G8EVQHMP,PRV-FYQT8W8H8G,,,,2024-07-28,2024-07-29,paid,generator,
CLM-F78TZZJNK9,behavioral_health,MBR-26AVMXYZBB,PRV-YHCS7YKNYQ,,,,2024-02-20,2024-02-22,paid,generator,
CLM-VD9NNFGSSK,facility,MBR-QBR4HDNJC7,PRV-HP4BWL7QC4,FAC-FZ5P22Z29H,2024-02-23,2024-02-25,2024-03-22,2024-03-24,paid,generator,
CLM-BSDDRHADCT,home_health,MBR-JJNSJXSGYB,PRV-R6UGAZC4XJ,,,,2024-05-17,2024-05-22,paid,generator,
CLM-SQHHQKAYL3,home_health,MBR-KXFLG7CTRT,PRV-5AE63K9XH5,,,,2024-06-17,2024-06-19,paid,generator,
CLM-CKAN27FWFK,home_health,MBR-BUL4LEDKWE,PRV-GQ36BNJZ2W,,,,2024-09-12,2024-09-17,paid,generator,
CLM-HHDM837EW5,dme,MBR-6SBLF43NN5,PRV-FYQT8W8H8G,,,,2024-04-03,2024-04-15,paid,generator,
CLM-54PXZL3J5G,behavioral_health,MBR-DPYG8XMK2N,PRV-F63QP3FKES,,,,2024-02-17,2024-02-29,paid,generator,
CLM-FYKWBMLB86,home_health,MBR-HX94GZSQRT,PRV-ZU6YL2HNHH,,,,2024-08-22,2024-08-26,paid,generator,
CLM-2M6JMY5EFG,professional,MBR-FZQYV4SKXX,PRV-DVP5UVKXMG,,,,2024-02-28,2024-03-06,paid,generator,
CLM-7HUDKJXUDQ,ambulance,MBR-XPGBTT2ECZ,PRV-LJD3M755ZS,,,,2024-02-13,2024-02-18,paid,generator,
CLM-UJRUZ5QL2E,professional,MBR-5C38HCEB3B,PRV-HC5CWNTSHD,,,,2024-07-03,2024-07-04,paid,generator,
CLM-VK5RBT4RVA,behavioral_health,MBR-XVAD9JHUZ8,PRV-EGMCSQWZE2,,,,2024-03-25,2024-03-28,paid,generator,
CLM-UE3U266PY8,laboratory,MBR-W33FF9PGW5,PRV-GG7BBL7G9L,,,,2024-04-19,2024-04-27,paid,generator,
CLM-7CCP6USSLB,professional,MBR-8MK5KHJNCW,PRV-52P4GQD2DS,,,,2024-04-22,2024-04-29,paid,generator,
CLM-LTPV5LM77X,dme,MBR-YYH7PZ5M5C,PRV-4TYA4STMB7,,,,2024-06-27,2024-06-30,paid,generator,
CLM-TS7LXELFRH,professional,MBR-23FN74V9L5,PRV-52P4GQD2DS,,,,2024-08-07,2024-08-08,paid,generator,
CLM-YYH5PF7Z4E,professional,MBR-BJJYH8G9UH,PRV-HC5CWNTSHD,,,,2024-07-31,2024-08-02,paid,generator,
CLM-PXUAW5U448,professional,MBR-KURT4X2XJU,PRV-EWJD2QDPA6,,,,2024-07-18,2024-07-22,paid,generator,
CLM-TKEEZJT7UH,behavioral_health,MBR-ARSHMU22CN,PRV-F63QP3FKES,,,,2024-05-02,2024-05-05,paid,generator,
CLM-7G77NAUG39,behavioral_health,MBR-Y46Z4D77Y3,PRV-YHCS7YKNYQ,,,,2024-03-03,2024-03-07,paid,generator,
CLM-NCHVAKY9LW,home_health,MBR-3DKU3QY3W4,PRV-R6UGAZC4XJ,,,,2024-07-03,2024-07-16,paid,generator,
CLM-5AW69RYZ3S,dme,MBR-4C2VNKWGF5,PRV-FYQT8W8H8G,,,,2024-07-07,2024-07-14,paid,generator,
CLM-4QGXFAXLZN,behavioral_health,MBR-Y6AVHN8W6G,PRV-YHCS7YKNYQ,,,,2024-08-07,2024-08-20,paid,generator,
CLM-5UUF6R4HS9,laboratory,MBR-QBR4HDNJC7,PRV-6LZYWNNT2J,,,,2024-06-26,2024-07-02,paid,generator,
CLM-R27M6DD9JQ,professional,MBR-5Y93Z8WGHW,PRV-CYX8UDJJ75,,,,2024-07-17,2024-07-22,paid,generator,
CLM-CHK3YEBTU7,behavioral_health,MBR-5Y93Z8WGHW,PRV-EGMCSQWZE2,,,,2024-04-27,2024-05-01,paid,generator,
CLM-SN9K84CCVP,professional,MBR-85TW3PXGVH,PRV-DVP5UVKXMG,,,,2024-09-14,2024-09-20,paid,generator,
CLM-UF5C6LFCEG,ambulance,MBR-B9S4DFFU5V,PRV-LJD3M755ZS,,,,2024-08-05,2024-08-12,paid,generator,
CLM-BZJFVQTW2W,pharmacy,MBR-79KLVNZGFB,PRV-P8SZX5BYHL,,,,2024-09-07,2024-09-13,paid,generator,
CLM-277AD27K3Z,ambulance,MBR-279EELY74M,PRV-LJD3M755ZS,,,,2024-02-06,2024-02-07,paid,generator,
CLM-RSD97926RS,laboratory,MBR-BJJYH8G9UH,PRV-96KL4VD67A,,,,2024-06-07,2024-06-13,paid,generator,
CLM-N3SFRTWKEG,professional,MBR-V9VF74MPX3,PRV-EWJD2QDPA6,,,,2024-03-15,2024-03-26,paid,generator,
CLM-8NJN54474L,home_health,MBR-VPC7RKBDT2,PRV-R6UGAZC4XJ,,,,2024-01-16,2024-01-20,paid,generator,
CLM-PLAVLBL344,ambulance,MBR-DPYG8XMK2N,PRV-KGZA99WKKT,,,,2024-09-12,2024-09-20,paid,generator,
CLM-VFMPJX4Q3Z,behavioral_health,MBR-V9VF74MPX3,PRV-EGMCSQWZE2,,,,2024-03-30,2024-04-09,paid,generator,
CLM-T7SCNCVQ72,professional,MBR-4PAPY9GKRR,PRV-DVP5UVKXMG,,,,2024-03-24,2024-04-03,paid,generator,
CLM-JTFLBAF3MD,behavioral_health,MBR-BDY6GKJ6LW,PRV-EGMCSQWZE2,,,,2024-06-12,2024-06-22,paid,generator,
CLM-AAN49F2M58,professional,MBR-4VB4MXWWPN,PRV-DVP5UVKXMG,,,,2024-02-12,2024-02-22,paid,generator,
CLM-4WM2D7CFYJ,professional,MBR-EKUMPKKR4M,PRV-EWJD2QDPA6,,,,2024-02-06,2024-02-16,paid,generator,
CLM-RMECCJ8QW5,laboratory,MBR-FVQXNKE82Q,PRV-GG7BBL7G9L,,,,2024-05-01,2024-05-06,paid,generator,
CLM-DLKW2CQ6FU,behavioral_health,MBR-Y6AVHN8W6G,PRV-F63QP3FKES,,,,2024-09-12,2024-09-15,paid,generator,
CLM-9365X63AW9,professional,MBR-EKUMPKKR4M,PRV-EWJD2QDPA6,,,,2024-04-19,2024-04-30,paid,generator,
CLM-CJZ8HRDXAX,professional,MBR-VK3KCQ836K,PRV-CYX8UDJJ75,,,,2024-04-10,2024-04-12,paid,generator,
CLM-QL4VYWSY7N,professional,MBR-59N7KMSMAY,PRV-HC5CWNTSHD,,,,2024-04-07,2024-04-17,paid,generator,
CLM-EGVHG4UFCH,professional,MBR-R5AEQFFAJ2,PRV-HC5CWNTSHD,,,,2024-07-11,2024-07-20,paid,generator,
CLM-FNEG32WNUX,professional,MBR-SMLQ7MHU28,PRV-DVP5UVKXMG,,,,2024-06-04,2024-06-08,paid,generator,
CLM-HMUTAM8UMZ,behavioral_health,MBR-3DKU3QY3W4,PRV-YHCS7YKNYQ,,,,2024-08-17,2024-08-22,paid,generator,
CLM-M8TBSBKZY7,dme,MBR-LYUPA4MC8N,PRV-KB3DDTGVSY,,,,2024-07-04,2024-07-13,paid,generator,
CLM-D55HGVG2EJ,behavioral_health,MBR-ECH5HLTRCG,PRV-YHCS7YKNYQ,,,,2024-05-24,2024-06-03,paid,generator,
CLM-5A469S3ASK,professional,MBR-6R667HJXAJ,PRV-52P4GQD2DS,,,,2024-03-01,2024-03-13,paid,generator,
CLM-NPV2MCFHGS,behavioral_health,MBR-P78M8HDWEL,PRV-EGMCSQWZE2,,,,2024-02-19,2024-02-20,paid,generator,
CLM-MHV6ZEEN2X,home_health,MBR-9PQ5QXMXV9,PRV-5AE63K9XH5,,,,2024-09-08,2024-09-09,paid,generator,
CLM-89S43A2AQ8,ambulance,MBR-Q9XVDUN4EG,PRV-KGZA99WKKT,,,,2024-05-24,2024-05-27,paid,generator,
CLM-AAXBYR8WH8,dme,MBR-N22Z5YSZ3U,PRV-FYQT8W8H8G,,,,2024-04-25,2024-05-08,paid,generator,
CLM-MLK2KCEUD7,pharmacy,MBR-5Y93Z8WGHW,PRV-P8SZX5BYHL,,,,2024-07-25,2024-07-26,paid,generator,
CLM-ZC37GYLCWV,facility,MBR-HGL5QVCM22,PRV-LEVZRZGE33,FAC-FZ5P22Z29H,2024-07-07,2024-07-10,2024-08-04,2024-08-17,paid,generator,
CLM-JX6GC39ZUD,ambulance,MBR-9NLNH78NEA,PRV-LJD3M755ZS,,,,2024-06-27,2024-07-02,paid,generator,
CLM-Y8RGYL3L6T,facility,MBR-63JAR5TFRQ,PRV-HP4BWL7QC4,FAC-FZ5P22Z29H,2024-06-08,2024-06-09,2024-06-09,2024-06-10,paid,generator,
CLM-C92SM9BS4Q,professional,MBR-BL5PTDN9TA,PRV-EWJD2QDPA6,,,,2024-03-11,2024-03-23,paid,generator,
CLM-C54VMG5U4B,home_health,MBR-SMLQ7MHU28,PRV-R6UGAZC4XJ,,,,2024-07-09,2024-07-11,paid,generator,
CLM-HVU6ECZ5NM,dme,MBR-P42BUQXM3S,PRV-4TYA4STMB7,,,,2024-05-19,2024-05-28,paid,generator,
CLM-AZJ7F5QEQN,behavioral_health,MBR-XVAD9JHUZ8,PRV-9HWCXGYGRP,,,,2024-05-01,2024-05-09,paid,generator,
CLM-8DJC7ALK29,ambulance,MBR-4VYBTHF64D,PRV-KGZA99WKKT,,,,2024-04-27,2024-04-28,paid,generator,
CLM-YD4ESXLZ97,behavioral_health,MBR-VPC7RKBDT2,PRV-F63QP3FKES,,,,2024-01-31,2024-02-07,paid,generator,
CLM-QYA2S95NAN,behavioral_health,MBR-YYH7PZ5M5C,PRV-YHCS7YKNYQ,,,,2024-07-07,2024-07-12,paid,generator,
CLM-YGRGGKVDG5,facility,MBR-BDY6GKJ6LW,PRV-LEVZRZGE33,FAC-HG5AVAWJLS,2024-07-21,2024-07-24,2024-08-09,2024-08-20,paid,generator,
CLM-X8AN4VXDY5,pharmacy,MBR-Q56D234924,PRV-F2HS2XPZAV,,,,2024-06-26,2024-07-05,paid,generator,
CLM-36UGKM36W8,professional,MBR-NDAL8TYHG6,PRV-52P4GQD2DS,,,,2024-07-11,2024-07-18,paid,generator,
CLM-QRY9ZXXUUW,professional,MBR-N22Z5YSZ3U,PRV-DVP5UVKXMG,,,,2024-04-09,2024-04-11,paid,generator,
CLM-BRE4LW9XYS,laboratory,MBR-4PAPY9GKRR,PRV-96KL4VD67A,,,,2024-09-15,2024-09-27,paid,generator,
CLM-T3FRLDAJXA,dme,MBR-EWCZ7ZJ4K2,PRV-KB3DDTGVSY,,,,2024-08-17,2024-08-26,paid,generator,
CLM-EBBNWZ3QS4,home_health,MBR-S7Z8C8UNTB,PRV-5AE63K9XH5,,,,2024-02-08,2024-02-09,paid,generator,
CLM-VCKBK4PM8N,professional,MBR-V9VF74MPX3,PRV-52P4GQD2DS,,,,2024-02-28,2024-03-10,paid,generator,
CLM-W4CC69RNYR,home_health,MBR-YQDXZC2T45,PRV-R6UGAZC4XJ,,,,2024-04-25,2024-04-26,paid,generator,
CLM-VSVZXWJPQP,professional,MBR-FR9SUZRQYE,PRV-EWJD2QDPA6,,,,2024-09-22,2024-09-27,paid,generator,
CLM-T8R336UTVE,behavioral_health,MBR-VK3KCQ836K,PRV-YHCS7YKNYQ,,,,2024-02-16,2024-02-22,paid,generator,
CLM-PQD7MNM67B,facility,MBR-Q56D234924,PRV-H9LG5VAJ3J,FAC-HG5AVAWJLS,2024-01-02,2024-01-06,2024-01-22,2024-01-26,paid,generator,
CLM-9NJLVXG5QK,behavioral_health,MBR-P78M8HDWEL,PRV-EGMCSQWZE2,,,,2024-02-26,2024-02-29,paid,generator,
CLM-2MG2VJ3R4C,pharmacy,MBR-4LB87BN7MV,PRV-F2HS2XPZAV,,,,2024-05-30,2024-06-11,paid,generator,
CLM-D9SNUCJQHP,laboratory,MBR-LKW3FJD9YF,PRV-GG7BBL7G9L,,,,2024-03-03,2024-03-11,paid,generator,
CLM-FUW5Q7EYGX,dme,MBR-ENQHWRE4EM,PRV-FYQT8W8H8G,,,,2024-08-24,2024-08-31,paid,generator,
CLM-2XEDJJJWH2,pharmacy,MBR-AEENY3383J,PRV-P8SZX5BYHL,,,,2024-07-08,2024-07-11,paid,generator,
CLM-CNYRZ99LS6,ambulance,MBR-PSVVP9RXXN,PRV-2RBJKMU8EL,,,,2024-03-09,2024-03-21,paid,generator,
CLM-NK78NCZDHB,dme,MBR-4VYBTHF64D,PRV-4TYA4STMB7,,,,2024-07-09,2024-07-22,paid,generator,
CLM-EMS67XK2JP,ambulance,MBR-V9VF74MPX3,PRV-LJD3M755ZS,,,,2024-05-12,2024-05-21,paid,generator,
CLM-UGRAZ72XWZ,professional,MBR-9PQ5QXMXV9,PRV-52P4GQD2DS,,,,2024-03-22,2024-03-24,paid,generator,
CLM-ZS3LGC62XY,facility,MBR-S483KN937H,PRV-GZWKQRABYX,FAC-HG5AVAWJLS,2024-08-04,2024-08-06,2024-08-13,2024-08-19,paid,generator,
CLM-WQRLZKFASJ,home_health,MBR-QN2SK6VX4D,PRV-ZU6YL2HNHH,,,,2024-04-06,2024-04-11,paid,generator,
CLM-XRMNUXEFCW,behavioral_health,MBR-FR9SUZRQYE,PRV-9HWCXGYGRP,,,,2024-09-18,2024-09-27,paid,generator,
CLM-T7XHXGXXCQ,professional,MBR-ENQHWRE4EM,PRV-DVP5UVKXMG,,,,2024-04-06,2024-04-07,paid,generator,
CLM-C4GGHH9RE3,pharmacy,MBR-4VB4MXWWPN,PRV-P8SZX5BYHL,,,,2024-04-04,2024-04-14,paid,generator,
CLM-4PEKJRGK3X,pharmacy,MBR-4MXTKGTLSY,PRV-Z84M5CG5BX,,,,2024-07-08,2024-07-11,paid,generator,
CLM-DD2A97L4RT,pharmacy,MBR-EL4SD7SMBU,PRV-E2KQR2ZK3Q,,,,2024-07-26,2024-07-28,paid,generator,
CLM-NXT6EQKWH4,pharmacy,MBR-FR9SUZRQYE,PRV-Z84M5CG5BX,,,,2024-08-23,2024-09-02,paid,generator,
CLM-H6KAJZZ2DX,dme,MBR-XMN8XNZMG2,PRV-LVGM3QWE3V,,,,2024-04-05,2024-04-15,paid,generator,
CLM-TPHLMDWAZG,laboratory,MBR-L3J58QSDDG,PRV-TTYMZNZQCD,,,,2024-08-18,2024-08-24,paid,generator,
CLM-W5DWMD8QQR,pharmacy,MBR-NHZFV5F7YB,PRV-P8SZX5BYHL,,,,2024-03-09,2024-03-22,paid,generator,
CLM-NW426JA2BH,professional,MBR-BDY6GKJ6LW,PRV-HC5CWNTSHD,,,,2024-05-13,2024-05-17,paid,generator,
CLM-J4JJHWW29C,pharmacy,MBR-E5G8EVQHMP,PRV-P8SZX5BYHL,,,,2024-04-19,2024-04-28,paid,generator,
CLM-YBE6XV54ZT,professional,MBR-FV7G6UXLBA,PRV-EWJD2QDPA6,,,,2024-05-29,2024-06-05,paid,generator,
CLM-V7ATJ3KR9C,dme,MBR-VK3KCQ836K,PRV-KB3DDTGVSY,,,,2024-05-25,2024-05-30,paid,generator,
CLM-EP57MNHGTV,professional,MBR-9VKQVB9R83,PRV-HC5CWNTSHD,,,,2024-07-08,2024-07-16,paid,generator,
CLM-HYPR5A4PBN,dme,MBR-E5G8EVQHMP,PRV-LVGM3QWE3V,,,,2024-08-06,2024-08-14,paid,generator,
CLM-3SC3WWBXA6,behavioral_health,MBR-Y6AVHN8W6G,PRV-EGMCSQWZE2,,,,2024-03-03,2024-03-08,paid,generator,
CLM-LP6GPGEQKF,behavioral_health,MBR-4VB4MXWWPN,PRV-YHCS7YKNYQ,,,,2024-02-07,2024-02-15,paid,generator,
CLM-GYWUFNF4U6,home_health,MBR-JZTGZW6TE6,PRV-R6UGAZC4XJ,,,,2024-07-26,2024-07-28,paid,generator,
CLM-F879C5XSUD,behavioral_health,MBR-BJJYH8G9UH,PRV-F63QP3FKES,,,,2024-01-26,2024-02-03,paid,generator,
CLM-Y7URDV55P4,professional,MBR-8QYV5748M9,PRV-DVP5UVKXMG,,,,2024-04-22,2024-04-25,paid,generator,
CLM-WXXDBSC7FJ,laboratory,MBR-DPYG8XMK2N,PRV-TTYMZNZQCD,,,,2024-07-13,2024-07-17,paid,generator,
CLM-RTDD39WW4U,professional,MBR-ZLNPJ2MYTP,PRV-52P4GQD2DS,,,,2024-06-24,2024-06-26,paid,generator,
CLM-4CZ6TGGTS3,facility,MBR-8QYV5748M9,PRV-GZWKQRABYX,FAC-HG5AVAWJLS,2024-05-08,2024-05-11,2024-05-30,2024-06-04,paid,generator,
CLM-J7TU63WH7T,professional,MBR-L3J58QSDDG,PRV-CYX8UDJJ75,,,,2024-04-14,2024-04-26,paid,generator,
CLM-SS9LP244VS,professional,MBR-3ULHAGK6SG,PRV-EWJD2QDPA6,,,,2024-07-26,2024-08-06,paid,generator,
CLM-PWSN7XQSMN,pharmacy,MBR-HGL5QVCM22,PRV-Z84M5CG5BX,,,,2024-06-19,2024-06-28,paid,generator,
CLM-HMWFPU8NEC,laboratory,MBR-ZL5Q6EFMAR,PRV-DLK2K6289C,,,,2024-07-13,2024-07-26,paid,generator,
CLM-N6BVA7L5JA,facility,MBR-Q9XVDUN4EG,PRV-HP4BWL7QC4,FAC-HG5AVAWJLS,2024-08-18,2024-08-21,2024-09-29,2024-09-30,paid,generator,
CLM-PDU276ADJ9,pharmacy,MBR-QN2SK6VX4D,PRV-E2KQR2ZK3Q,,,,2024-09-01,2024-09-11,paid,generator,
CLM-MJFH3SX7CT,professional,MBR-E5G8EVQHMP,PRV-EWJD2QDPA6,,,,2024-06-24,2024-07-01,paid,generator,
CLM-JRPAM2T64A,behavioral_health,MBR-ZL5Q6EFMAR,PRV-F63QP3FKES,,,,2024-05-01,2024-05-13,paid,generator,
CLM-83EXTMZPND,behavioral_health,MBR-ETZVH7W6AB,PRV-YHCS7YKNYQ,,,,2024-07-22,2024-07-25,paid,generator,
CLM-ABPHM7A99R,dme,MBR-EL4SD7SMBU,PRV-FYQT8W8H8G,,,,2024-05-26,2024-05-29,paid,generator,
CLM-ULJXFCFY3Z,professional,MBR-5Y93Z8WGHW,PRV-DVP5UVKXMG,,,,2024-04-13,2024-04-19,paid,generator,
CLM-9BSV6YRRNP,laboratory,MBR-KXFLG7CTRT,PRV-DLK2K6289C,,,,2024-03-26,2024-03-28,paid,generator,
CLM-BWPD6GWLNV,home_health,MBR-B9S4DFFU5V,PRV-R6UGAZC4XJ,,,,2024-07-17,2024-07-20,paid,generator,
CLM-P2ZVWY2W9U,pharmacy,MBR-3DKU3QY3W4,PRV-F2HS2XPZAV,,,,2024-06-04,2024-06-17,paid,generator,
CLM-8MQDDWHRCN,behavioral_health,MBR-FVQXNKE82Q,PRV-EGMCSQWZE2,,,,2024-05-05,2024-05-15,paid,generator,
CLM-ZGQB9FQQEL,pharmacy,MBR-8QYV5748M9,PRV-P8SZX5BYHL,,,,2024-06-27,2024-07-05,paid,generator,
CLM-2XEA3HMUHB,facility,MBR-S7Z8C8UNTB,PRV-H9LG5VAJ3J,FAC-HG5AVAWJLS,2024-04-19,2024-04-22,2024-05-16,2024-05-17,paid,generator,
CLM-GHZUWB7BAZ,pharmacy,MBR-P42BUQXM3S,PRV-E2KQR2ZK3Q,,,,2024-07-24,2024-07-30,paid,generator,
CLM-2RE2HFD9Y6,pharmacy,MBR-7FN4J7TSLE,PRV-E2KQR2ZK3Q,,,,2024-09-03,2024-09-12,paid,generator,
CLM-2PB72A2GES,facility,MBR-Q56D234924,PRV-LEVZRZGE33,FAC-HG5AVAWJLS,2024-07-19,2024-07-20,2024-07-19,2024-07-20,paid,generator,
CLM-HGYKZ54GE4,ambulance,MBR-QBR4HDNJC7,PRV-LJD3M755ZS,,,,2024-03-06,2024-03-16,paid,generator,
CLM-S46HAA3627,home_health,MBR-TJZA2TZN6S,PRV-GQ36BNJZ2W,,,,2024-03-27,2024-04-09,paid,generator,
CLM-F2D7GJNDT4,dme,MBR-9VKQVB9R83,PRV-KB3DDTGVSY,,,,2024-02-14,2024-02-27,paid,generator,
CLM-VFD5FZCPPX,professional,MBR-FZQYV4SKXX,PRV-DVP5UVKXMG,,,,2024-05-19,2024-05-23,paid,generator,
CLM-3PKEVV6XYQ,home_health,MBR-P42BUQXM3S,PRV-ZU6YL2HNHH,,,,2024-02-08,2024-02-12,paid,generator,
CLM-YNQ2XNG5HQ,laboratory,MBR-63JAR5TFRQ,PRV-96KL4VD67A,,,,2024-02-25,2024-03-05,paid,generator,
CLM-G9BUEAALH2,professional,MBR-Q9XVDUN4EG,PRV-EWJD2QDPA6,,,,2024-09-07,2024-09-09,paid,generator,
CLM-PM2WPP335X,behavioral_health,MBR-LYUPA4MC8N,PRV-F63QP3FKES,,,,2024-08-11,2024-08-16,paid,generator,
CLM-GWYD9RB5X3,ambulance,MBR-XVAD9JHUZ8,PRV-2RBJKMU8EL,,,,2024-06-21,2024-07-02,paid,generator,
CLM-39CNY7LSEE,behavioral_health,MBR-QBR4HDNJC7,PRV-YHCS7YKNYQ,,,,2024-01-26,2024-01-29,paid,generator,
CLM-D736MKWP83,behavioral_health,MBR-EL4SD7SMBU,PRV-9HWCXGYGRP,,,,2024-04-06,2024-04-16,paid,generator,
CLM-ENRDJK4HR6,laboratory,MBR-VPC7RKBDT2,PRV-DLK2K6289C,,,,2024-05-15,2024-05-25,paid,generator,
CLM-EPJDFUAGVH,behavioral_health,MBR-SMLQ7MHU28,PRV-YHCS7YKNYQ,,,,2024-07-05,2024-07-17,paid,generator,
CLM-X2K892UA4U,home_health,MBR-ANBZTECZG4,PRV-ZU6YL2HNHH,,,,2024-08-12,2024-08-18,paid,generator,
CLM-KASP82ZNY2,facility,MBR-DEXWGDJEY6,PRV-GZWKQRABYX,FAC-HG5AVAWJLS,2024-06-08,2024-06-12,2024-06-21,2024-07-04,paid,generator,
CLM-HQQGVL5J9D,pharmacy,MBR-HX94GZSQRT,PRV-E2KQR2ZK3Q,,,,2024-03-11,2024-03-23,paid,generator,
CLM-K2BGDL5BT7,pharmacy,MBR-S7Z8C8UNTB,PRV-Z84M5CG5BX,,,,2024-08-09,2024-08-18,paid,generator,
CLM-DSQZPT9X9M,home_health,MBR-LJX3UFVHQR,PRV-5AE63K9XH5,,,,2024-08-30,2024-09-11,paid,generator,
CLM-M3S4CE4HSY,pharmacy,MBR-YQDXZC2T45,PRV-Z84M5CG5BX,,,,2024-07-18,2024-07-24,paid,generator,
CLM-6YUFEWTXK9,facility,MBR-23FN74V9L5,PRV-LEVZRZGE33,FAC-FZ5P22Z29H,2024-04-04,2024-04-06,2024-05-06,2024-05-18,paid,generator,
CLM-DF72RUTCML,professional,MBR-KURT4X2XJU,PRV-CYX8UDJJ75,,,,2024-06-24,2024-06-29,paid,generator,
CLM-FY3H5WGS2W,pharmacy,MBR-NHZFV5F7YB,PRV-E2KQR2ZK3Q,,,,2024-08-24,2024-08-31,paid,generator,
CLM-PV76E4HM92,professional,MBR-FYPQ73DHJX,PRV-EWJD2QDPA6,,,,2024-02-13,2024-02-16,paid,generator,
CLM-EHQZPZV7NR,laboratory,MBR-P78M8HDWEL,PRV-TTYMZNZQCD,,,,2024-07-03,2024-07-15,paid,generator,
CLM-QZZWBDLZR8,ambulance,MBR-4MXTKGTLSY,PRV-LJD3M755ZS,,,,2024-05-03,2024-05-05,paid,generator,
CLM-8XJU8W5YT6,professional,MBR-XPGBTT2ECZ,PRV-DVP5UVKXMG,,,,2024-03-24,2024-04-04,paid,generator,
CLM-AEFGSFS359,behavioral_health,MBR-4LB87BN7MV,PRV-F63QP3FKES,,,,2024-02-22,2024-03-06,paid,generator,
CLM-29MB6WW4K4,professional,MBR-ZLNPJ2MYTP,PRV-HC5CWNTSHD,,,,2024-06-12,2024-06-19,paid,generator,
CLM-4VYSGKM34W,behavioral_health,MBR-B8UH9BQB22,PRV-YHCS7YKNYQ,,,,2024-03-21,2024-03-22,paid,generator,
CLM-CJ3HR45NV2,professional,MBR-EL4SD7SMBU,PRV-CYX8UDJJ75,,,,2024-07-20,2024-07-31,paid,generator,
CLM-LQNSE3PHEA,professional,MBR-6R667HJXAJ,PRV-HC5CWNTSHD,,,,2024-06-23,2024-07-02,paid,generator,
CLM-VG4X463ZBP,professional,MBR-8MK5KHJNCW,PRV-CYX8UDJJ75,,,,2024-06-05,2024-06-11,paid,generator,
CLM-FRJEZXBZ9D,dme,MBR-BJJYH8G9UH,PRV-FYQT8W8H8G,,,,2024-04-11,2024-04-19,paid,generator,
CLM-V6CB5JS2ZH,laboratory,MBR-7FN4J7TSLE,PRV-GG7BBL7G9L,,,,2024-02-12,2024-02-20,paid,generator,
CLM-LCYYDBQR3Z,facility,MBR-XVAD9JHUZ8,PRV-HP4BWL7QC4,FAC-FZ5P22Z29H,2024-08-24,2024-08-25,2024-10-07,2024-10-16,paid,generator,
CLM-9U9MUTC2RG,professional,MBR-B8UH9BQB22,PRV-EWJD2QDPA6,,,,2024-08-10,2024-08-18,paid,generator,
CLM-MUKSHDVGEM,behavioral_health,MBR-7FN4J7TSLE,PRV-9HWCXGYGRP,,,,2024-07-21,2024-07-31,paid,generator,
CLM-7K8BE9RNMM,behavioral_health,MBR-8QYV5748M9,PRV-YHCS7YKNYQ,,,,2024-03-19,2024-03-28,paid,generator,
CLM-3B8259UQKW,home_health,MBR-YYH7PZ5M5C,PRV-GQ36BNJZ2W,,,,2024-05-24,2024-05-29,paid,generator,
CLM-GTVAN8VMPV,dme,MBR-QBR4HDNJC7,PRV-4TYA4STMB7,,,,2024-04-20,2024-04-27,paid,generator,
CLM-MGWNEJKCFU,ambulance,MBR-ENQHWRE4EM,PRV-2RBJKMU8EL,,,,2024-03-27,2024-03-28,paid,generator,
CLM-JM98GLKPZY,professional,MBR-FVQXNKE82Q,PRV-HC5CWNTSHD,,,,2024-07-20,2024-08-01,paid,generator,
CLM-2GCSSB8TWY,behavioral_health,MBR-4MXTKGTLSY,PRV-YHCS7YKNYQ,,,,2024-04-07,2024-04-14,paid,generator,
CLM-BSQRYTPXNP,home_health,MBR-U8Q725GQ72,PRV-ZU6YL2HNHH,,,,2024-02-04,2024-02-13,paid,generator,
CLM-DAE4VAN25M,facility,MBR-BUL4LEDKWE,PRV-QJ8CAJLGGT,FAC-HG5AVAWJLS,2024-04-30,2024-05-01,2024-06-01,2024-06-05,paid,generator,
CLM-NM2BY4ZNRK,behavioral_health,MBR-FVQXNKE82Q,PRV-YHCS7YKNYQ,,,,2024-08-27,2024-09-02,paid,generator,
CLM-M7MWYD68AS,home_health,MBR-LUWMQY57KY,PRV-GQ36BNJZ2W,,,,2024-03-01,2024-03-07,paid,generator,
CLM-QHKPNYJA99,laboratory,MBR-KURT4X2XJU,PRV-TTYMZNZQCD,,,,2024-02-12,2024-02-20,paid,generator,
CLM-ZJMH5USDDH,pharmacy,MBR-PSVVP9RXXN,PRV-Z84M5CG5BX,,,,2024-08-27,2024-09-03,paid,generator,
CLM-G5WLK8VTFP,professional,MBR-FYPQ73DHJX,PRV-CYX8UDJJ75,,,,2024-08-23,2024-08-31,paid,generator,
CLM-9E4N63TA4B,laboratory,MBR-LJX3UFVHQR,PRV-GG7BBL7G9L,,,,2024-01-23,2024-02-01,paid,generator,
CLM-5NTYCFFV6K,pharmacy,MBR-XPGBTT2ECZ,PRV-E2KQR2ZK3Q,,,,2024-03-06,2024-03-07,paid,generator,
CLM-MMB43AC8YU,pharmacy,MBR-KQZHQZB89K,PRV-P8SZX5BYHL,,,,2024-09-14,2024-09-27,paid,generator,
CLM-SMFCK3LHM5,home_health,MBR-QN2SK6VX4D,PRV-ZU6YL2HNHH,,,,2024-07-14,2024-07-23,paid,generator,
CLM-6797GJ8V5N,home_health,MBR-NDAL8TYHG6,PRV-ZU6YL2HNHH,,,,2024-06-19,2024-06-24,paid,generator,
CLM-9YU4WDQJ6D,professional,MBR-8QYV5748M9,PRV-52P4GQD2DS,,,,2024-06-27,2024-07-10,paid,generator,
CLM-7SLZYDSJTG,home_health,MBR-4VYBTHF64D,PRV-GQ36BNJZ2W,,,,2024-09-04,2024-09-16,paid,generator,
CLM-FTXKN69WZV,professional,MBR-TJZA2TZN6S,PRV-CYX8UDJJ75,,,,2024-06-27,2024-07-06,paid,generator,
CLM-5UV2NV9J8Q,professional,MBR-V2LNSJANZJ,PRV-52P4GQD2DS,,,,2024-02-18,2024-03-01,paid,generator,
CLM-ZCSMLAL35X,professional,MBR-3DKU3QY3W4,PRV-EWJD2QDPA6,,,,2024-01-20,2024-01-26,paid,generator,
CLM-BX7F9BGTRQ,behavioral_health,MBR-BJJYH8G9UH,PRV-F63QP3FKES,,,,2024-02-13,2024-02-14,paid,generator,
CLM-JM2WAWE9W9,behavioral_health,MBR-L3J58QSDDG,PRV-9HWCXGYGRP,,,,2024-08-01,2024-08-07,paid,generator,
CLM-U9VY2MKN7J,facility,MBR-BL5PTDN9TA,PRV-HP4BWL7QC4,FAC-HG5AVAWJLS,2024-06-15,2024-06-19,2024-07-26,2024-08-04,paid,generator,
CLM-DER3CHPT8X,laboratory,MBR-JXM5V2U2EH,PRV-GG7BBL7G9L,,,,2024-06-08,2024-06-18,paid,generator,
CLM-95ABZC95CH,dme,MBR-4PAPY9GKRR,PRV-FYQT8W8H8G,,,,2024-04-01,2024-04-08,paid,generator,
CLM-LXEUMX5LZS,professional,MBR-E5G8EVQHMP,PRV-DVP5UVKXMG,,,,2024-07-13,2024-07-22,paid,generator,
CLM-SJ5WV46Z5K,professional,MBR-TJZA2TZN6S,PRV-DVP5UVKXMG,,,,2024-03-18,2024-03-26,paid,generator,
CLM-XFLN3T9HY2,pharmacy,MBR-QFQ7K875L3,PRV-P8SZX5BYHL,,,,2024-04-14,2024-04-25,paid,generator,
CLM-4DZBWNU8UD,laboratory,MBR-2NR27KXVV3,PRV-GG7BBL7G9L,,,,2024-04-29,2024-05-07,paid,generator,
CLM-EG9S9LMEPP,pharmacy,MBR-Y4DRB8SKCE,PRV-P8SZX5BYHL,,,,2024-04-22,2024-05-05,paid,generator,
CLM-W6HBZMQYWZ,home_health,MBR-H5PBWV7T3H,PRV-GQ36BNJZ2W,,,,2024-06-01,2024-06-06,paid,generator,
CLM-Q48LQ4DD68,home_health,MBR-BDY6GKJ6LW,PRV-5AE63K9XH5,,,,2024-08-13,2024-08-22,paid,generator,
CLM-29Q6PRJYRK,behavioral_health,MBR-TJZA2TZN6S,PRV-YHCS7YKNYQ,,,,2024-06-17,2024-06-26,paid,generator,
CLM-D5MTZMWKYB,professional,MBR-XPGBTT2ECZ,PRV-DVP5UVKXMG,,,,2024-05-17,2024-05-26,paid,generator,
CLM-J5R57ANNYR,laboratory,MBR-BUL4LEDKWE,PRV-6LZYWNNT2J,,,,2024-06-04,2024-06-17,paid,generator,
CLM-3DMG9TJ2PK,pharmacy,MBR-FYPQ73DHJX,PRV-E2KQR2ZK3Q,,,,2024-05-11,2024-05-16,paid,generator,
CLM-4M2W4RPRK3,facility,MBR-XVAD9JHUZ8,PRV-QJ8CAJLGGT,FAC-FZ5P22Z29H,2024-05-01,2024-05-03,2024-05-06,2024-05-16,paid,generator,
CLM-PPZFK6474E,ambulance,MBR-KSC4HVJFFY,PRV-LJD3M755ZS,,,,2024-03-07,2024-03-10,paid,generator,
CLM-MS4D4EJFD4,dme,MBR-8MK5KHJNCW,PRV-KB3DDTGVSY,,,,2024-06-29,2024-06-30,paid,generator,
CLM-WRF7RFNGDE,laboratory,MBR-UCEQYHF3V4,PRV-6LZYWNNT2J,,,,2024-07-30,2024-07-31,paid,generator,
CLM-MNV4ZLPLR8,pharmacy,MBR-KURT4X2XJU,PRV-E2KQR2ZK3Q,,,,2024-08-10,2024-08-17,paid,generator,
CLM-3C6KBYBVH7,facility,MBR-HX94GZSQRT,PRV-H9LG5VAJ3J,FAC-FZ5P22Z29H,2024-06-28,2024-06-30,2024-07-16,2024-07-23,paid,generator,
CLM-KEBRX9LHL7,home_health,MBR-P78M8HDWEL,PRV-ZU6YL2HNHH,,,,2024-08-08,2024-08-19,paid,generator,
CLM-XEB32Y87JC,dme,MBR-XMN8XNZMG2,PRV-LVGM3QWE3V,,,,2024-02-28,2024-03-12,paid,generator,
CLM-ETMJGC493X,professional,MBR-7XEPY4R5EL,PRV-HC5CWNTSHD,,,,2024-08-31,2024-09-03,paid,generator,
CLM-H3MZ3PNDEH,facility,MBR-VK3KCQ836K,PRV-HP4BWL7QC4,FAC-FZ5P22Z29H,2024-03-12,2024-03-16,2024-04-09,2024-04-10,paid,generator,
CLM-4WHGV294MQ,facility,MBR-B8UH9BQB22,PRV-QJ8CAJLGGT,FAC-FZ5P22Z29H,2024-01-01,2024-01-04,2024-01-31,2024-02-09,paid,generator,
CLM-X3MXW4FV4S,behavioral_health,MBR-SYWRT9N83F,PRV-F63QP3FKES,,,,2024-09-21,2024-09-26,paid,generator,
CLM-YHDWZK4MYX,facility,MBR-Q56D234924,PRV-GZWKQRABYX,FAC-HG5AVAWJLS,2024-08-04,2024-08-07,2024-08-28,2024-09-02,paid,generator,
CLM-J9Z4F4AYEL,home_health,MBR-N22Z5YSZ3U,PRV-ZU6YL2HNHH,,,,2024-05-19,2024-05-30,paid,generator,
CLM-W2LBJPFJ8T,professional,MBR-KQZHQZB89K,PRV-CYX8UDJJ75,,,,2024-07-22,2024-07-28,paid,generator,
CLM-B7KZ7DK3BS,professional,MBR-9PQ5QXMXV9,PRV-EWJD2QDPA6,,,,2024-08-15,2024-08-27,paid,generator,
CLM-TFKPW6Q7BG,home_health,MBR-LUWMQY57KY,PRV-ZU6YL2HNHH,,,,2024-03-06,2024-03-15,paid,generator,
CLM-LVGJLK29PZ,professional,MBR-KXFLG7CTRT,PRV-52P4GQD2DS,,,,2024-06-07,2024-06-10,paid,generator,
CLM-LEPJCTV63B,pharmacy,MBR-9NLNH78NEA,PRV-E2KQR2ZK3Q,,,,2024-02-28,2024-03-05,paid,generator,
CLM-GMKF4R68Z2,home_health,MBR-Q56D234924,PRV-R6UGAZC4XJ,,,,2024-03-08,2024-03-21,paid,generator,
CLM-TKD7DYF5SW,home_health,MBR-HX94GZSQRT,PRV-GQ36BNJZ2W,,,,2024-03-31,2024-04-08,paid,generator,
CLM-GKJWBWZR6W,facility,MBR-79KLVNZGFB,PRV-QJ8CAJLGGT,FAC-HG5AVAWJLS,2024-03-15,2024-03-17,2024-04-22,2024-05-02,paid,generator,
CLM-MNYFHFHQYY,behavioral_health,MBR-S483KN937H,PRV-YHCS7YKNYQ,,,,2024-08-04,2024-08-16,paid,generator,
CLM-BFGSPBLPXB,behavioral_health,MBR-TJZA2TZN6S,PRV-9HWCXGYGRP,,,,2024-04-17,2024-04-24,paid,generator,
CLM-6EUY6RR9MT,pharmacy,MBR-69CJDM2UQG,PRV-P8SZX5BYHL,,,,2024-02-11,2024-02-24,paid,generator,
CLM-LGKWB4XWKH,facility,MBR-XVAD9JHUZ8,PRV-HP4BWL7QC4,FAC-FZ5P22Z29H,2024-03-23,2024-03-24,2024-04-06,2024-04-14,paid,generator,
CLM-RKLFGKDG9X,facility,MBR-PSVVP9RXXN,PRV-QJ8CAJLGGT,FAC-FZ5P22Z29H,2024-01-17,2024-01-20,2024-02-09,2024-02-10,paid,generator,
CLM-XJLMUFY5SZ,professional,MBR-KURT4X2XJU,PRV-52P4GQD2DS,,,,2024-07-09,2024-07-20,paid,generator,
CLM-R2JFZ7BBZJ,facility,MBR-KQZHQZB89K,PRV-HP4BWL7QC4,FAC-HG5AVAWJLS,2024-05-21,2024-05-23,2024-05-22,2024-06-02,paid,generator,
CLM-MS25ZEKJTT,behavioral_health,MBR-UC38TQGQU2,PRV-EGMCSQWZE2,,,,2024-05-30,2024-06-12,paid,generator,
CLM-YZUUUSBJ3Z,behavioral_health,MBR-PSVVP9RXXN,PRV-EGMCSQWZE2,,,,2024-08-29,2024-08-31,paid,generator,
CLM-Y4FKXMZ54N,home_health,MBR-4PAPY9GKRR,PRV-5AE63K9XH5,,,,2024-07-26,2024-08-03,paid,generator,
CLM-N64ZRDHUYP,pharmacy,MBR-VK3KCQ836K,PRV-Z84M5CG5BX,,,,2024-03-13,2024-03-23,paid,generator,
CLM-QJ8BCR2LRE,professional,MBR-FZQYV4SKXX,PRV-CYX8UDJJ75,,,,2024-04-23,2024-04-30,paid,generator,
CLM-4UTUULN644,laboratory,MBR-XMN8XNZMG2,PRV-6LZYWNNT2J,,,,2024-02-09,2024-02-17,paid,generator,
CLM-HB36S5PVP8,professional,MBR-8QYV5748M9,PRV-52P4GQD2DS,,,,2024-06-19,2024-06-28,paid,generator,
CLM-7U2M7QVDNL,facility,MBR-LSWYAWLX8N,PRV-H9LG5VAJ3J,FAC-FZ5P22Z29H,2024-08-07,2024-08-10,2024-08-13,2024-08-14,paid,generator,
CLM-AA52PK2WEE,laboratory,MBR-R5AEQFFAJ2,PRV-GG7BBL7G9L,,,,2024-06-16,2024-06-20,paid,generator,
CLM-SQ9JXY2NBP,pharmacy,MBR-FZQYV4SKXX,PRV-F2HS2XPZAV,,,,2024-06-05,2024-06-15,paid,generator,
CLM-2PU64XV7UA,professional,MBR-4C2VNKWGF5,PRV-52P4GQD2DS,,,,2024-08-26,2024-08-29,paid,generator,
CLM-C6BYPE4C38,dme,MBR-4LB87BN7MV,PRV-LVGM3QWE3V,,,,2024-04-05,2024-04-07,paid,generator,
CLM-GJF3FK3FEK,laboratory,MBR-DJLLB54X78,PRV-6LZYWNNT2J,,,,2024-02-25,2024-02-28,paid,generator,
CLM-3GYK27WRXZ,home_health,MBR-4LB87BN7MV,PRV-R6UGAZC4XJ,,,,2024-03-12,2024-03-14,paid,generator,
CLM-K75CE3AM5F,professional,MBR-EFTCWLP65R,PRV-DVP5UVKXMG,,,,2024-08-30,2024-09-12,paid,generator,
CLM-BM859HXE5R,facility,MBR-QFQ7K875L3,PRV-HP4BWL7QC4,FAC-FZ5P22Z29H,2024-02-17,2024-02-21,2024-02-17,2024-02-19,paid,generator,
CLM-442L6RNHSR,facility,MBR-DPYG8XMK2N,PRV-QJ8CAJLGGT,FAC-HG5AVAWJLS,2024-07-15,2024-07-17,2024-08-21,2024-09-02,paid,generator,
CLM-TF676DWRM2,pharmacy,MBR-UCEQYHF3V4,PRV-P8SZX5BYHL,,,,2024-05-28,2024-06-08,paid,generator,
CLM-SLYFR524GL,laboratory,MBR-H5PBWV7T3H,PRV-96KL4VD67A,,,,2024-07-15,2024-07-25,paid,generator,
CLM-9MKXZMVEM4,home_health,MBR-UCEQYHF3V4,PRV-GQ36BNJZ2W,,,,2024-03-28,2024-03-30,paid,generator,
CLM-X6XR3ZDHUB,professional,MBR-XVAD9JHUZ8,PRV-52P4GQD2DS,,,,2024-02-14,2024-02-26,paid,generator,
CLM-93NFE94ZG7,professional,MBR-B8UH9BQB22,PRV-52P4GQD2DS,,,,2024-03-16,2024-03-21,paid,generator,
CLM-8P2JT8CG5N,facility,MBR-ECH5HLTRCG,PRV-GZWKQRABYX,FAC-FZ5P22Z29H,2024-04-19,2024-04-22,2024-05-17,2024-05-23,paid,generator,
CLM-EEYKGWHE6F,home_health,MBR-ZLNPJ2MYTP,PRV-GQ36BNJZ2W,,,,2024-04-04,2024-04-09,paid,generator,
CLM-2WY6DXAEXQ,behavioral_health,MBR-FVQXNKE82Q,PRV-YHCS7YKNYQ,,,,2024-04-15,2024-04-27,paid,generator,
CLM-FE9U3NNLUE,professional,MBR-J39SZ2P3P6,PRV-CYX8UDJJ75,,,,2024-08-29,2024-08-30,paid,generator,
CLM-TU4AEMC97Z,dme,MBR-6SBLF43NN5,PRV-KB3DDTGVSY,,,,2024-08-02,2024-08-10,paid,generator,
CLM-9RULVGE83Y,professional,MBR-9VKQVB9R83,PRV-CYX8UDJJ75,,,,2024-09-08,2024-09-21,paid,generator,
CLM-M66R3LHQSP,pharmacy,MBR-XPGBTT2ECZ,PRV-NNZAMXRZ52,,,,2024-05-17,2024-05-20,paid,generator,
CLM-7NB84WXTT7,pharmacy,MBR-LJX3UFVHQR,PRV-NNZAMXRZ52,,,,2024-05-09,2024-05-17,paid,generator,
CLM-RRZEGYRJRR,home_health,MBR-Y46Z4D77Y3,PRV-R6UGAZC4XJ,,,,2024-07-12,2024-07-18,paid,generator,
CLM-D4LFBWFYFS,pharmacy,MBR-4KTNS62BW2,PRV-P8SZX5BYHL,,,,2024-02-19,2024-02-28,paid,generator,
CLM-HG4KW4MPN6,professional,MBR-LYUPA4MC8N,PRV-CYX8UDJJ75,,,,2024-02-26,2024-03-02,paid,generator,
CLM-W78KMW6BCG,professional,MBR-SYWRT9N83F,PRV-EWJD2QDPA6,,,,2024-04-05,2024-04-10,paid,generator,
CLM-HQC69F5HKM,facility,MBR-LYUPA4MC8N,PRV-H9LG5VAJ3J,FAC-HG5AVAWJLS,2024-03-25,2024-03-27,2024-03-31,2024-04-03,paid,generator,
CLM-2HCN86HVVJ,professional,MBR-W33FF9PGW5,PRV-52P4GQD2DS,,,,2024-03-27,2024-04-01,paid,generator,
CLM-HJC825JBRD,ambulance,MBR-ETZVH7W6AB,PRV-AEV55VW98C,,,,2024-03-24,2024-04-06,paid,generator,
CLM-S9EKSNUESF,professional,MBR-ZLNPJ2MYTP,PRV-CYX8UDJJ75,,,,2024-02-17,2024-02-19,paid,generator,
CLM-VTS33CAB36,home_health,MBR-JJNSJXSGYB,PRV-R6UGAZC4XJ,,,,2024-06-30,2024-07-07,paid,generator,
CLM-8Y86NXHET7,behavioral_health,MBR-LYUPA4MC8N,PRV-F63QP3FKES,,,,2024-08-12,2024-08-16,paid,generator,
CLM-3GCUCDKY3W,behavioral_health,MBR-YTRN8M4CTJ,PRV-F63QP3FKES,,,,2024-03-24,2024-03-31,paid,generator,
CLM-L4STA58NRQ,professional,MBR-2NR27KXVV3,PRV-52P4GQD2DS,,,,2024-05-23,2024-05-29,paid,generator,
CLM-SWYSYBBAAA,pharmacy,MBR-KURT4X2XJU,PRV-NNZAMXRZ52,,,,2024-06-22,2024-06-28,paid,generator,
CLM-G9YAUMAEGN,professional,MBR-5C38HCEB3B,PRV-DVP5UVKXMG,,,,2024-07-06,2024-07-12,paid,generator,
CLM-U8PHJ39NBM,home_health,MBR-LUWMQY57KY,PRV-GQ36BNJZ2W,,,,2024-03-08,2024-03-20,paid,generator,
CLM-2EE6GWW5WD,pharmacy,MBR-V9VF74MPX3,PRV-P8SZX5BYHL,,,,2024-08-21,2024-08-30,paid,generator,
CLM-2GXAE2Y7WD,home_health,MBR-3DKU3QY3W4,PRV-R6UGAZC4XJ,,,,2024-03-22,2024-03-31,paid,generator,
CLM-FPTL5QMWAV,ambulance,MBR-4VB4MXWWPN,PRV-KGZA99WKKT,,,,2024-02-15,2024-02-24,paid,generator,
CLM-Z8ULBUVSV6,ambulance,MBR-YYH7PZ5M5C,PRV-2RBJKMU8EL,,,,2024-05-31,2024-06-01,paid,generator,
CLM-PZUZBQ5JRU,behavioral_health,MBR-VK3KCQ836K,PRV-F63QP3FKES,,,,2024-04-12,2024-04-25,paid,generator,
CLM-M9X3M8Z99E,professional,MBR-ETZVH7W6AB,PRV-EWJD2QDPA6,,,,2024-08-25,2024-09-06,paid,generator,
CLM-RE3BD8L8D2,ambulance,MBR-Y6AVHN8W6G,PRV-LJD3M755ZS,,,,2024-05-05,2024-05-10,paid,generator,
CLM-QVEXPQ6PFR,facility,MBR-LKW3FJD9YF,PRV-LEVZRZGE33,FAC-HG5AVAWJLS,2024-03-12,2024-03-15,2024-03-15,2024-03-19,paid,generator,
CLM-CJVVLFXHVF,facility,MBR-3DKU3QY3W4,PRV-QJ8CAJLGGT,FAC-FZ5P22Z29H,2024-05-06,2024-05-08,2024-05-28,2024-06-07,paid,generator,
CLM-XN388CBGZS,professional,MBR-TJZA2TZN6S,PRV-EWJD2QDPA6,,,,2024-07-19,2024-07-30,paid,generator,
CLM-2E7RTBJPAE,behavioral_health,MBR-P78M8HDWEL,PRV-F63QP3FKES,,,,2024-07-29,2024-07-31,paid,generator,
CLM-EUG78YKSTJ,dme,MBR-YQDXZC2T45,PRV-4TYA4STMB7,,,,2024-08-13,2024-08-20,paid,generator,
CLM-Z24JPA6V47,dme,MBR-V9VF74MPX3,PRV-4TYA4STMB7,,,,2024-02-03,2024-02-04,paid,generator,
CLM-3X7B5YY5F3,professional,MBR-4VYBTHF64D,PRV-EWJD2QDPA6,,,,2024-08-18,2024-08-30,paid,generator,
CLM-A6X7TFB4PQ,home_health,MBR-KSC4HVJFFY,PRV-GQ36BNJZ2W,,,,2024-06-19,2024-06-28,paid,generator,
CLM-BF7VLF8GXV,home_health,MBR-4VYBTHF64D,PRV-R6UGAZC4XJ,,,,2024-04-01,2024-04-14,paid,generator,
CLM-57LEXKXE8A,ambulance,MBR-5Y93Z8WGHW,PRV-LJD3M755ZS,,,,2024-07-11,2024-07-17,paid,generator,
CLM-62LGZKTX4P,dme,MBR-FYPQ73DHJX,PRV-FYQT8W8H8G,,,,2024-09-07,2024-09-12,paid,generator,
CLM-6G89D6Y67D,laboratory,MBR-EKUMPKKR4M,PRV-TTYMZNZQCD,,,,2024-09-16,2024-09-29,paid,generator,
CLM-3XUPWP3JRW,behavioral_health,MBR-NP25PG6T7N,PRV-9HWCXGYGRP,,,,2024-02-25,2024-02-27,paid,generator,
CLM-PU9RTQTY53,home_health,MBR-EKUMPKKR4M,PRV-R6UGAZC4XJ,,,,2024-04-10,2024-04-19,paid,generator,
CLM-RWFQFP55WJ,laboratory,MBR-S483KN937H,PRV-96KL4VD67A,,,,2024-01-28,2024-01-29,paid,generator,
CLM-9RQLF8QTQF,professional,MBR-ETZVH7W6AB,PRV-CYX8UDJJ75,,,,2024-02-05,2024-02-17,paid,generator,
CLM-JNVRNQ9D4N,dme,MBR-N22Z5YSZ3U,PRV-LVGM3QWE3V,,,,2024-02-18,2024-02-27,paid,generator,
CLM-9K8YS898G9,behavioral_health,MBR-9NLNH78NEA,PRV-YHCS7YKNYQ,,,,2024-04-13,2024-04-24,paid,generator,
CLM-EMXFT7Z254,dme,MBR-LJX3UFVHQR,PRV-4TYA4STMB7,,,,2024-01-19,2024-01-27,paid,generator,
CLM-7AL734MBJZ,laboratory,MBR-YYH7PZ5M5C,PRV-GG7BBL7G9L,,,,2024-02-26,2024-02-29,paid,generator,
CLM-YGKLADLNPL,professional,MBR-4VB4MXWWPN,PRV-CYX8UDJJ75,,,,2024-08-10,2024-08-11,paid,generator,
CLM-9VMQT5CMFT,home_health,MBR-KURT4X2XJU,PRV-5AE63K9XH5,,,,2024-05-08,2024-05-18,paid,generator,
CLM-BALU2V32LF,dme,MBR-4VB4MXWWPN,PRV-LVGM3QWE3V,,,,2024-02-13,2024-02-14,paid,generator,
CLM-9CJGZBCVPJ,professional,MBR-BJJYH8G9UH,PRV-HC5CWNTSHD,,,,2024-02-20,2024-02-26,paid,generator,
CLM-CNLQ7FV3WF,professional,MBR-JJNSJXSGYB,PRV-EWJD2QDPA6,,,,2024-05-11,2024-05-20,paid,generator,
CLM-4P3W652TF4,home_health,MBR-FV7G6UXLBA,PRV-ZU6YL2HNHH,,,,2024-07-13,2024-07-16,paid,generator,
CLM-J9XAS9XGXB,facility,MBR-Y46Z4D77Y3,PRV-LEVZRZGE33,FAC-HG5AVAWJLS,2024-06-22,2024-06-24,2024-07-08,2024-07-21,paid,generator,
CLM-39FFMHGQ6B,pharmacy,MBR-4PAPY9GKRR,PRV-F2HS2XPZAV,,,,2024-03-02,2024-03-12,paid,generator,
CLM-XT7LZPPWVZ,pharmacy,MBR-V2LNSJANZJ,PRV-P8SZX5BYHL,,,,2024-03-29,2024-04-09,paid,generator,
CLM-WKZGZHXCEH,professional,MBR-63JAR5TFRQ,PRV-EWJD2QDPA6,,,,2024-08-30,2024-09-11,paid,generator,
CLM-V3RY9K2RW2,professional,MBR-U8Q725GQ72,PRV-EWJD2QDPA6,,,,2024-03-02,2024-03-03,paid,generator,
CLM-T6XJU74TXB,behavioral_health,MBR-Q56D234924,PRV-YHCS7YKNYQ,,,,2024-08-29,2024-09-06,paid,generator,
CLM-KHBHXLKFZQ,behavioral_health,MBR-23FN74V9L5,PRV-EGMCSQWZE2,,,,2024-08-16,2024-08-29,paid,generator,
CLM-4M3259HCSH,professional,MBR-VK3KCQ836K,PRV-CYX8UDJJ75,,,,2024-08-28,2024-09-09,paid,generator,
CLM-HHJFTFX2VM,professional,MBR-YYH7PZ5M5C,PRV-HC5CWNTSHD,,,,2024-06-12,2024-06-25,paid,generator,
CLM-Q33VH7QYES,home_health,MBR-EFTCWLP65R,PRV-ZU6YL2HNHH,,,,2024-03-27,2024-04-03,paid,generator,
CLM-R9XTGRABF2,behavioral_health,MBR-UC38TQGQU2,PRV-9HWCXGYGRP,,,,2024-05-24,2024-06-06,paid,generator,
CLM-GFT2QVVLP4,behavioral_health,MBR-26AVMXYZBB,PRV-YHCS7YKNYQ,,,,2024-04-07,2024-04-17,paid,generator,
CLM-TPNPL2ZWWJ,professional,MBR-UCEQYHF3V4,PRV-HC5CWNTSHD,,,,2024-07-29,2024-08-07,paid,generator,
CLM-34RA7A2ERZ,behavioral_health,MBR-AEENY3383J,PRV-YHCS7YKNYQ,,,,2024-04-11,2024-04-20,paid,generator,
CLM-TUUSW4FTKH,professional,MBR-B9S4DFFU5V,PRV-52P4GQD2DS,,,,2024-04-23,2024-04-24,paid,generator,
CLM-NN8E967N25,ambulance,MBR-BDY6GKJ6LW,PRV-2RBJKMU8EL,,,,2024-04-05,2024-04-18,paid,generator,
CLM-CA4UXK4JYQ,home_health,MBR-6SBLF43NN5,PRV-R6UGAZC4XJ,,,,2024-05-14,2024-05-17,paid,generator,
CLM-Z3ZZNDJAWD,ambulance,MBR-4EXUHMWNNJ,PRV-KGZA99WKKT,,,,2024-05-24,2024-05-26,paid,generator,
CLM-XFJMGSLX7X,ambulance,MBR-HX94GZSQRT,PRV-KGZA99WKKT,,,,2024-02-25,2024-02-26,paid,generator,
CLM-9MLHT942ET,pharmacy,MBR-U8Q725GQ72,PRV-E2KQR2ZK3Q,,,,2024-08-29,2024-09-06,paid,generator,
CLM-WC5B3JZ9QR,home_health,MBR-LJX3UFVHQR,PRV-ZU6YL2HNHH,,,,2024-03-03,2024-03-05,paid,generator,
CLM-5E6ACJJVGZ,professional,MBR-BL5PTDN9TA,PRV-DVP5UVKXMG,,,,2024-01-28,2024-01-30,paid,generator,
CLM-KJFQ2JXDQ4,behavioral_health,MBR-4VYBTHF64D,PRV-EGMCSQWZE2,,,,2024-08-04,2024-08-17,paid,generator,
CLM-L8PL937H75,home_health,MBR-N22Z5YSZ3U,PRV-GQ36BNJZ2W,,,,2024-03-09,2024-03-19,paid,generator,
CLM-RQ38NJ4W39,facility,MBR-4C2VNKWGF5,PRV-QJ8CAJLGGT,FAC-FZ5P22Z29H,2024-02-08,2024-02-11,2024-03-18,2024-03-23,paid,generator,
CLM-Z3LMN35V68,facility,MBR-Y4DRB8SKCE,PRV-GZWKQRABYX,FAC-HG5AVAWJLS,2024-06-08,2024-06-11,2024-06-22,2024-06-28,paid,generator,
CLM-TDVLZ66SVK,facility,MBR-4C2VNKWGF5,PRV-GZWKQRABYX,FAC-FZ5P22Z29H,2024-04-13,2024-04-14,2024-05-06,2024-05-16,paid,generator,
CLM-PW3AUVRKEV,dme,MBR-E5G8EVQHMP,PRV-LVGM3QWE3V,,,,2024-02-16,2024-02-27,paid,generator,
CLM-CKYDRB5KME,laboratory,MBR-Q9XVDUN4EG,PRV-GG7BBL7G9L,,,,2024-06-02,2024-06-10,paid,generator,
CLM-7DVNHGWZ7T,pharmacy,MBR-23FN74V9L5,PRV-F2HS2XPZAV,,,,2024-07-14,2024-07-23,paid,generator,
CLM-63T5XWMC9F,home_health,MBR-GQPNSUNUD8,PRV-ZU6YL2HNHH,,,,2024-09-01,2024-09-12,paid,generator,
CLM-JDNZXRG3ZD,home_health,MBR-Y4DRB8SKCE,PRV-R6UGAZC4XJ,,,,2024-09-21,2024-09-24,paid,generator,
CLM-ZT2ZJ5MEWD,professional,MBR-63JAR5TFRQ,PRV-EWJD2QDPA6,,,,2024-07-04,2024-07-07,paid,generator,
CLM-H3E7YYSVTX,home_health,MBR-2NR27KXVV3,PRV-R6UGAZC4XJ,,,,2024-02-23,2024-03-03,paid,generator,
CLM-NQYBB4796Z,laboratory,MBR-9VKQVB9R83,PRV-DLK2K6289C,,,,2024-03-21,2024-03-28,paid,generator,
CLM-VMALGXB5K8,behavioral_health,MBR-4KTNS62BW2,PRV-F63QP3FKES,,,,2024-08-30,2024-09-11,paid,generator,
CLM-UKSSAEKFDY,pharmacy,MBR-KXFLG7CTRT,PRV-Z84M5CG5BX,,,,2024-03-25,2024-03-26,paid,generator,
CLM-HUC4GDKA9M,professional,MBR-4KTNS62BW2,PRV-HC5CWNTSHD,,,,2024-04-04,2024-04-10,paid,generator,
CLM-DCQ8GZKKCV,behavioral_health,MBR-EL4SD7SMBU,PRV-F63QP3FKES,,,,2024-06-08,2024-06-17,paid,generator,
CLM-LYT5PQ2ANX,behavioral_health,MBR-KH7EQQUK24,PRV-EGMCSQWZE2,,,,2024-07-14,2024-07-16,paid,generator,
CLM-QRZ2GSXZK2,facility,MBR-EFTCWLP65R,PRV-QJ8CAJLGGT,FAC-FZ5P22Z29H,2024-01-28,2024-02-01,2024-02-22,2024-03-05,paid,generator,
CLM-VEBYYGP26B,facility,MBR-YQDXZC2T45,PRV-HP4BWL7QC4,FAC-HG5AVAWJLS,2024-05-07,2024-05-09,2024-05-08,2024-05-20,paid,generator,
CLM-V54R8PNKP5,pharmacy,MBR-3DKU3QY3W4,PRV-P8SZX5BYHL,,,,2024-05-15,2024-05-16,paid,generator,
CLM-9NQR9CVLRN,professional,MBR-QBR4HDNJC7,PRV-CYX8UDJJ75,,,,2024-07-05,2024-07-10,paid,generator,
CLM-7SRLCF5YXW,facility,MBR-JJNSJXSGYB,PRV-HP4BWL7QC4,FAC-HG5AVAWJLS,2024-08-16,2024-08-20,2024-08-19,2024-08-24,paid,generator,
CLM-W4HRCB58X6,professional,MBR-AEENY3383J,PRV-CYX8UDJJ75,,,,2024-05-19,2024-05-31,paid,generator,
CLM-CY2JAZTZAR,ambulance,MBR-69CJDM2UQG,PRV-2RBJKMU8EL,,,,2024-08-31,2024-09-06,paid,generator,
CLM-2TEGUAZBJ3,professional,MBR-TEMED367ZE,PRV-CYX8UDJJ75,,,,2024-06-27,2024-07-08,paid,generator,
CLM-22LMDWVTG5,professional,MBR-BL5PTDN9TA,PRV-CYX8UDJJ75,,,,2024-08-06,2024-08-14,paid,generator,
CLM-Q6STYUF5AG,pharmacy,MBR-4PAPY9GKRR,PRV-F2HS2XPZAV,,,,2024-08-10,2024-08-22,paid,generator,
CLM-Z7F3FRW7VM,facility,MBR-JJNSJXSGYB,PRV-HP4BWL7QC4,FAC-FZ5P22Z29H,2024-03-31,2024-04-04,2024-03-31,2024-04-10,paid,generator,
CLM-5TLJMAX8BL,laboratory,MBR-UTSSCND564,PRV-96KL4VD67A,,,,2024-07-15,2024-07-17,paid,generator,
CLM-WWD7GC4Z6Y,professional,MBR-DEXWGDJEY6,PRV-HC5CWNTSHD,,,,2024-08-04,2024-08-05,paid,generator,
CLM-ZJMRW8QAUC,ambulance,MBR-QN2SK6VX4D,PRV-LJD3M755ZS,,,,2024-01-19,2024-01-29,paid,generator,
CLM-8ZV4SGDTS3,facility,MBR-ZL5Q6EFMAR,PRV-QJ8CAJLGGT,FAC-FZ5P22Z29H,2024-01-19,2024-01-22,2024-02-16,2024-02-28,paid,generator,
CLM-D2U6Z8SC46,ambulance,MBR-3DKU3QY3W4,PRV-AEV55VW98C,,,,2024-01-29,2024-02-10,paid,generator,
CLM-HHKN8LACNR,ambulance,MBR-FVQXNKE82Q,PRV-KGZA99WKKT,,,,2024-05-27,2024-06-09,paid,generator,
CLM-THMNV5ZKT8,dme,MBR-8QYV5748M9,PRV-KB3DDTGVSY,,,,2024-07-03,2024-07-06,paid,generator,
CLM-M8W8CRSLF9,professional,MBR-J39SZ2P3P6,PRV-52P4GQD2DS,,,,2024-01-23,2024-02-04,paid,generator,
CLM-8YRBE3ZX3Z,laboratory,MBR-7XEPY4R5EL,PRV-GG7BBL7G9L,,,,2024-04-11,2024-04-23,paid,generator,
CLM-HME5LFE2XT,ambulance,MBR-N22Z5YSZ3U,PRV-LJD3M755ZS,,,,2024-09-14,2024-09-24,paid,generator,
CLM-86XXT97RVJ,ambulance,MBR-SYWRT9N83F,PRV-KGZA99WKKT,,,,2024-02-05,2024-02-09,paid,generator,
CLM-MZ2TG24XD2,behavioral_health,MBR-LKW3FJD9YF,PRV-9HWCXGYGRP,,,,2024-04-25,2024-05-05,paid,generator,
CLM-Q5N3QWKJWF,home_health,MBR-E5G8EVQHMP,PRV-5AE63K9XH5,,,,2024-04-19,2024-05-02,paid,generator,
CLM-SSTZCQGXFR,behavioral_health,MBR-4VB4MXWWPN,PRV-EGMCSQWZE2,,,,2024-01-29,2024-02-02,paid,generator,
CLM-JWLVBP2MUP,professional,MBR-QFQ7K875L3,PRV-CYX8UDJJ75,,,,2024-05-13,2024-05-24,paid,generator,
CLM-2WAKCZDKFN,ambulance,MBR-4EXUHMWNNJ,PRV-2RBJKMU8EL,,,,2024-03-04,2024-03-07,paid,generator,
CLM-KJGCP87FRQ,home_health,MBR-EFTCWLP65R,PRV-5AE63K9XH5,,,,2024-02-09,2024-02-14,paid,generator,
CLM-E9BMJAR5NA,behavioral_health,MBR-YQDXZC2T45,PRV-F63QP3FKES,,,,2024-09-01,2024-09-09,paid,generator,
CLM-HWN4UDXMRW,professional,MBR-R5AEQFFAJ2,PRV-DVP5UVKXMG,,,,2024-09-07,2024-09-20,paid,generator,
CLM-WXEW297H78,home_health,MBR-UC38TQGQU2,PRV-5AE63K9XH5,,,,2024-04-27,2024-05-08,paid,generator,
CLM-C5XQQB9ZV8,professional,MBR-3DKU3QY3W4,PRV-EWJD2QDPA6,,,,2024-03-01,2024-03-14,paid,generator,
CLM-LRMQAEC3FB,facility,MBR-B9S4DFFU5V,PRV-HP4BWL7QC4,FAC-HG5AVAWJLS,2024-06-18,2024-06-20,2024-06-28,2024-07-08,paid,generator,
CLM-Y7XKPZNDS9,ambulance,MBR-9PQ5QXMXV9,PRV-KGZA99WKKT,,,,2024-04-13,2024-04-19,paid,generator,
CLM-3M2XQDPXCY,home_health,MBR-BDY6GKJ6LW,PRV-ZU6YL2HNHH,,,,2024-08-05,2024-08-17,paid,generator,
CLM-3T8B3ZG5LH,home_health,MBR-2NR27KXVV3,PRV-R6UGAZC4XJ,,,,2024-06-08,2024-06-11,paid,generator,
CLM-2MXFPY9PH2,pharmacy,MBR-FVQXNKE82Q,PRV-P8SZX5BYHL,,,,2024-08-01,2024-08-05,paid,generator,
CLM-59NXK36CYK,ambulance,MBR-4MXTKGTLSY,PRV-AEV55VW98C,,,,2024-02-04,2024-02-07,paid,generator,
CLM-Y55JHWEECD,facility,MBR-BZNAEFCCUH,PRV-GZWKQRABYX,FAC-FZ5P22Z29H,2024-04-06,2024-04-09,2024-04-06,2024-04-07,paid,generator,
CLM-BKK56TDBDF,home_health,MBR-N22Z5YSZ3U,PRV-GQ36BNJZ2W,,,,2024-02-27,2024-03-08,paid,generator,
CLM-AR4DFHGLUP,laboratory,MBR-Y6AVHN8W6G,PRV-GG7BBL7G9L,,,,2024-08-24,2024-09-06,paid,generator,
CLM-LHV9JDY6NG,behavioral_health,MBR-KSC4HVJFFY,PRV-EGMCSQWZE2,,,,2024-07-11,2024-07-12,paid,generator,
CLM-RVLB3Y92QG,home_health,MBR-U8Q725GQ72,PRV-GQ36BNJZ2W,,,,2024-05-07,2024-05-10,paid,generator,
CLM-J7AGRYBH98,professional,MBR-4MXTKGTLSY,PRV-DVP5UVKXMG,,,,2024-03-28,2024-04-06,paid,generator,
CLM-AY7LYNUVMP,pharmacy,MBR-ZQX5ZKU3UK,PRV-NNZAMXRZ52,,,,2024-06-16,2024-06-18,paid,generator,
CLM-FP9FRP4BTK,pharmacy,MBR-DJLLB54X78,PRV-NNZAMXRZ52,,,,2024-02-26,2024-02-28,paid,generator,
CLM-ABUJ5BBBU3,laboratory,MBR-FZQYV4SKXX,PRV-DLK2K6289C,,,,2024-07-04,2024-07-11,paid,generator,
CLM-6RWUABSQ5U,home_health,MBR-PETFJK9QT7,PRV-ZU6YL2HNHH,,,,2024-01-18,2024-01-22,paid,generator,
CLM-JQCWL4QBNQ,professional,MBR-ANBZTECZG4,PRV-52P4GQD2DS,,,,2024-03-23,2024-04-04,paid,generator,
CLM-V3H5XYC266,behavioral_health,MBR-UQYW382EA8,PRV-YHCS7YKNYQ,,,,2024-02-12,2024-02-20,paid,generator,
CLM-WNCQBBFVWR,laboratory,MBR-7FN4J7TSLE,PRV-DLK2K6289C,,,,2024-08-23,2024-09-02,paid,generator,
CLM-JPWTXPFZWC,laboratory,MBR-ZLNPJ2MYTP,PRV-TTYMZNZQCD,,,,2024-03-15,2024-03-25,paid,generator,
CLM-EV9D9H27VS,professional,MBR-AEENY3383J,PRV-EWJD2QDPA6,,,,2024-04-10,2024-04-11,paid,generator,
CLM-W278V348AW,professional,MBR-BUL4LEDKWE,PRV-EWJD2QDPA6,,,,2024-03-02,2024-03-15,paid,generator,
CLM-TD6GH6UGVP,home_health,MBR-GQPNSUNUD8,PRV-ZU6YL2HNHH,,,,2024-06-08,2024-06-21,paid,generator,
CLM-6T93TPANRT,home_health,MBR-7XEPY4R5EL,PRV-5AE63K9XH5,,,,2024-05-01,2024-05-12,paid,generator,
CLM-MEV5JUNUCR,ambulance,MBR-UQYW382EA8,PRV-2RBJKMU8EL,,,,2024-08-16,2024-08-24,paid,generator,
CLM-3NC8H3A8RZ,dme,MBR-YTRN8M4CTJ,PRV-4TYA4STMB7,,,,2024-02-19,2024-02-28,paid,generator,
CLM-D9RJPQ32PZ,home_health,MBR-XVAD9JHUZ8,PRV-ZU6YL2HNHH,,,,2024-06-17,2024-06-22,paid,generator,
CLM-5LNHBTPBZW,professional,MBR-JXM5V2U2EH,PRV-EWJD2QDPA6,,,,2024-04-01,2024-04-03,paid,generator,
CLM-NSHFGFRTTC,behavioral_health,MBR-Q9XVDUN4EG,PRV-F63QP3FKES,,,,2024-04-18,2024-04-20,paid,generator,
CLM-EDZ9KC59HT,professional,MBR-XVAD9JHUZ8,PRV-HC5CWNTSHD,,,,2024-08-25,2024-08-30,paid,generator,
CLM-PH25WZTDEY,dme,MBR-8MK5KHJNCW,PRV-FYQT8W8H8G,,,,2024-05-20,2024-05-29,paid,generator,
CLM-LVCKH7BUHB,dme,MBR-QN2SK6VX4D,PRV-4TYA4STMB7,,,,2024-08-18,2024-08-25,paid,generator,
CLM-UUP8ZAYRC9,dme,MBR-HGL5QVCM22,PRV-LVGM3QWE3V,,,,2024-03-02,2024-03-07,paid,generator,
CLM-6XENNWZCU7,home_health,MBR-6RGUUNWJV3,PRV-GQ36BNJZ2W,,,,2024-06-02,2024-06-04,paid,generator,
CLM-NNRHKXMZ9C,professional,MBR-4PAPY9GKRR,PRV-EWJD2QDPA6,,,,2024-08-07,2024-08-18,paid,generator,
CLM-D7ZQZG3LP3,behavioral_health,MBR-6KDHMRRDDG,PRV-F63QP3FKES,,,,2024-03-22,2024-04-02,paid,generator,
CLM-ETS8EGPTHS,professional,MBR-Y6AVHN8W6G,PRV-CYX8UDJJ75,,,,2024-02-09,2024-02-21,paid,generator,
CLM-UUEYZMRG95,professional,MBR-JZTGZW6TE6,PRV-52P4GQD2DS,,,,2024-06-02,2024-06-10,paid,generator,
CLM-LD2N4CTTHR,professional,MBR-FV7G6UXLBA,PRV-DVP5UVKXMG,,,,2024-07-02,2024-07-10,paid,generator,
CLM-A9RJK7CATY,professional,MBR-FVQXNKE82Q,PRV-52P4GQD2DS,,,,2024-05-23,2024-05-25,paid,generator,
CLM-2RSPLDK2TB,facility,MBR-TEMED367ZE,PRV-H9LG5VAJ3J,FAC-HG5AVAWJLS,2024-08-10,2024-08-11,2024-09-07,2024-09-20,paid,generator,
CLM-7RRHMTQTFY,ambulance,MBR-6RGUUNWJV3,PRV-AEV55VW98C,,,,2024-06-20,2024-06-25,paid,generator,
CLM-PGRDYVP96N,laboratory,MBR-KH7EQQUK24,PRV-TTYMZNZQCD,,,,2024-07-05,2024-07-07,paid,generator,
CLM-U64PCJY7BV,professional,MBR-AEENY3383J,PRV-HC5CWNTSHD,,,,2024-06-21,2024-06-29,paid,generator,
CLM-ZNFCM4LWKR,behavioral_health,MBR-S7Z8C8UNTB,PRV-9HWCXGYGRP,,,,2024-09-01,2024-09-11,paid,generator,
CLM-8W8V3MMYZX,behavioral_health,MBR-U8Q725GQ72,PRV-F63QP3FKES,,,,2024-09-30,2024-10-11,paid,generator,
CLM-QT8DKNUKZC,facility,MBR-59N7KMSMAY,PRV-QJ8CAJLGGT,FAC-HG5AVAWJLS,2024-03-24,2024-03-25,2024-04-13,2024-04-16,paid,generator,
CLM-QAEBR3VS5V,dme,MBR-EWCZ7ZJ4K2,PRV-KB3DDTGVSY,,,,2024-07-17,2024-07-22,paid,generator,
CLM-HJ7GJRBC4F,facility,MBR-Q56D234924,PRV-LEVZRZGE33,FAC-FZ5P22Z29H,2024-04-11,2024-04-15,2024-04-28,2024-05-01,paid,generator,
CLM-D7BUQZ76SZ,ambulance,MBR-S483KN937H,PRV-KGZA99WKKT,,,,2024-08-19,2024-08-31,paid,generator,
CLM-5MTD8B7QAR,home_health,MBR-NP25PG6T7N,PRV-ZU6YL2HNHH,,,,2024-03-31,2024-04-05,paid,generator,
CLM-7NVLH6GW49,professional,MBR-L3J58QSDDG,PRV-CYX8UDJJ75,,,,2024-06-11,2024-06-21,paid,generator,
CLM-YUYNTX45GL,dme,MBR-XVAD9JHUZ8,PRV-FYQT8W8H8G,,,,2024-04-14,2024-04-23,paid,generator,
CLM-Y7UUVXAUUK,home_health,MBR-V2LNSJANZJ,PRV-GQ36BNJZ2W,,,,2024-07-27,2024-07-31,paid,generator,
CLM-BVJJXYHDKY,professional,MBR-PETFJK9QT7,PRV-CYX8UDJJ75,,,,2024-05-07,2024-05-13,paid,generator,
CLM-KBDDW6FFZY,behavioral_health,MBR-QFQ7K875L3,PRV-EGMCSQWZE2,,,,2024-07-24,2024-08-02,paid,generator,
CLM-SZLUVH5XUX,dme,MBR-EWCZ7ZJ4K2,PRV-KB3DDTGVSY,,,,2024-08-01,2024-08-05,paid,generator,
CLM-CPYB9YZFJT,facility,MBR-W33FF9PGW5,PRV-H9LG5VAJ3J,FAC-HG5AVAWJLS,2024-07-09,2024-07-11,2024-07-13,2024-07-14,paid,generator,
CLM-RGL6BBFGP4,facility,MBR-5Y93Z8WGHW,PRV-GZWKQRABYX,FAC-HG5AVAWJLS,2024-02-12,2024-02-13,2024-03-18,2024-03-31,paid,generator,
CLM-LKNRGFXE5W,home_health,MBR-S7Z8C8UNTB,PRV-R6UGAZC4XJ,,,,2024-05-22,2024-05-26,paid,generator,
CLM-TTFYS762WC,professional,MBR-VK3KCQ836K,PRV-CYX8UDJJ75,,,,2024-06-19,2024-07-01,paid,generator,
CLM-5UVEVMBU9K,dme,MBR-P78M8HDWEL,PRV-LVGM3QWE3V,,,,2024-02-21,2024-02-28,paid,generator,
CLM-WP4TMP28ET,ambulance,MBR-BUL4LEDKWE,PRV-AEV55VW98C,,,,2024-04-07,2024-04-17,paid,generator,
CLM-HPA69TKLWS,dme,MBR-5C38HCEB3B,PRV-4TYA4STMB7,,,,2024-07-12,2024-07-17,paid,generator,
CLM-BEM2F3R4GU,professional,MBR-JJNSJXSGYB,PRV-DVP5UVKXMG,,,,2024-05-28,2024-06-02,paid,generator,
CLM-3Q55MMPHD8,ambulance,MBR-UCEQYHF3V4,PRV-LJD3M755ZS,,,,2024-08-05,2024-08-09,paid,generator,
CLM-DPT8CF5DNL,dme,MBR-N22Z5YSZ3U,PRV-FYQT8W8H8G,,,,2024-05-24,2024-05-27,paid,generator,
CLM-LPLMUJCPF9,home_health,MBR-69CJDM2UQG,PRV-R6UGAZC4XJ,,,,2024-06-21,2024-06-25,paid,generator,
CLM-ZFS84BCHUY,behavioral_health,MBR-Y46Z4D77Y3,PRV-EGMCSQWZE2,,,,2024-06-30,2024-07-09,paid,generator,
CLM-HG3PZCTLS4,pharmacy,MBR-KXFLG7CTRT,PRV-NNZAMXRZ52,,,,2024-08-02,2024-08-06,paid,generator,
CLM-8LCF5MQFG4,dme,MBR-V9VF74MPX3,PRV-4TYA4STMB7,,,,2024-03-20,2024-03-23,paid,generator,
CLM-ZB9CSU6YT7,laboratory,MBR-YYH7PZ5M5C,PRV-6LZYWNNT2J,,,,2024-04-27,2024-05-09,paid,generator,
CLM-RU4EF3862A,laboratory,MBR-85TW3PXGVH,PRV-TTYMZNZQCD,,,,2024-06-25,2024-07-08,paid,generator,
CLM-HJC4VNCYUR,home_health,MBR-UTSSCND564,PRV-R6UGAZC4XJ,,,,2024-06-29,2024-07-06,paid,generator,
CLM-2FQW9A9PG2,laboratory,MBR-P42BUQXM3S,PRV-TTYMZNZQCD,,,,2024-07-28,2024-08-03,paid,generator,
CLM-Q5XELFCWLT,professional,MBR-TJZA2TZN6S,PRV-HC5CWNTSHD,,,,2024-02-29,2024-03-08,paid,generator,
CLM-F5A65YRZRG,behavioral_health,MBR-YQDXZC2T45,PRV-EGMCSQWZE2,,,,2024-04-18,2024-04-19,paid,generator,
CLM-Z7AGSALT87,professional,MBR-V2LNSJANZJ,PRV-EWJD2QDPA6,,,,2024-04-27,2024-04-28,paid,generator,
CLM-R9P8CHZNKZ,professional,MBR-VPC7RKBDT2,PRV-HC5CWNTSHD,,,,2024-07-31,2024-08-08,paid,generator,
CLM-8VFHXZRM5T,home_health,MBR-EL4SD7SMBU,PRV-ZU6YL2HNHH,,,,2024-02-21,2024-02-24,paid,generator,
CLM-N4E3RB6WSQ,professional,MBR-HX94GZSQRT,PRV-HC5CWNTSHD,,,,2024-08-04,2024-08-15,paid,generator,
CLM-53DR3BX9W9,pharmacy,MBR-Q9XVDUN4EG,PRV-NNZAMXRZ52,,,,2024-09-08,2024-09-15,paid,generator,
CLM-XE4QHL8XYH,pharmacy,MBR-FV7G6UXLBA,PRV-F2HS2XPZAV,,,,2024-03-14,2024-03-24,paid,generator,
CLM-E8VLFSHEM4,behavioral_health,MBR-5C38HCEB3B,PRV-YHCS7YKNYQ,,,,2024-01-23,2024-01-28,paid,generator,
CLM-2L2GX6SGGM,dme,MBR-LJX3UFVHQR,PRV-KB3DDTGVSY,,,,2024-04-29,2024-05-12,paid,generator,
CLM-2FEPVNMTNW,facility,MBR-EKUMPKKR4M,PRV-QJ8CAJLGGT,FAC-FZ5P22Z29H,2024-06-09,2024-06-11,2024-07-20,2024-07-23,paid,generator,
CLM-NM5SE69XHH,professional,MBR-BJJYH8G9UH,PRV-DVP5UVKXMG,,,,2024-05-02,2024-05-08,paid,generator,
CLM-HRBFAGSBLZ,home_health,MBR-4PAPY9GKRR,PRV-R6UGAZC4XJ,,,,2024-01-16,2024-01-24,paid,generator,
CLM-98GTYZT4PQ,dme,MBR-LJX3UFVHQR,PRV-4TYA4STMB7,,,,2024-07-20,2024-07-31,paid,generator,
CLM-XPNSWRJ7J9,ambulance,MBR-JXM5V2U2EH,PRV-2RBJKMU8EL,,,,2024-03-29,2024-04-03,paid,generator,
CLM-C9PU9MGGGX,dme,MBR-DJLLB54X78,PRV-4TYA4STMB7,,,,2024-01-29,2024-01-31,paid,generator,
CLM-YH9CRDFL3K,dme,MBR-23FN74V9L5,PRV-FYQT8W8H8G,,,,2024-08-21,2024-08-30,paid,generator,
CLM-6HQUKRNNU7,pharmacy,MBR-59N7KMSMAY,PRV-F2HS2XPZAV,,,,2024-04-20,2024-05-01,paid,generator,
CLM-KMCK6LNM9D,facility,MBR-4KTNS62BW2,PRV-HP4BWL7QC4,FAC-HG5AVAWJLS,2024-02-02,2024-02-04,2024-02-20,2024-03-01,paid,generator,
CLM-YBLVXJJYLN,professional,MBR-PSVVP9RXXN,PRV-DVP5UVKXMG,,,,2024-04-13,2024-04-16,paid,generator,
CLM-Z6GF4RV398,home_health,MBR-26AVMXYZBB,PRV-R6UGAZC4XJ,,,,2024-02-16,2024-02-27,paid,generator,
CLM-6S7ZZK9KJC,professional,MBR-BZNAEFCCUH,PRV-HC5CWNTSHD,,,,2024-08-12,2024-08-14,paid,generator,
CLM-CYSSGSSX9A,home_health,MBR-SYWRT9N83F,PRV-GQ36BNJZ2W,,,,2024-09-13,2024-09-21,paid,generator,
CLM-NUKAAVYJ6G,behavioral_health,MBR-KH7EQQUK24,PRV-9HWCXGYGRP,,,,2024-02-05,2024-02-09,paid,generator,
CLM-VW3DP9P9PL,laboratory,MBR-HGL5QVCM22,PRV-TTYMZNZQCD,,,,2024-06-24,2024-07-04,paid,generator,
CLM-ESUUEBQ92X,facility,MBR-2NR27KXVV3,PRV-QJ8CAJLGGT,FAC-HG5AVAWJLS,2024-04-07,2024-04-10,2024-04-20,2024-04-30,paid,generator,
CLM-D2UL7Q5FH2,behavioral_health,MBR-5C38HCEB3B,PRV-YHCS7YKNYQ,,,,2024-06-21,2024-07-02,paid,generator,
CLM-MJYUJRP352,home_health,MBR-ANBZTECZG4,PRV-ZU6YL2HNHH,,,,2024-05-03,2024-05-12,paid,generator,
CLM-XDZALH6AUG,professional,MBR-4VB4MXWWPN,PRV-DVP5UVKXMG,,,,2024-03-16,2024-03-27,paid,generator,
CLM-7DGXX42285,dme,MBR-XMN8XNZMG2,PRV-KB3DDTGVSY,,,,2024-04-23,2024-05-05,paid,generator,
CLM-6BVY9AHB72,laboratory,MBR-R5AEQFFAJ2,PRV-GG7BBL7G9L,,,,2024-07-30,2024-08-10,paid,generator,
CLM-D4FSWWBYGM,behavioral_health,MBR-23FN74V9L5,PRV-EGMCSQWZE2,,,,2024-03-11,2024-03-16,paid,generator,
CLM-RYQRC9EEPZ,professional,MBR-59N7KMSMAY,PRV-HC5CWNTSHD,,,,2024-06-14,2024-06-21,paid,generator,
CLM-RZ4ZVZ28EP,professional,MBR-UTSSCND564,PRV-52P4GQD2DS,,,,2024-08-12,2024-08-23,paid,generator,
CLM-N6E43PLWHU,facility,MBR-XPGBTT2ECZ,PRV-HP4BWL7QC4,FAC-HG5AVAWJLS,2024-07-27,2024-07-30,2024-09-02,2024-09-03,paid,generator,
CLM-8UGTLYPAP3,professional,MBR-V9VF74MPX3,PRV-EWJD2QDPA6,,,,2024-05-31,2024-06-10,paid,generator,
CLM-UZSJJ6S55F,home_health,MBR-J39SZ2P3P6,PRV-GQ36BNJZ2W,,,,2024-08-20,2024-08-26,paid,generator,
CLM-FZHY3A8P8U,laboratory,MBR-EKUMPKKR4M,PRV-6LZYWNNT2J,,,,2024-04-16,2024-04-21,paid,generator,
CLM-DCUAX54BRX,ambulance,MBR-85TW3PXGVH,PRV-AEV55VW98C,,,,2024-04-23,2024-04-25,paid,generator,
CLM-SU82XQHRJB,ambulance,MBR-JJNSJXSGYB,PRV-2RBJKMU8EL,,,,2024-03-12,2024-03-23,paid,generator,
CLM-2HTUSFBUA5,laboratory,MBR-7XEPY4R5EL,PRV-TTYMZNZQCD,,,,2024-05-18,2024-05-24,paid,generator,
CLM-FX5ZRDY8QA,behavioral_health,MBR-8MK5KHJNCW,PRV-EGMCSQWZE2,,,,2024-03-25,2024-04-01,paid,generator,
CLM-VDWQA26R92,professional,MBR-S7Z8C8UNTB,PRV-EWJD2QDPA6,,,,2024-04-21,2024-05-03,paid,generator,
CLM-RKXCC36GCH,facility,MBR-PSVVP9RXXN,PRV-QJ8CAJLGGT,FAC-FZ5P22Z29H,2024-01-14,2024-01-15,2024-02-24,2024-03-05,paid,generator,
CLM-XATWXWMK5P,professional,MBR-4MXTKGTLSY,PRV-52P4GQD2DS,,,,2024-07-26,2024-08-06,paid,generator,
CLM-TGT5W64MDZ,ambulance,MBR-4MXTKGTLSY,PRV-LJD3M755ZS,,,,2024-09-04,2024-09-09,paid,generator,
CLM-5F58TZJ552,home_health,MBR-Q56D234924,PRV-GQ36BNJZ2W,,,,2024-03-14,2024-03-22,paid,generator,
CLM-LCC546K8NJ,pharmacy,MBR-4LB87BN7MV,PRV-E2KQR2ZK3Q,,,,2024-08-09,2024-08-21,paid,generator,
CLM-YZK239UVF8,professional,MBR-YQDXZC2T45,PRV-HC5CWNTSHD,,,,2024-04-12,2024-04-17,paid,generator,
CLM-2R4HNPQ96M,home_health,MBR-HX94GZSQRT,PRV-GQ36BNJZ2W,,,,2024-03-23,2024-03-26,paid,generator,
CLM-2WVK3KY7C9,home_health,MBR-4MXTKGTLSY,PRV-5AE63K9XH5,,,,2024-09-07,2024-09-15,paid,generator,
CLM-NG3BHNAAE7,facility,MBR-BUL4LEDKWE,PRV-LEVZRZGE33,FAC-HG5AVAWJLS,2024-06-23,2024-06-27,2024-07-12,2024-07-21,paid,generator,
CLM-8WU3SXP9A3,home_health,MBR-KURT4X2XJU,PRV-R6UGAZC4XJ,,,,2024-09-28,2024-10-09,paid,generator,
CLM-MYTW7U8KY9,professional,MBR-6KDHMRRDDG,PRV-HC5CWNTSHD,,,,2024-07-18,2024-07-29,paid,generator,
CLM-CUCZ6RCZ8Y,laboratory,MBR-4PAPY9GKRR,PRV-DLK2K6289C,,,,2024-03-12,2024-03-14,paid,generator,
CLM-7YFTNFZK5B,behavioral_health,MBR-UTSSCND564,PRV-YHCS7YKNYQ,,,,2024-03-24,2024-03-27,paid,generator,
CLM-CJMSTU97GH,facility,MBR-EFTCWLP65R,PRV-QJ8CAJLGGT,FAC-FZ5P22Z29H,2024-02-04,2024-02-05,2024-03-16,2024-03-20,paid,generator,
CLM-BXN8344T8C,laboratory,MBR-H5PBWV7T3H,PRV-GG7BBL7G9L,,,,2024-04-01,2024-04-06,paid,generator,
CLM-VN95WX3USX,professional,MBR-4EXUHMWNNJ,PRV-HC5CWNTSHD,,,,2024-04-02,2024-04-13,paid,generator,
CLM-PYJN96AMDN,professional,MBR-ZLNPJ2MYTP,PRV-52P4GQD2DS,,,,2024-05-13,2024-05-22,paid,generator,
CLM-8PV7CATXFD,professional,MBR-DPYG8XMK2N,PRV-CYX8UDJJ75,,,,2024-07-13,2024-07-17,paid,generator,
CLM-FFW949RCGS,professional,MBR-LSWYAWLX8N,PRV-CYX8UDJJ75,,,,2024-04-27,2024-05-06,paid,generator,
CLM-D2JD2T46TP,facility,MBR-U8Q725GQ72,PRV-HP4BWL7QC4,FAC-FZ5P22Z29H,2024-05-23,2024-05-26,2024-06-19,2024-06-26,paid,generator,
CLM-Q92NSAB9LH,pharmacy,MBR-DPYG8XMK2N,PRV-F2HS2XPZAV,,,,2024-09-03,2024-09-06,paid,generator,
CLM-5774CT798L,facility,MBR-69CJDM2UQG,PRV-LEVZRZGE33,FAC-HG5AVAWJLS,2024-05-01,2024-05-04,2024-05-13,2024-05-20,paid,generator,
CLM-37V5DFHC4W,behavioral_health,MBR-P42BUQXM3S,PRV-9HWCXGYGRP,,,,2024-06-14,2024-06-23,paid,generator,
CLM-CRBRSRG9VF,professional,MBR-FYPQ73DHJX,PRV-DVP5UVKXMG,,,,2024-03-19,2024-04-01,paid,generator,
CLM-CTEKTC7354,professional,MBR-ECH5HLTRCG,PRV-EWJD2QDPA6,,,,2024-03-15,2024-03-20,paid,generator,
CLM-QQNHYYJU4M,laboratory,MBR-UTSSCND564,PRV-6LZYWNNT2J,,,,2024-08-26,2024-09-05,paid,generator,
CLM-2GRNQXSSY3,professional,MBR-Y4DRB8SKCE,PRV-CYX8UDJJ75,,,,2024-05-13,2024-05-24,paid,generator,
CLM-DY5G6MMQMW,behavioral_health,MBR-NP25PG6T7N,PRV-9HWCXGYGRP,,,,2024-02-21,2024-02-29,paid,generator,
CLM-YPHM8LQKS6,professional,MBR-QFQ7K875L3,PRV-EWJD2QDPA6,,,,2024-06-04,2024-06-14,paid,generator,
CLM-R2VS6S9WFZ,ambulance,MBR-FVQXNKE82Q,PRV-LJD3M755ZS,,,,2024-05-01,2024-05-13,paid,generator,
CLM-CT26E8XJR2,laboratory,MBR-EFTCWLP65R,PRV-96KL4VD67A,,,,2024-08-28,2024-09-09,paid,generator,
CLM-G2XTVVFEYF,professional,MBR-N22Z5YSZ3U,PRV-CYX8UDJJ75,,,,2024-07-29,2024-08-01,paid,generator,
CLM-W2D26896HM,laboratory,MBR-FYPQ73DHJX,PRV-GG7BBL7G9L,,,,2024-05-22,2024-05-23,paid,generator,
CLM-UJNK5QHPQD,behavioral_health,MBR-4VB4MXWWPN,PRV-EGMCSQWZE2,,,,2024-05-03,2024-05-11,paid,generator,
CLM-7WE93NZ2WE,professional,MBR-9PQ5QXMXV9,PRV-CYX8UDJJ75,,,,2024-04-05,2024-04-09,paid,generator,
CLM-MZRRSS7FM6,pharmacy,MBR-VK3KCQ836K,PRV-Z84M5CG5BX,,,,2024-07-13,2024-07-24,paid,generator,
CLM-GU6KRSDL3Q,facility,MBR-ETZVH7W6AB,PRV-HP4BWL7QC4,FAC-HG5AVAWJLS,2024-06-17,2024-06-20,2024-07-02,2024-07-15,paid,generator,
CLM-3R5WEDYYQG,professional,MBR-5C38HCEB3B,PRV-EWJD2QDPA6,,,,2024-04-18,2024-04-22,paid,generator,
CLM-UMTLPMNNHQ,home_health,MBR-26AVMXYZBB,PRV-GQ36BNJZ2W,,,,2024-04-26,2024-04-30,paid,generator,
CLM-S7AH4WXKDG,professional,MBR-DPYG8XMK2N,PRV-CYX8UDJJ75,,,,2024-08-17,2024-08-25,paid,generator,
CLM-S4QL73GLV4,home_health,MBR-VK3KCQ836K,PRV-5AE63K9XH5,,,,2024-06-26,2024-06-28,paid,generator,
CLM-MDB9PSPFHZ,facility,MBR-EFTCWLP65R,PRV-GZWKQRABYX,FAC-FZ5P22Z29H,2024-07-02,2024-07-05,2024-07-28,2024-08-02,paid,generator,
CLM-GMVRJJFPBU,professional,MBR-Q56D234924,PRV-CYX8UDJJ75,,,,2024-06-26,2024-06-27,paid,generator,
CLM-6VNUQ5ZC6L,pharmacy,MBR-DPYG8XMK2N,PRV-Z84M5CG5BX,,,,2024-04-08,2024-04-21,paid,generator,
CLM-8HFN7LYWEM,professional,MBR-EFTCWLP65R,PRV-52P4GQD2DS,,,,2024-07-21,2024-08-01,paid,generator,
CLM-CKCET8VV98,pharmacy,MBR-R5AEQFFAJ2,PRV-P8SZX5BYHL,,,,2024-01-15,2024-01-22,paid,generator,
CLM-KXKQBE4XGR,professional,MBR-FYPQ73DHJX,PRV-CYX8UDJJ75,,,,2024-06-03,2024-06-15,paid,generator,
CLM-GTS93PXPB2,behavioral_health,MBR-DEXWGDJEY6,PRV-YHCS7YKNYQ,,,,2024-06-18,2024-06-21,paid,generator,
CLM-HNLD8K3PRE,facility,MBR-YQDXZC2T45,PRV-HP4BWL7QC4,FAC-HG5AVAWJLS,2024-07-04,2024-07-05,2024-07-31,2024-08-10,paid,generator,
CLM-B93RYP9YFT,laboratory,MBR-9PQ5QXMXV9,PRV-TTYMZNZQCD,,,,2024-08-04,2024-08-14,paid,generator,
CLM-ZAU62VRMH2,professional,MBR-KURT4X2XJU,PRV-CYX8UDJJ75,,,,2024-07-19,2024-07-26,paid,generator,
CLM-XT6VPQYBDY,ambulance,MBR-YQDXZC2T45,PRV-KGZA99WKKT,,,,2024-06-26,2024-06-30,paid,generator,
CLM-S8RSDVJT36,behavioral_health,MBR-EWCZ7ZJ4K2,PRV-EGMCSQWZE2,,,,2024-08-03,2024-08-12,paid,generator,
CLM-7LDGA9DNJB,home_health,MBR-XVAD9JHUZ8,PRV-GQ36BNJZ2W,,,,2024-01-17,2024-01-27,paid,generator,
CLM-MDDJ4D8U56,professional,MBR-8QYV5748M9,PRV-52P4GQD2DS,,,,2024-03-28,2024-04-08,paid,generator,
CLM-VCN8N2XLKX,professional,MBR-Y4DRB8SKCE,PRV-EWJD2QDPA6,,,,2024-10-04,2024-10-13,paid,generator,
CLM-5WDF45C44S,pharmacy,MBR-Y4DRB8SKCE,PRV-E2KQR2ZK3Q,,,,2024-09-11,2024-09-13,paid,generator,
CLM-7RUHRL5JDX,behavioral_health,MBR-PETFJK9QT7,PRV-F63QP3FKES,,,,2024-02-23,2024-02-27,paid,generator,
CLM-SH762AXAR5,home_health,MBR-3DKU3QY3W4,PRV-5AE63K9XH5,,,,2024-01-28,2024-02-06,paid,generator,
CLM-APD3AZCFK3,pharmacy,MBR-XPGBTT2ECZ,PRV-Z84M5CG5BX,,,,2024-04-17,2024-04-18,paid,generator,
CLM-SJPXGKSG9W,professional,MBR-JJNSJXSGYB,PRV-DVP5UVKXMG,,,,2024-04-19,2024-04-25,paid,generator,
CLM-BDER3WQX95,behavioral_health,MBR-LJX3UFVHQR,PRV-EGMCSQWZE2,,,,2024-07-12,2024-07-22,paid,generator,
CLM-D5C3RHEGR5,facility,MBR-Y6AVHN8W6G,PRV-H9LG5VAJ3J,FAC-HG5AVAWJLS,2024-03-05,2024-03-08,2024-03-25,2024-04-02,paid,generator,
CLM-RHGKQSPVHT,pharmacy,MBR-HX94GZSQRT,PRV-P8SZX5BYHL,,,,2024-01-15,2024-01-28,paid,generator,
CLM-HMZPUDNLBG,ambulance,MBR-ZL5Q6EFMAR,PRV-LJD3M755ZS,,,,2024-06-10,2024-06-19,paid,generator,
CLM-LT8K8MWBJ2,dme,MBR-6RGUUNWJV3,PRV-4TYA4STMB7,,,,2024-06-14,2024-06-15,paid,generator,
CLM-39A9NA473V,pharmacy,MBR-BDY6GKJ6LW,PRV-F2HS2XPZAV,,,,2024-05-10,2024-05-18,paid,generator,
CLM-G5GE2ZCA76,behavioral_health,MBR-4PAPY9GKRR,PRV-YHCS7YKNYQ,,,,2024-02-22,2024-02-26,paid,generator,
CLM-42LNZEZFX5,pharmacy,MBR-ENQHWRE4EM,PRV-E2KQR2ZK3Q,,,,2024-06-02,2024-06-11,paid,generator,
CLM-ZKLFGTMMGV,dme,MBR-MPY7DCHPFS,PRV-KB3DDTGVSY,,,,2024-04-27,2024-05-08,paid,generator,
CLM-RLRNE5Q5XG,dme,MBR-KXFLG7CTRT,PRV-4TYA4STMB7,,,,2024-08-14,2024-08-18,paid,generator,
CLM-TH6KSCB5VF,behavioral_health,MBR-Y4DRB8SKCE,PRV-YHCS7YKNYQ,,,,2024-08-26,2024-09-07,paid,generator,
CLM-ZAQ2K526XL,professional,MBR-B8UH9BQB22,PRV-DVP5UVKXMG,,,,2024-05-06,2024-05-19,paid,generator,
CLM-55C6M4CTAW,professional,MBR-69CJDM2UQG,PRV-CYX8UDJJ75,,,,2024-09-06,2024-09-07,paid,generator,
CLM-XFHZ5KUKHK,home_health,MBR-ENQHWRE4EM,PRV-5AE63K9XH5,,,,2024-01-08,2024-01-19,paid,generator,
CLM-TH57UYVUT8,ambulance,MBR-P42BUQXM3S,PRV-AEV55VW98C,,,,2024-03-31,2024-04-07,paid,generator,
CLM-UHFGTP69Y6,facility,MBR-B8UH9BQB22,PRV-HP4BWL7QC4,FAC-FZ5P22Z29H,2024-04-18,2024-04-22,2024-04-29,2024-05-06,paid,generator,
CLM-2ZMC4LTJY3,pharmacy,MBR-UC38TQGQU2,PRV-E2KQR2ZK3Q,,,,2024-08-16,2024-08-29,paid,generator,
CLM-VBKVMXAXX4,professional,MBR-BL5PTDN9TA,PRV-EWJD2QDPA6,,,,2024-07-18,2024-07-25,paid,generator,
CLM-6S6TAQ85JA,home_health,MBR-279EELY74M,PRV-GQ36BNJZ2W,,,,2024-08-05,2024-08-16,paid,generator,
CLM-ZH4KCFWQWN,home_health,MBR-FZQYV4SKXX,PRV-5AE63K9XH5,,,,2024-03-15,2024-03-17,paid,generator,
CLM-9627C4MXCG,facility,MBR-R5AEQFFAJ2,PRV-GZWKQRABYX,FAC-FZ5P22Z29H,2024-06-13,2024-06-14,2024-06-15,2024-06-16,paid,generator,
CLM-8W9ND23XGZ,home_health,MBR-BJJYH8G9UH,PRV-5AE63K9XH5,,,,2024-02-21,2024-02-29,paid,generator,
CLM-6MN7KXZPLU,laboratory,MBR-V9VF74MPX3,PRV-GG7BBL7G9L,,,,2024-03-15,2024-03-25,paid,generator,
CLM-57GTQEFZ9J,professional,MBR-YTRN8M4CTJ,PRV-DVP5UVKXMG,,,,2024-05-28,2024-06-09,paid,generator,
CLM-AKCP7XAUTL,facility,MBR-MPY7DCHPFS,PRV-LEVZRZGE33,FAC-FZ5P22Z29H,2024-07-18,2024-07-20,2024-08-19,2024-08-23,paid,generator,
CLM-V6BYCTPZFZ,home_health,MBR-4VYBTHF64D,PRV-ZU6YL2HNHH,,,,2024-05-25,2024-05-28,paid,generator,
CLM-3PFB8LXK8M,ambulance,MBR-JZTGZW6TE6,PRV-LJD3M755ZS,,,,2024-03-24,2024-04-06,paid,generator,
CLM-9ZQNQ5LTGP,ambulance,MBR-DPYG8XMK2N,PRV-KGZA99WKKT,,,,2024-05-26,2024-06-04,paid,generator,
CLM-HKB46LQD9W,home_health,MBR-FVQXNKE82Q,PRV-ZU6YL2HNHH,,,,2024-06-23,2024-07-06,paid,generator,
CLM-JQSL67A8J7,professional,MBR-8MK5KHJNCW,PRV-DVP5UVKXMG,,,,2024-02-13,2024-02-24,paid,generator,
CLM-5CZ7ZBX4W7,home_health,MBR-DJLLB54X78,PRV-ZU6YL2HNHH,,,,2024-05-31,2024-06-03,paid,generator,
CLM-SGZVFTG8FN,behavioral_health,MBR-HX94GZSQRT,PRV-EGMCSQWZE2,,,,2024-06-29,2024-07-11,paid,generator,
CLM-L54MP43XSG,laboratory,MBR-DJLLB54X78,PRV-96KL4VD67A,,,,2024-08-21,2024-08-22,paid,generator,
CLM-C6LQ2G3DCD,dme,MBR-59N7KMSMAY,PRV-KB3DDTGVSY,,,,2024-03-26,2024-03-31,paid,generator,
CLM-LF3DUEMZGG,behavioral_health,MBR-P78M8HDWEL,PRV-9HWCXGYGRP,,,,2024-02-04,2024-02-11,paid,generator,
CLM-Z92Y546FUB,professional,MBR-ECH5HLTRCG,PRV-DVP5UVKXMG,,,,2024-08-11,2024-08-16,paid,generator,
CLM-WEXLJDGKZL,professional,MBR-23FN74V9L5,PRV-52P4GQD2DS,,,,2024-08-17,2024-08-20,paid,generator,
CLM-HY7PCR7GAN,behavioral_health,MBR-LUWMQY57KY,PRV-F63QP3FKES,,,,2024-09-04,2024-09-06,paid,generator,
CLM-MRPUYWMR46,home_health,MBR-Q9XVDUN4EG,PRV-R6UGAZC4XJ,,,,2024-09-07,2024-09-17,paid,generator,
CLM-6YBXUAQK6M,facility,MBR-63JAR5TFRQ,PRV-GZWKQRABYX,FAC-FZ5P22Z29H,2024-01-17,2024-01-21,2024-01-29,2024-02-01,paid,generator,
CLM-TVHGP2YTUP,home_health,MBR-9NLNH78NEA,PRV-ZU6YL2HNHH,,,,2024-09-11,2024-09-23,paid,generator,
CLM-M27HMA5MBS,facility,MBR-LJX3UFVHQR,PRV-HP4BWL7QC4,FAC-FZ5P22Z29H,2024-06-16,2024-06-17,2024-07-30,2024-08-09,paid,generator,
CLM-S7FGEFVVAM,dme,MBR-BDY6GKJ6LW,PRV-4TYA4STMB7,,,,2024-06-29,2024-07-10,paid,generator,
CLM-S4P9N2X2FX,professional,MBR-9NLNH78NEA,PRV-CYX8UDJJ75,,,,2024-02-13,2024-02-17,paid,generator,
CLM-T5X2LRSCWY,facility,MBR-ENQHWRE4EM,PRV-H9LG5VAJ3J,FAC-HG5AVAWJLS,2024-01-04,2024-01-08,2024-02-10,2024-02-16,paid,generator,
CLM-BY92WE4ZNJ,professional,MBR-7FN4J7TSLE,PRV-52P4GQD2DS,,,,2024-06-11,2024-06-20,paid,generator,
CLM-MPWJHHNZDT,behavioral_health,MBR-26AVMXYZBB,PRV-EGMCSQWZE2,,,,2024-03-19,2024-03-24,paid,generator,
CLM-CRZSBJDGD4,behavioral_health,MBR-Y4DRB8SKCE,PRV-EGMCSQWZE2,,,,2024-06-27,2024-07-08,paid,generator,
CLM-ZKXYN8BTUK,home_health,MBR-BL5PTDN9TA,PRV-5AE63K9XH5,,,,2024-03-11,2024-03-23,paid,generator,
CLM-4QAVMRTRRT,dme,MBR-JJNSJXSGYB,PRV-LVGM3QWE3V,,,,2024-08-04,2024-08-15,paid,generator,
CLM-AJCJVJWKFC,dme,MBR-FR9SUZRQYE,PRV-FYQT8W8H8G,,,,2024-02-15,2024-02-24,paid,generator,
CLM-KGPZ9LMF6F,facility,MBR-TJZA2TZN6S,PRV-GZWKQRABYX,FAC-FZ5P22Z29H,2024-02-11,2024-02-12,2024-02-13,2024-02-19,paid,generator,
CLM-WNMYWYWHG9,behavioral_health,MBR-ARSHMU22CN,PRV-9HWCXGYGRP,,,,2024-03-19,2024-03-22,paid,generator,
CLM-2CZC57QSJD,dme,MBR-UQYW382EA8,PRV-FYQT8W8H8G,,,,2024-06-22,2024-07-03,paid,generator,
CLM-LRSXJB8KS9,facility,MBR-7FN4J7TSLE,PRV-GZWKQRABYX,FAC-FZ5P22Z29H,2024-05-07,2024-05-09,2024-05-24,2024-05-27,paid,generator,
CLM-5HT7RJGA35,ambulance,MBR-4EXUHMWNNJ,PRV-KGZA99WKKT,,,,2024-03-26,2024-04-06,paid,generator,
CLM-JURP66VMAS,professional,MBR-6SBLF43NN5,PRV-DVP5UVKXMG,,,,2024-02-11,2024-02-14,paid,generator,
CLM-6X4YF8HQB9,home_health,MBR-P42BUQXM3S,PRV-GQ36BNJZ2W,,,,2024-03-16,2024-03-28,paid,generator,
CLM-KKPVLGEX8K,facility,MBR-ANBZTECZG4,PRV-H9LG5VAJ3J,FAC-FZ5P22Z29H,2024-01-18,2024-01-22,2024-02-11,2024-02-18,paid,generator,
CLM-5AZ7YPRZ2T,laboratory,MBR-P42BUQXM3S,PRV-TTYMZNZQCD,,,,2024-09-08,2024-09-12,paid,generator,
CLM-SZKZ2HRNQ9,laboratory,MBR-J39SZ2P3P6,PRV-GG7BBL7G9L,,,,2024-08-26,2024-09-01,paid,generator,
CLM-G8WYNENDV5,behavioral_health,MBR-JXM5V2U2EH,PRV-9HWCXGYGRP,,,,2024-06-19,2024-06-25,paid,generator,
CLM-QENSMXRR36,facility,MBR-Q9XVDUN4EG,PRV-GZWKQRABYX,FAC-FZ5P22Z29H,2024-08-27,2024-08-29,2024-10-05,2024-10-06,paid,generator,
CLM-VP3QEXXGPQ,professional,MBR-SYWRT9N83F,PRV-DVP5UVKXMG,,,,2024-08-19,2024-08-21,paid,generator,
CLM-Z6AR9DLBQZ,home_health,MBR-UTSSCND564,PRV-ZU6YL2HNHH,,,,2024-05-29,2024-06-06,paid,generator,
CLM-YEC3NLRJZJ,home_health,MBR-5Y93Z8WGHW,PRV-5AE63K9XH5,,,,2024-05-20,2024-06-02,paid,generator,
CLM-XTKYZ2GXEH,behavioral_health,MBR-63JAR5TFRQ,PRV-F63QP3FKES,,,,2024-05-17,2024-05-18,paid,generator,
CLM-NQFFYR2A8G,pharmacy,MBR-JJNSJXSGYB,PRV-P8SZX5BYHL,,,,2024-03-23,2024-03-24,paid,generator,
CLM-FEWWBPSKKF,facility,MBR-BUL4LEDKWE,PRV-H9LG5VAJ3J,FAC-FZ5P22Z29H,2024-08-02,2024-08-04,2024-08-06,2024-08-08,paid,generator,
CLM-M8RELSCVEH,ambulance,MBR-BUL4LEDKWE,PRV-2RBJKMU8EL,,,,2024-06-28,2024-07-03,paid,generator,
CLM-6DYPJ9VFGH,laboratory,MBR-ZLNPJ2MYTP,PRV-GG7BBL7G9L,,,,2024-01-05,2024-01-07,paid,generator,
CLM-G547Y2KVAF,home_health,MBR-Y6AVHN8W6G,PRV-5AE63K9XH5,,,,2024-05-01,2024-05-08,paid,generator,
CLM-NGN37LJD2S,professional,MBR-FR9SUZRQYE,PRV-EWJD2QDPA6,,,,2024-02-11,2024-02-22,paid,generator,
CLM-7NBG93F3GC,facility,MBR-R5AEQFFAJ2,PRV-LEVZRZGE33,FAC-HG5AVAWJLS,2024-04-19,2024-04-23,2024-05-15,2024-05-25,paid,generator,
CLM-JHEWH8VUZ7,home_health,MBR-YTRN8M4CTJ,PRV-R6UGAZC4XJ,,,,2024-07-13,2024-07-22,paid,generator,
CLM-EDCQHXYWF3,home_health,MBR-Q9XVDUN4EG,PRV-R6UGAZC4XJ,,,,2024-04-01,2024-04-12,paid,generator,
CLM-5X6HTW5KNM,pharmacy,MBR-L3J58QSDDG,PRV-P8SZX5BYHL,,,,2024-02-18,2024-02-25,paid,generator,
CLM-JS7PPGWHYT,home_health,MBR-79KLVNZGFB,PRV-GQ36BNJZ2W,,,,2024-03-17,2024-03-27,paid,generator,
CLM-BPLPCTJENQ,behavioral_health,MBR-JZTGZW6TE6,PRV-F63QP3FKES,,,,2024-06-29,2024-07-08,paid,generator,
CLM-A79SSRTNCU,laboratory,MBR-XPGBTT2ECZ,PRV-6LZYWNNT2J,,,,2024-10-04,2024-10-17,paid,generator,
CLM-RDNXBZZP6X,laboratory,MBR-26AVMXYZBB,PRV-GG7BBL7G9L,,,,2024-02-20,2024-02-23,paid,generator,
CLM-2S8KZ5NBHM,pharmacy,MBR-6R667HJXAJ,PRV-Z84M5CG5BX,,,,2024-06-03,2024-06-07,paid,generator,
CLM-WVHA63W8QJ,home_health,MBR-FVQXNKE82Q,PRV-ZU6YL2HNHH,,,,2024-04-07,2024-04-20,paid,generator,
CLM-VUXDNASHV7,home_health,MBR-BUL4LEDKWE,PRV-GQ36BNJZ2W,,,,2024-07-09,2024-07-12,paid,generator,
CLM-DVX22DSA39,laboratory,MBR-QFQ7K875L3,PRV-6LZYWNNT2J,,,,2024-08-01,2024-08-11,paid,generator,
CLM-WWAX6Q7SX5,behavioral_health,MBR-DEXWGDJEY6,PRV-YHCS7YKNYQ,,,,2024-04-12,2024-04-15,paid,generator,
CLM-YJ4Z5STQXV,behavioral_health,MBR-JJNSJXSGYB,PRV-YHCS7YKNYQ,,,,2024-09-01,2024-09-14,paid,generator,
CLM-ERAM9HTKDT,facility,MBR-4VB4MXWWPN,PRV-GZWKQRABYX,FAC-HG5AVAWJLS,2024-07-21,2024-07-22,2024-08-30,2024-09-07,paid,generator,
CLM-2FMTMEGHQM,home_health,MBR-KURT4X2XJU,PRV-ZU6YL2HNHH,,,,2024-09-19,2024-09-27,paid,generator,
CLM-4BM6WZAFV3,professional,MBR-UQYW382EA8,PRV-52P4GQD2DS,,,,2024-05-09,2024-05-17,paid,generator,
CLM-XBBAGJBMWY,professional,MBR-B9S4DFFU5V,PRV-52P4GQD2DS,,,,2024-02-28,2024-03-03,paid,generator,
CLM-X3SJYFPJSZ,laboratory,MBR-HGL5QVCM22,PRV-6LZYWNNT2J,,,,2024-03-09,2024-03-21,paid,generator,
CLM-HLX2KQRBBT,facility,MBR-9NLNH78NEA,PRV-LEVZRZGE33,FAC-HG5AVAWJLS,2024-05-17,2024-05-19,2024-05-26,2024-06-01,paid,generator,
CLM-K46AUJ2K8K,pharmacy,MBR-63JAR5TFRQ,PRV-E2KQR2ZK3Q,,,,2024-04-10,2024-04-20,paid,generator,
CLM-XYLN4AV942,laboratory,MBR-6KDHMRRDDG,PRV-6LZYWNNT2J,,,,2024-06-13,2024-06-21,paid,generator,
CLM-Q4YW69NQXD,dme,MBR-V9VF74MPX3,PRV-LVGM3QWE3V,,,,2024-03-24,2024-03-25,paid,generator,
CLM-5TGU5YS333,home_health,MBR-P78M8HDWEL,PRV-5AE63K9XH5,,,,2024-02-15,2024-02-20,paid,generator,
CLM-QZKT3XC4PQ,behavioral_health,MBR-EFTCWLP65R,PRV-F63QP3FKES,,,,2024-01-08,2024-01-21,paid,generator,
CLM-TSLQP52SNM,ambulance,MBR-LSWYAWLX8N,PRV-LJD3M755ZS,,,,2024-03-20,2024-03-26,paid,generator,
CLM-5S8HFNWQJH,home_health,MBR-MPY7DCHPFS,PRV-5AE63K9XH5,,,,2024-05-21,2024-05-23,paid,generator,
CLM-UKT79M2EPG,facility,MBR-J39SZ2P3P6,PRV-HP4BWL7QC4,FAC-FZ5P22Z29H,2024-02-06,2024-02-08,2024-02-13,2024-02-16,paid,generator,
CLM-DQXQGB3JSZ,ambulance,MBR-FYPQ73DHJX,PRV-AEV55VW98C,,,,2024-05-06,2024-05-10,paid,generator,
CLM-957UK3BHSY,professional,MBR-2NR27KXVV3,PRV-EWJD2QDPA6,,,,2024-07-10,2024-07-15,paid,generator,
CLM-FL3PFFQHJ3,home_health,MBR-23FN74V9L5,PRV-ZU6YL2HNHH,,,,2024-02-05,2024-02-08,paid,generator,
CLM-NSKA2NVMQU,behavioral_health,MBR-YYH7PZ5M5C,PRV-F63QP3FKES,,,,2024-08-10,2024-08-11,paid,generator,
CLM-ZE7RRVLPC5,dme,MBR-B8UH9BQB22,PRV-FYQT8W8H8G,,,,2024-03-19,2024-03-30,paid,generator,
CLM-68U5JCTD74,professional,MBR-8MK5KHJNCW,PRV-CYX8UDJJ75,,,,2024-04-30,2024-05-03,paid,generator,
CLM-4TS8F3VA2B,professional,MBR-ARSHMU22CN,PRV-CYX8UDJJ75,,,,2024-05-08,2024-05-14,paid,generator,
CLM-7565WZN8LK,behavioral_health,MBR-XMN8XNZMG2,PRV-9HWCXGYGRP,,,,2024-02-27,2024-03-06,paid,generator,
CLM-9H2WVHSU9P,home_health,MBR-4MXTKGTLSY,PRV-GQ36BNJZ2W,,,,2024-02-28,2024-03-06,paid,generator,
CLM-BDS9LQCQ84,laboratory,MBR-JJNSJXSGYB,PRV-GG7BBL7G9L,,,,2024-08-29,2024-09-05,paid,generator,
CLM-KA6AXKHLXM,ambulance,MBR-ETZVH7W6AB,PRV-2RBJKMU8EL,,,,2024-08-03,2024-08-04,paid,generator,
CLM-GEA7CJW6UQ,professional,MBR-ECH5HLTRCG,PRV-52P4GQD2DS,,,,2024-07-25,2024-08-01,paid,generator,
CLM-FEARQYBBXT,dme,MBR-NP25PG6T7N,PRV-FYQT8W8H8G,,,,2024-04-11,2024-04-16,paid,generator,
CLM-8Q2QWPMJ24,dme,MBR-ZL5Q6EFMAR,PRV-4TYA4STMB7,,,,2024-03-01,2024-03-05,paid,generator,
CLM-ES2EWMN8VD,ambulance,MBR-KH7EQQUK24,PRV-LJD3M755ZS,,,,2024-03-13,2024-03-26,paid,generator,
CLM-RA9WKTL75M,home_health,MBR-HX94GZSQRT,PRV-ZU6YL2HNHH,,,,2024-03-04,2024-03-11,paid,generator,
CLM-QY6A3PN8WS,pharmacy,MBR-4VYBTHF64D,PRV-Z84M5CG5BX,,,,2024-07-01,2024-07-07,paid,generator,
CLM-393WX7FB8J,home_health,MBR-9PQ5QXMXV9,PRV-GQ36BNJZ2W,,,,2024-05-22,2024-05-23,paid,generator,
CLM-HAB432M7NW,professional,MBR-U8Q725GQ72,PRV-52P4GQD2DS,,,,2024-06-08,2024-06-13,paid,generator,
CLM-ZLBZKUPATA,facility,MBR-7XEPY4R5EL,PRV-H9LG5VAJ3J,FAC-FZ5P22Z29H,2024-02-17,2024-02-21,2024-03-08,2024-03-21,paid,generator,
CLM-UKHP727U3B,facility,MBR-UTSSCND564,PRV-GZWKQRABYX,FAC-HG5AVAWJLS,2024-06-17,2024-06-20,2024-07-24,2024-08-06,paid,generator,
CLM-GDB2XNKLCY,facility,MBR-KH7EQQUK24,PRV-H9LG5VAJ3J,FAC-FZ5P22Z29H,2024-05-07,2024-05-09,2024-06-12,2024-06-15,paid,generator,
CLM-X29H8Q9TLE,professional,MBR-BJJYH8G9UH,PRV-52P4GQD2DS,,,,2024-03-24,2024-03-29,paid,generator,
CLM-BC2ZD8D3U5,home_health,MBR-BZNAEFCCUH,PRV-ZU6YL2HNHH,,,,2024-03-05,2024-03-12,paid,generator,
CLM-7DMNM5FLJT,facility,MBR-6RGUUNWJV3,PRV-LEVZRZGE33,FAC-HG5AVAWJLS,2024-08-12,2024-08-13,2024-09-09,2024-09-15,paid,generator,
CLM-8NVA83BKWK,dme,MBR-6SBLF43NN5,PRV-KB3DDTGVSY,,,,2024-07-25,2024-08-01,paid,generator,
CLM-5A3Z5FPF5N,professional,MBR-QBR4HDNJC7,PRV-EWJD2QDPA6,,,,2024-07-23,2024-07-31,paid,generator,
CLM-5WAPPVFJHD,professional,MBR-3ULHAGK6SG,PRV-HC5CWNTSHD,,,,2024-02-27,2024-02-29,paid,generator,
CLM-QMUUMM2JSW,facility,MBR-V9VF74MPX3,PRV-QJ8CAJLGGT,FAC-HG5AVAWJLS,2024-06-19,2024-06-23,2024-07-03,2024-07-09,paid,generator,
CLM-YP2SC8T89J,home_health,MBR-JXM5V2U2EH,PRV-ZU6YL2HNHH,,,,2024-07-02,2024-07-15,paid,generator,
CLM-SW29EJ9LQE,professional,MBR-6R667HJXAJ,PRV-HC5CWNTSHD,,,,2024-08-01,2024-08-11,paid,generator,
CLM-R98L8WRUY9,home_health,MBR-BL5PTDN9TA,PRV-5AE63K9XH5,,,,2024-01-31,2024-02-05,paid,generator,
CLM-UD9W6UJPAE,behavioral_health,MBR-23FN74V9L5,PRV-9HWCXGYGRP,,,,2024-01-25,2024-01-30,paid,generator,
CLM-YA6DQT7DNM,dme,MBR-KSC4HVJFFY,PRV-4TYA4STMB7,,,,2024-01-27,2024-01-28,paid,generator,
CLM-MM35P6K6N5,professional,MBR-XPGBTT2ECZ,PRV-52P4GQD2DS,,,,2024-09-22,2024-09-23,paid,generator,
CLM-45MBBYPF98,home_health,MBR-FVQXNKE82Q,PRV-GQ36BNJZ2W,,,,2024-08-20,2024-08-22,paid,generator,
CLM-APLN5SDGXS,dme,MBR-R5AEQFFAJ2,PRV-KB3DDTGVSY,,,,2024-04-22,2024-04-24,paid,generator,
CLM-XCFY8P5ARW,home_health,MBR-NDAL8TYHG6,PRV-ZU6YL2HNHH,,,,2024-05-30,2024-06-08,paid,generator,
CLM-2SU9C8CX6L,professional,MBR-JZTGZW6TE6,PRV-EWJD2QDPA6,,,,2024-02-12,2024-02-21,paid,generator,
CLM-LKTGVFNXEK,dme,MBR-DEXWGDJEY6,PRV-KB3DDTGVSY,,,,2024-07-01,2024-07-09,paid,generator,
CLM-F427368NTZ,pharmacy,MBR-KH7EQQUK24,PRV-NNZAMXRZ52,,,,2024-04-20,2024-04-24,paid,generator,
CLM-YMC4K7P7TQ,home_health,MBR-DJLLB54X78,PRV-ZU6YL2HNHH,,,,2024-04-07,2024-04-08,paid,generator,
CLM-ZG4VKTWXC9,professional,MBR-BL5PTDN9TA,PRV-52P4GQD2DS,,,,2024-04-04,2024-04-10,paid,generator,
CLM-BHJPRA5VEE,dme,MBR-6RGUUNWJV3,PRV-4TYA4STMB7,,,,2024-08-24,2024-09-05,paid,generator,
CLM-4TE6MGLHHN,dme,MBR-HX94GZSQRT,PRV-LVGM3QWE3V,,,,2024-05-13,2024-05-16,paid,generator,
CLM-WB87FN2CEX,facility,MBR-26AVMXYZBB,PRV-QJ8CAJLGGT,FAC-HG5AVAWJLS,2024-07-31,2024-08-02,2024-09-01,2024-09-09,paid,generator,
CLM-F4347Q8S2H,home_health,MBR-EKUMPKKR4M,PRV-ZU6YL2HNHH,,,,2024-05-08,2024-05-18,paid,generator,
CLM-EGKEFRAQDA,facility,MBR-23FN74V9L5,PRV-H9LG5VAJ3J,FAC-FZ5P22Z29H,2024-06-14,2024-06-18,2024-07-05,2024-07-07,paid,generator,
CLM-HG9DNTUE2P,facility,MBR-P42BUQXM3S,PRV-H9LG5VAJ3J,FAC-FZ5P22Z29H,2024-03-07,2024-03-10,2024-03-15,2024-03-25,paid,generator,
CLM-MY9TT797F7,home_health,MBR-23FN74V9L5,PRV-ZU6YL2HNHH,,,,2024-01-17,2024-01-25,paid,generator,
CLM-GNHHWPMH4J,professional,MBR-YYH7PZ5M5C,PRV-CYX8UDJJ75,,,,2024-06-29,2024-07-11,paid,generator,
CLM-F2WP3EGER4,behavioral_health,MBR-E5G8EVQHMP,PRV-YHCS7YKNYQ,,,,2024-07-03,2024-07-16,paid,generator,
CLM-P6742W29GH,dme,MBR-79KLVNZGFB,PRV-FYQT8W8H8G,,,,2024-09-12,2024-09-24,paid,generator,
CLM-TGBYBFZRF8,professional,MBR-ETZVH7W6AB,PRV-52P4GQD2DS,,,,2024-08-24,2024-08-28,paid,generator,
CLM-3F9QGTA2Z7,home_health,MBR-V2LNSJANZJ,PRV-5AE63K9XH5,,,,2024-08-23,2024-08-31,paid,generator,
CLM-2H33RW2SSL,professional,MBR-P42BUQXM3S,PRV-HC5CWNTSHD,,,,2024-02-21,2024-03-05,paid,generator,
CLM-6QBHP9SHXX,professional,MBR-FR9SUZRQYE,PRV-CYX8UDJJ75,,,,2024-02-12,2024-02-25,paid,generator,
CLM-3FVK4S8ZZC,ambulance,MBR-NDAL8TYHG6,PRV-AEV55VW98C,,,,2024-02-27,2024-03-07,paid,generator,
CLM-97LKQGZ4US,behavioral_health,MBR-BJJYH8G9UH,PRV-EGMCSQWZE2,,,,2024-01-28,2024-02-04,paid,generator,
CLM-6WEANFQBMG,pharmacy,MBR-85TW3PXGVH,PRV-Z84M5CG5BX,,,,2024-05-22,2024-06-02,paid,generator,
CLM-CMUUY5VTS3,ambulance,MBR-KH7EQQUK24,PRV-2RBJKMU8EL,,,,2024-04-12,2024-04-13,paid,generator,
CLM-GWP8EPNLVV,professional,MBR-BZNAEFCCUH,PRV-HC5CWNTSHD,,,,2024-06-11,2024-06-12,paid,generator,
CLM-8FZB4ZBEU8,laboratory,MBR-S483KN937H,PRV-TTYMZNZQCD,,,,2024-07-31,2024-08-13,paid,generator,
CLM-KBNBZZ55KG,behavioral_health,MBR-4LB87BN7MV,PRV-F63QP3FKES,,,,2024-07-29,2024-08-07,paid,generator,
CLM-EFGCGXKNNZ,professional,MBR-LSWYAWLX8N,PRV-52P4GQD2DS,,,,2024-02-04,2024-02-05,paid,generator,
CLM-AEXFF75696,laboratory,MBR-P42BUQXM3S,PRV-TTYMZNZQCD,,,,2024-01-03,2024-01-10,paid,generator,
CLM-82QNLRDXC5,laboratory,MBR-LKW3FJD9YF,PRV-6LZYWNNT2J,,,,2024-05-27,2024-06-03,paid,generator,
CLM-DY2B2YUYLL,professional,MBR-6KDHMRRDDG,PRV-DVP5UVKXMG,,,,2024-06-05,2024-06-09,paid,generator,
CLM-GYLXGYUNDK,home_health,MBR-XMN8XNZMG2,PRV-ZU6YL2HNHH,,,,2024-05-29,2024-06-03,paid,generator,
CLM-ADSXYQTHEY,home_health,MBR-4C2VNKWGF5,PRV-R6UGAZC4XJ,,,,2024-03-15,2024-03-27,paid,generator,
CLM-C862RXTCSK,facility,MBR-Y6AVHN8W6G,PRV-LEVZRZGE33,FAC-HG5AVAWJLS,2024-08-17,2024-08-18,2024-09-15,2024-09-21,paid,generator,
CLM-C4ZRMH4UNK,home_health,MBR-ETZVH7W6AB,PRV-ZU6YL2HNHH,,,,2024-04-06,2024-04-16,paid,generator,
CLM-5F3A78FDWZ,home_health,MBR-5Y93Z8WGHW,PRV-GQ36BNJZ2W,,,,2024-03-27,2024-04-07,paid,generator,
CLM-UYD28HYZPM,home_health,MBR-6KDHMRRDDG,PRV-5AE63K9XH5,,,,2024-06-10,2024-06-20,paid,generator,
CLM-RD7MX69QBK,home_health,MBR-FZQYV4SKXX,PRV-GQ36BNJZ2W,,,,2024-06-03,2024-06-14,paid,generator,
CLM-AWMSU5U3NT,laboratory,MBR-NP25PG6T7N,PRV-6LZYWNNT2J,,,,2024-02-02,2024-02-13,paid,generator,
CLM-FAEJDUFKG3,professional,MBR-26AVMXYZBB,PRV-CYX8UDJJ75,,,,2024-05-12,2024-05-17,paid,generator,
CLM-UKYBAXYSJS,behavioral_health,MBR-XMN8XNZMG2,PRV-EGMCSQWZE2,,,,2024-05-19,2024-05-22,paid,generator,
CLM-VCDC6UX2EG,home_health,MBR-DPYG8XMK2N,PRV-GQ36BNJZ2W,,,,2024-09-11,2024-09-21,paid,generator,
CLM-LG59SCNAB7,pharmacy,MBR-BZNAEFCCUH,PRV-F2HS2XPZAV,,,,2024-08-27,2024-08-30,paid,generator,
CLM-7LTC3KGEKW,professional,MBR-AEENY3383J,PRV-EWJD2QDPA6,,,,2024-08-12,2024-08-25,paid,generator,
CLM-X2SDPJHG4H,professional,MBR-Y4DRB8SKCE,PRV-52P4GQD2DS,,,,2024-04-05,2024-04-11,paid,generator,
CLM-6FAGU7NM3U,dme,MBR-79KLVNZGFB,PRV-FYQT8W8H8G,,,,2024-03-13,2024-03-21,paid,generator,
CLM-2Y99YT3U7Q,professional,MBR-NDAL8TYHG6,PRV-DVP5UVKXMG,,,,2024-01-28,2024-02-01,paid,generator,
CLM-YE4DWBTGZ2,professional,MBR-9PQ5QXMXV9,PRV-52P4GQD2DS,,,,2024-08-22,2024-09-04,paid,generator,
CLM-MUAA5C5WN2,professional,MBR-JXM5V2U2EH,PRV-HC5CWNTSHD,,,,2024-08-22,2024-09-04,paid,generator,
CLM-G5JK4CETZN,pharmacy,MBR-23FN74V9L5,PRV-NNZAMXRZ52,,,,2024-08-02,2024-08-12,paid,generator,
CLM-5K6WU4355P,laboratory,MBR-SMLQ7MHU28,PRV-96KL4VD67A,,,,2024-07-23,2024-07-30,paid,generator,
CLM-GCZ2C47B4A,home_health,MBR-EKUMPKKR4M,PRV-GQ36BNJZ2W,,,,2024-04-20,2024-04-27,paid,generator,
CLM-7HV6M2DRMW,professional,MBR-9NLNH78NEA,PRV-CYX8UDJJ75,,,,2024-01-29,2024-02-07,paid,generator,
CLM-7GT9DVEN2W,professional,MBR-Y6AVHN8W6G,PRV-HC5CWNTSHD,,,,2024-06-01,2024-06-12,paid,generator,
CLM-TGHG28LZGA,home_health,MBR-P78M8HDWEL,PRV-ZU6YL2HNHH,,,,2024-08-25,2024-08-31,paid,generator,
CLM-SDFKV6CJHN,behavioral_health,MBR-9NLNH78NEA,PRV-9HWCXGYGRP,,,,2024-02-05,2024-02-12,paid,generator,
CLM-B6XECFNAG5,professional,MBR-LKW3FJD9YF,PRV-EWJD2QDPA6,,,,2024-05-06,2024-05-14,paid,generator,
CLM-WLHY2GYEHJ,dme,MBR-Q9XVDUN4EG,PRV-FYQT8W8H8G,,,,2024-04-05,2024-04-07,paid,generator,
CLM-45YBWCTRW3,dme,MBR-Y46Z4D77Y3,PRV-LVGM3QWE3V,,,,2024-02-24,2024-02-28,paid,generator,
CLM-C572ZEXX94,ambulance,MBR-EFTCWLP65R,PRV-KGZA99WKKT,,,,2024-02-24,2024-03-05,paid,generator,
CLM-5699MHND44,home_health,MBR-6R667HJXAJ,PRV-ZU6YL2HNHH,,,,2024-03-04,2024-03-06,paid,generator,
CLM-T9RQCVZGBQ,professional,MBR-ENQHWRE4EM,PRV-DVP5UVKXMG,,,,2024-07-09,2024-07-14,paid,generator,
CLM-L525R7KLFE,dme,MBR-GQPNSUNUD8,PRV-LVGM3QWE3V,,,,2024-01-16,2024-01-28,paid,generator,
CLM-FWKR2RGFV9,home_health,MBR-ZL5Q6EFMAR,PRV-R6UGAZC4XJ,,,,2024-09-15,2024-09-16,paid,generator,
CLM-NUYRKW2UKY,professional,MBR-BJJYH8G9UH,PRV-DVP5UVKXMG,,,,2024-06-18,2024-06-29,paid,generator,
CLM-VBAGSUKRTC,pharmacy,MBR-E5G8EVQHMP,PRV-NNZAMXRZ52,,,,2024-04-25,2024-05-02,paid,generator,
CLM-4TT7DD3FA6,professional,MBR-B9S4DFFU5V,PRV-CYX8UDJJ75,,,,2024-08-02,2024-08-06,paid,generator,
CLM-LBQUFN24T7,home_health,MBR-85TW3PXGVH,PRV-GQ36BNJZ2W,,,,2024-04-30,2024-05-13,paid,generator,
CLM-L5VVL2G9DK,professional,MBR-B8UH9BQB22,PRV-DVP5UVKXMG,,,,2024-03-12,2024-03-22,paid,generator,
CLM-UJPBWN924K,dme,MBR-7XEPY4R5EL,PRV-4TYA4STMB7,,,,2024-02-25,2024-02-27,paid,generator,
CLM-MN6M86JB5Z,professional,MBR-KXFLG7CTRT,PRV-DVP5UVKXMG,,,,2024-07-19,2024-07-25,paid,generator,
CLM-738E5LEWQH,laboratory,MBR-YTRN8M4CTJ,PRV-DLK2K6289C,,,,2024-06-04,2024-06-16,paid,generator,
CLM-WGNT4P23V2,professional,MBR-B9S4DFFU5V,PRV-DVP5UVKXMG,,,,2024-07-22,2024-07-28,paid,generator,
CLM-ENFUPD4AXM,home_health,MBR-5C38HCEB3B,PRV-ZU6YL2HNHH,,,,2024-04-13,2024-04-22,paid,generator,
CLM-8T7RC3F548,facility,MBR-KH7EQQUK24,PRV-HP4BWL7QC4,FAC-FZ5P22Z29H,2024-01-26,2024-01-30,2024-02-19,2024-02-26,paid,generator,
CLM-275F2ZZQ4L,behavioral_health,MBR-ECH5HLTRCG,PRV-YHCS7YKNYQ,,,,2024-07-17,2024-07-22,paid,generator,
CLM-QM5BJYW4AH,home_health,MBR-HGL5QVCM22,PRV-5AE63K9XH5,,,,2024-07-11,2024-07-24,paid,generator,
CLM-X3XW3JRKEQ,professional,MBR-DEXWGDJEY6,PRV-EWJD2QDPA6,,,,2024-07-04,2024-07-14,paid,generator,
CLM-APKN7ABAGQ,professional,MBR-FVQXNKE82Q,PRV-CYX8UDJJ75,,,,2024-08-31,2024-09-12,paid,generator,
CLM-MKDMQRQFT3,pharmacy,MBR-ETZVH7W6AB,PRV-E2KQR2ZK3Q,,,,2024-07-22,2024-07-29,paid,generator,
CLM-RT5NMW5WBB,professional,MBR-FR9SUZRQYE,PRV-HC5CWNTSHD,,,,2024-08-20,2024-08-22,paid,generator,
CLM-9E4XKAJDE5,professional,MBR-279EELY74M,PRV-CYX8UDJJ75,,,,2024-06-27,2024-07-10,paid,generator,
CLM-ETLB2NDEU3,laboratory,MBR-TEMED367ZE,PRV-GG7BBL7G9L,,,,2024-06-06,2024-06-12,paid,generator,
CLM-RR5NCAAT99,professional,MBR-8MK5KHJNCW,PRV-CYX8UDJJ75,,,,2024-02-15,2024-02-20,paid,generator,
CLM-942SAG2RUJ,home_health,MBR-L3J58QSDDG,PRV-R6UGAZC4XJ,,,,2024-04-21,2024-04-28,paid,generator,
CLM-QJKZE2MJCE,home_health,MBR-UQYW382EA8,PRV-5AE63K9XH5,,,,2024-05-04,2024-05-05,paid,generator,
CLM-U3SQTB6MJZ,laboratory,MBR-JJNSJXSGYB,PRV-96KL4VD67A,,,,2024-05-07,2024-05-16,paid,generator,
CLM-3QKS5T4L38,home_health,MBR-VK3KCQ836K,PRV-R6UGAZC4XJ,,,,2024-02-13,2024-02-18,paid,generator,
CLM-X532TXVT2J,professional,MBR-HX94GZSQRT,PRV-52P4GQD2DS,,,,2024-07-24,2024-08-06,paid,generator,
CLM-DMGBMVE7GQ,professional,MBR-6KDHMRRDDG,PRV-CYX8UDJJ75,,,,2024-04-07,2024-04-20,paid,generator,
CLM-94HACY6SVG,home_health,MBR-ZL5Q6EFMAR,PRV-R6UGAZC4XJ,,,,2024-04-26,2024-05-07,paid,generator,
CLM-DX3YE478YW,professional,MBR-4VB4MXWWPN,PRV-CYX8UDJJ75,,,,2024-08-18,2024-08-29,paid,generator,
CLM-YMA63HYVYT,behavioral_health,MBR-L3J58QSDDG,PRV-F63QP3FKES,,,,2024-08-01,2024-08-06,paid,generator,
CLM-Q5X3LHXHUT,behavioral_health,MBR-BDY6GKJ6LW,PRV-F63QP3FKES,,,,2024-03-16,2024-03-18,paid,generator,
CLM-L9SUHN2S62,professional,MBR-TJZA2TZN6S,PRV-HC5CWNTSHD,,,,2024-06-16,2024-06-18,paid,generator,
CLM-CR8QBV2ZCP,home_health,MBR-KQZHQZB89K,PRV-GQ36BNJZ2W,,,,2024-08-23,2024-08-30,paid,generator,
CLM-5LVK7QXDGZ,professional,MBR-MPY7DCHPFS,PRV-HC5CWNTSHD,,,,2024-05-17,2024-05-21,paid,generator,
CLM-JJQYZJRLM9,professional,MBR-BL5PTDN9TA,PRV-52P4GQD2DS,,,,2024-04-29,2024-04-30,paid,generator,
CLM-CMX4EQMF4C,professional,MBR-9PQ5QXMXV9,PRV-DVP5UVKXMG,,,,2024-04-03,2024-04-16,paid,generator,
CLM-VH5PPZFVEL,facility,MBR-LUWMQY57KY,PRV-HP4BWL7QC4,FAC-HG5AVAWJLS,2024-01-17,2024-01-20,2024-02-27,2024-03-01,paid,generator,
CLM-KE27S8MUH9,laboratory,MBR-4VYBTHF64D,PRV-DLK2K6289C,,,,2024-06-13,2024-06-22,paid,generator,
CLM-XAXCLDXT7R,facility,MBR-XVAD9JHUZ8,PRV-H9LG5VAJ3J,FAC-FZ5P22Z29H,2024-02-06,2024-02-08,2024-03-11,2024-03-21,paid,generator,
CLM-7P63JNLQSZ,laboratory,MBR-Q9XVDUN4EG,PRV-96KL4VD67A,,,,2024-06-21,2024-06-25,paid,generator,
CLM-5FMAR9VY72,ambulance,MBR-5C38HCEB3B,PRV-2RBJKMU8EL,,,,2024-04-09,2024-04-13,paid,generator,
CLM-NHSD6WXLHN,facility,MBR-DJLLB54X78,PRV-HP4BWL7QC4,FAC-HG5AVAWJLS,2024-05-07,2024-05-09,2024-05-23,2024-06-03,paid,generator,
CLM-NWGV7CR4L2,facility,MBR-ANBZTECZG4,PRV-HP4BWL7QC4,FAC-HG5AVAWJLS,2024-01-07,2024-01-11,2024-02-02,2024-02-15,paid,generator,
CLM-XHMUZCTKNZ,pharmacy,MBR-Q56D234924,PRV-NNZAMXRZ52,,,,2024-07-08,2024-07-11,paid,generator,
CLM-USZ4L5TEWK,dme,MBR-MPY7DCHPFS,PRV-KB3DDTGVSY,,,,2024-01-17,2024-01-18,paid,generator,
CLM-YHND2S35EF,behavioral_health,MBR-59N7KMSMAY,PRV-9HWCXGYGRP,,,,2024-02-24,2024-02-28,paid,generator,
CLM-WD8UT5TE8H,home_health,MBR-7FN4J7TSLE,PRV-ZU6YL2HNHH,,,,2024-08-16,2024-08-27,paid,generator,
CLM-CESNCWUSGB,behavioral_health,MBR-Y46Z4D77Y3,PRV-EGMCSQWZE2,,,,2024-06-24,2024-06-29,paid,generator,
CLM-GXNWDWQEN8,ambulance,MBR-NDAL8TYHG6,PRV-AEV55VW98C,,,,2024-03-14,2024-03-25,paid,generator,
CLM-W4R4SXEXWM,behavioral_health,MBR-XPGBTT2ECZ,PRV-EGMCSQWZE2,,,,2024-06-13,2024-06-14,paid,generator,
CLM-DGH4LP87AZ,behavioral_health,MBR-23FN74V9L5,PRV-9HWCXGYGRP,,,,2024-10-05,2024-10-08,paid,generator,
CLM-TJRCY7VUPV,pharmacy,MBR-W33FF9PGW5,PRV-E2KQR2ZK3Q,,,,2024-05-04,2024-05-17,paid,generator,
CLM-UZ7SKUHNAW,laboratory,MBR-6SBLF43NN5,PRV-DLK2K6289C,,,,2024-04-15,2024-04-20,paid,generator,
CLM-K9JL4SQLZV,professional,MBR-279EELY74M,PRV-EWJD2QDPA6,,,,2024-07-07,2024-07-16,paid,generator,
CLM-WNBNJMYB5C,professional,MBR-N22Z5YSZ3U,PRV-52P4GQD2DS,,,,2024-06-11,2024-06-14,paid,generator,
CLM-BA33Y7WT4N,home_health,MBR-6R667HJXAJ,PRV-ZU6YL2HNHH,,,,2024-05-07,2024-05-08,paid,generator,
CLM-R5JQE26V8X,ambulance,MBR-ZQX5ZKU3UK,PRV-AEV55VW98C,,,,2024-06-08,2024-06-15,paid,generator,
CLM-2KR8VUPNGD,facility,MBR-S483KN937H,PRV-HP4BWL7QC4,FAC-HG5AVAWJLS,2024-04-03,2024-04-05,2024-05-15,2024-05-24,paid,generator,
CLM-PRQCRTY78P,home_health,MBR-Y6AVHN8W6G,PRV-R6UGAZC4XJ,,,,2024-05-27,2024-05-30,paid,generator,
CLM-KULXJBYTVQ,ambulance,MBR-6RGUUNWJV3,PRV-AEV55VW98C,,,,2024-03-21,2024-04-02,paid,generator,
CLM-544TNQBRJW,behavioral_health,MBR-PETFJK9QT7,PRV-9HWCXGYGRP,,,,2024-04-28,2024-04-30,paid,generator,
CLM-J9HVU3YUNW,professional,MBR-Y46Z4D77Y3,PRV-HC5CWNTSHD,,,,2024-03-01,2024-03-12,paid,generator,
CLM-DT8DSNMLBW,professional,MBR-4MXTKGTLSY,PRV-HC5CWNTSHD,,,,2024-07-23,2024-07-27,paid,generator,
CLM-TJSSZ48UEJ,facility,MBR-VPC7RKBDT2,PRV-HP4BWL7QC4,FAC-FZ5P22Z29H,2024-07-08,2024-07-10,2024-07-27,2024-08-01,paid,generator,
CLM-KRRH9YSQTV,behavioral_health,MBR-SMLQ7MHU28,PRV-9HWCXGYGRP,,,,2024-01-30,2024-02-07,paid,generator,
CLM-UPG548TVHY,pharmacy,MBR-79KLVNZGFB,PRV-NNZAMXRZ52,,,,2024-03-06,2024-03-10,paid,generator,
CLM-AGZ6HJNUCX,professional,MBR-DEXWGDJEY6,PRV-DVP5UVKXMG,,,,2024-05-31,2024-06-03,paid,generator,
CLM-DNXRJ28B6D,facility,MBR-23FN74V9L5,PRV-QJ8CAJLGGT,FAC-FZ5P22Z29H,2024-01-17,2024-01-20,2024-01-21,2024-01-29,paid,generator,
CLM-8AEPV7RU6J,professional,MBR-EFTCWLP65R,PRV-HC5CWNTSHD,,,,2024-03-10,2024-03-16,paid,generator,
CLM-NGDFM4FYUU,ambulance,MBR-UQYW382EA8,PRV-LJD3M755ZS,,,,2024-06-21,2024-06-24,paid,generator,
CLM-67J6UNSFG3,laboratory,MBR-YYH7PZ5M5C,PRV-96KL4VD67A,,,,2024-03-10,2024-03-12,paid,generator,
CLM-S8Q87K6B94,pharmacy,MBR-FZQYV4SKXX,PRV-Z84M5CG5BX,,,,2024-03-19,2024-03-29,paid,generator,
CLM-U46HTZT72C,professional,MBR-SMLQ7MHU28,PRV-EWJD2QDPA6,,,,2024-04-27,2024-05-07,paid,generator,
CLM-DLEF5UTM54,home_health,MBR-S7Z8C8UNTB,PRV-ZU6YL2HNHH,,,,2024-04-02,2024-04-14,paid,generator,
CLM-WXVA68VJTU,professional,MBR-NP25PG6T7N,PRV-52P4GQD2DS,,,,2024-03-02,2024-03-11,paid,generator,
CLM-J75E297Q6K,professional,MBR-MPY7DCHPFS,PRV-HC5CWNTSHD,,,,2024-05-12,2024-05-16,paid,generator,
CLM-RZFYTXYKJ2,home_health,MBR-NHZFV5F7YB,PRV-R6UGAZC4XJ,,,,2024-05-10,2024-05-18,paid,generator,
CLM-MW889DMYFR,home_health,MBR-EWCZ7ZJ4K2,PRV-GQ36BNJZ2W,,,,2024-05-21,2024-05-31,paid,generator,
CLM-H2SBCRGJRL,professional,MBR-NHZFV5F7YB,PRV-EWJD2QDPA6,,,,2024-08-30,2024-09-04,paid,generator,
CLM-7ZQ3ZCYN4Y,home_health,MBR-SYWRT9N83F,PRV-5AE63K9XH5,,,,2024-02-06,2024-02-13,paid,generator,
CLM-YTDA4BWDBB,behavioral_health,MBR-63JAR5TFRQ,PRV-9HWCXGYGRP,,,,2024-05-08,2024-05-16,paid,generator,
CLM-DEPXD3XFND,professional,MBR-QFQ7K875L3,PRV-EWJD2QDPA6,,,,2024-06-20,2024-06-28,paid,generator,
CLM-VFWD243Q2Z,facility,MBR-4MXTKGTLSY,PRV-GZWKQRABYX,FAC-FZ5P22Z29H,2024-06-07,2024-06-10,2024-06-15,2024-06-19,paid,generator,
CLM-7PC6BG9574,facility,MBR-KSC4HVJFFY,PRV-QJ8CAJLGGT,FAC-FZ5P22Z29H,2024-04-11,2024-04-13,2024-05-21,2024-05-29,paid,generator,
CLM-335HV3TBGT,dme,MBR-EWCZ7ZJ4K2,PRV-KB3DDTGVSY,,,,2024-06-11,2024-06-12,paid,generator,
CLM-WTQHDUM6NH,behavioral_health,MBR-26AVMXYZBB,PRV-EGMCSQWZE2,,,,2024-09-11,2024-09-16,paid,generator,
CLM-A7MS2VZJQN,home_health,MBR-9PQ5QXMXV9,PRV-GQ36BNJZ2W,,,,2024-03-20,2024-03-30,paid,generator,
CLM-D3TW8XPQN3,professional,MBR-YQDXZC2T45,PRV-DVP5UVKXMG,,,,2024-04-28,2024-05-02,paid,generator,
CLM-DVY5D6E2K3,facility,MBR-7XEPY4R5EL,PRV-HP4BWL7QC4,FAC-HG5AVAWJLS,2024-05-12,2024-05-16,2024-06-23,2024-07-01,paid,generator,
CLM-AVGW69SRM5,professional,MBR-3ULHAGK6SG,PRV-DVP5UVKXMG,,,,2024-08-17,2024-08-20,paid,generator,
CLM-7DA49V4NAC,ambulance,MBR-H5PBWV7T3H,PRV-LJD3M755ZS,,,,2024-03-10,2024-03-20,paid,generator,
CLM-YWGNRJBCMK,pharmacy,MBR-QBR4HDNJC7,PRV-F2HS2XPZAV,,,,2024-07-29,2024-08-11,paid,generator,
CLM-DVCVAUEBCX,dme,MBR-V9VF74MPX3,PRV-KB3DDTGVSY,,,,2024-03-15,2024-03-17,paid,generator,
CLM-DGW8V3GLY2,behavioral_health,MBR-S483KN937H,PRV-9HWCXGYGRP,,,,2024-04-21,2024-05-03,paid,generator,
CLM-6EDAMTYP7G,laboratory,MBR-2NR27KXVV3,PRV-GG7BBL7G9L,,,,2024-07-31,2024-08-06,paid,generator,
CLM-DWEQSAQNQF,professional,MBR-4VYBTHF64D,PRV-DVP5UVKXMG,,,,2024-07-21,2024-07-31,paid,generator,
CLM-NH6823ULWM,home_health,MBR-LSWYAWLX8N,PRV-5AE63K9XH5,,,,2024-02-16,2024-02-27,paid,generator,
CLM-EDNVP9M74W,behavioral_health,MBR-LJX3UFVHQR,PRV-F63QP3FKES,,,,2024-05-09,2024-05-20,paid,generator,
CLM-LTJMG9XKZW,behavioral_health,MBR-PETFJK9QT7,PRV-YHCS7YKNYQ,,,,2024-03-02,2024-03-11,paid,generator,
CLM-BYMR4JZSUN,professional,MBR-BZNAEFCCUH,PRV-CYX8UDJJ75,,,,2024-04-11,2024-04-17,paid,generator,
CLM-5WDT67RGYE,home_health,MBR-4VYBTHF64D,PRV-R6UGAZC4XJ,,,,2024-08-30,2024-09-09,paid,generator,
CLM-XU8EFE2XSE,professional,MBR-YYH7PZ5M5C,PRV-HC5CWNTSHD,,,,2024-06-03,2024-06-08,paid,generator,
CLM-GUS57DQWRA,home_health,MBR-7FN4J7TSLE,PRV-R6UGAZC4XJ,,,,2024-05-10,2024-05-18,paid,generator,
CLM-J6GL8QKXBA,pharmacy,MBR-VK3KCQ836K,PRV-NNZAMXRZ52,,,,2024-05-30,2024-05-31,paid,generator,
CLM-9KSVGZ8HHR,ambulance,MBR-ARSHMU22CN,PRV-LJD3M755ZS,,,,2024-08-19,2024-08-31,paid,generator,
CLM-RYNMVXXT52,behavioral_health,MBR-JJNSJXSGYB,PRV-9HWCXGYGRP,,,,2024-03-22,2024-03-28,paid,generator,
CLM-QL3VMB96SF,pharmacy,MBR-EWCZ7ZJ4K2,PRV-Z84M5CG5BX,,,,2024-06-09,2024-06-22,paid,generator,
CLM-HW8JZPP6GF,behavioral_health,MBR-Y4DRB8SKCE,PRV-YHCS7YKNYQ,,,,2024-04-27,2024-05-02,paid,generator,
CLM-CB2488756V,pharmacy,MBR-J39SZ2P3P6,PRV-Z84M5CG5BX,,,,2024-07-23,2024-07-24,paid,generator,
CLM-EAXAFWURVL,ambulance,MBR-R5AEQFFAJ2,PRV-2RBJKMU8EL,,,,2024-04-28,2024-05-06,paid,generator,
CLM-EFQUZV83C6,professional,MBR-DJLLB54X78,PRV-52P4GQD2DS,,,,2024-09-15,2024-09-16,paid,generator,
CLM-E2YYEDEPXD,behavioral_health,MBR-4EXUHMWNNJ,PRV-YHCS7YKNYQ,,,,2024-05-29,2024-06-06,paid,generator,
CLM-ZFNNRJERWD,professional,MBR-DJLLB54X78,PRV-HC5CWNTSHD,,,,2024-04-20,2024-04-23,paid,generator,
CLM-JU524VDS5M,dme,MBR-B9S4DFFU5V,PRV-FYQT8W8H8G,,,,2024-02-06,2024-02-07,paid,generator,
CLM-396E6T96LP,professional,MBR-XVAD9JHUZ8,PRV-52P4GQD2DS,,,,2024-08-14,2024-08-17,paid,generator,
CLM-YPS6F4NJMC,ambulance,MBR-Q56D234924,PRV-LJD3M755ZS,,,,2024-03-17,2024-03-26,paid,generator,
CLM-AUKU2GUDK6,home_health,MBR-4C2VNKWGF5,PRV-5AE63K9XH5,,,,2024-02-26,2024-02-28,paid,generator,
CLM-5AVXYRT9J8,home_health,MBR-QFQ7K875L3,PRV-ZU6YL2HNHH,,,,2024-03-18,2024-03-21,paid,generator,
CLM-HZAE6C3429,professional,MBR-FZQYV4SKXX,PRV-52P4GQD2DS,,,,2024-03-01,2024-03-06,paid,generator,
CLM-Z6MJ3MWQDZ,dme,MBR-279EELY74M,PRV-4TYA4STMB7,,,,2024-08-15,2024-08-17,paid,generator,
CLM-HNCG9D3Y2B,home_health,MBR-FVQXNKE82Q,PRV-5AE63K9XH5,,,,2024-05-19,2024-05-21,paid,generator,
CLM-BTF8HHGY7V,ambulance,MBR-Y6AVHN8W6G,PRV-KGZA99WKKT,,,,2024-04-01,2024-04-11,paid,generator,
CLM-5LTS9LY5G8,professional,MBR-S483KN937H,PRV-DVP5UVKXMG,,,,2024-06-28,2024-07-08,paid,generator,
CLM-M4KGD5RNLD,home_health,MBR-E5G8EVQHMP,PRV-5AE63K9XH5,,,,2024-06-15,2024-06-20,paid,generator,
CLM-XNKRUZRENG,professional,MBR-B9S4DFFU5V,PRV-HC5CWNTSHD,,,,2024-03-23,2024-04-03,paid,generator,
CLM-V6C8XH3YFA,pharmacy,MBR-59N7KMSMAY,PRV-E2KQR2ZK3Q,,,,2024-06-30,2024-07-01,paid,generator,
CLM-CG7GHPM3QC,home_health,MBR-7FN4J7TSLE,PRV-ZU6YL2HNHH,,,,2024-02-08,2024-02-16,paid,generator,
CLM-6YYLNL3CP4,home_health,MBR-8MK5KHJNCW,PRV-R6UGAZC4XJ,,,,2024-02-23,2024-02-26,paid,generator,
CLM-DXNTLFWC9U,facility,MBR-63JAR5TFRQ,PRV-QJ8CAJLGGT,FAC-FZ5P22Z29H,2024-01-06,2024-01-07,2024-01-14,2024-01-23,paid,generator,
CLM-YZ5SECBWUW,professional,MBR-7XEPY4R5EL,PRV-DVP5UVKXMG,,,,2024-08-16,2024-08-25,paid,generator,
CLM-NXTMLVZUVA,behavioral_health,MBR-7FN4J7TSLE,PRV-9HWCXGYGRP,,,,2024-05-16,2024-05-26,paid,generator,
CLM-2LWJXQSK9L,laboratory,MBR-UTSSCND564,PRV-TTYMZNZQCD,,,,2024-05-19,2024-05-22,paid,generator,
CLM-SANFUMHY99,professional,MBR-69CJDM2UQG,PRV-CYX8UDJJ75,,,,2024-03-09,2024-03-17,paid,generator,
CLM-M3AUCSBLAZ,facility,MBR-7XEPY4R5EL,PRV-H9LG5VAJ3J,FAC-FZ5P22Z29H,2024-07-17,2024-07-19,2024-07-31,2024-08-01,paid,generator,
CLM-K7LS8B6LJX,professional,MBR-TJZA2TZN6S,PRV-HC5CWNTSHD,,,,2024-07-09,2024-07-22,paid,generator,
CLM-KSM6V6SRA6,laboratory,MBR-YYH7PZ5M5C,PRV-TTYMZNZQCD,,,,2024-08-05,2024-08-10,paid,generator,
CLM-E8C9X5SGL8,home_health,MBR-XVAD9JHUZ8,PRV-ZU6YL2HNHH,,,,2024-05-22,2024-05-28,paid,generator,
CLM-SSEJYS7KQY,pharmacy,MBR-85TW3PXGVH,PRV-NNZAMXRZ52,,,,2024-06-09,2024-06-17,paid,generator,
CLM-BEYBDPB7HG,pharmacy,MBR-63JAR5TFRQ,PRV-NNZAMXRZ52,,,,2024-03-12,2024-03-19,paid,generator,
CLM-2J4N8UTB5K,facility,MBR-ECH5HLTRCG,PRV-GZWKQRABYX,FAC-FZ5P22Z29H,2024-08-14,2024-08-18,2024-09-01,2024-09-08,paid,generator,
CLM-6LFFZEH5VN,professional,MBR-UC38TQGQU2,PRV-DVP5UVKXMG,,,,2024-06-25,2024-07-08,paid,generator,
CLM-6KCZG9PA2R,pharmacy,MBR-FYPQ73DHJX,PRV-F2HS2XPZAV,,,,2024-07-21,2024-08-03,paid,generator,
CLM-E9BWNRVNTG,pharmacy,MBR-HGL5QVCM22,PRV-F2HS2XPZAV,,,,2024-05-11,2024-05-20,paid,generator,
CLM-FEMPBR5F7T,professional,MBR-Q9XVDUN4EG,PRV-CYX8UDJJ75,,,,2024-04-06,2024-04-19,paid,generator,
CLM-QSTMGVLCPV,laboratory,MBR-KQZHQZB89K,PRV-TTYMZNZQCD,,,,2024-03-08,2024-03-11,paid,generator,
CLM-PJTHAPDM9N,pharmacy,MBR-DEXWGDJEY6,PRV-Z84M5CG5BX,,,,2024-03-17,2024-03-22,paid,generator,
CLM-BDND92GFSB,home_health,MBR-ANBZTECZG4,PRV-GQ36BNJZ2W,,,,2024-08-21,2024-08-30,paid,generator,
CLM-XPSMKEBXPX,professional,MBR-4PAPY9GKRR,PRV-HC5CWNTSHD,,,,2024-08-27,2024-09-06,paid,generator,
CLM-VGMFJHMJ94,professional,MBR-FZQYV4SKXX,PRV-DVP5UVKXMG,,,,2024-09-12,2024-09-17,paid,generator,
CLM-2NZ58KWA95,home_health,MBR-5Y93Z8WGHW,PRV-R6UGAZC4XJ,,,,2024-01-26,2024-01-31,paid,generator,
CLM-N45WV5R7BH,dme,MBR-KXFLG7CTRT,PRV-KB3DDTGVSY,,,,2024-05-28,2024-06-09,paid,generator,
CLM-6EJHJAX4SF,home_health,MBR-FYPQ73DHJX,PRV-ZU6YL2HNHH,,,,2024-03-04,2024-03-06,paid,generator,
CLM-8LDAXSP96R,facility,MBR-EL4SD7SMBU,PRV-QJ8CAJLGGT,FAC-HG5AVAWJLS,2024-05-22,2024-05-26,2024-06-26,2024-07-05,paid,generator,
CLM-TXY3RWWRPC,dme,MBR-SYWRT9N83F,PRV-LVGM3QWE3V,,,,2024-02-22,2024-03-06,paid,generator,
CLM-YARXTU6W3G,behavioral_health,MBR-HGL5QVCM22,PRV-F63QP3FKES,,,,2024-06-24,2024-07-05,paid,generator,
CLM-AMYL9J3L5F,facility,MBR-H5PBWV7T3H,PRV-H9LG5VAJ3J,FAC-HG5AVAWJLS,2024-03-13,2024-03-16,2024-03-23,2024-04-05,paid,generator,
CLM-6ALW2YK93N,professional,MBR-4VB4MXWWPN,PRV-HC5CWNTSHD,,,,2024-07-29,2024-08-05,paid,generator,
CLM-BKTH82PC8D,professional,MBR-FV7G6UXLBA,PRV-52P4GQD2DS,,,,2024-07-14,2024-07-26,paid,generator,
CLM-9LQXHWEGQR,professional,MBR-4MXTKGTLSY,PRV-DVP5UVKXMG,,,,2024-04-01,2024-04-06,paid,generator,
CLM-3J5J22QXX6,professional,MBR-6KDHMRRDDG,PRV-HC5CWNTSHD,,,,2024-05-19,2024-05-31,paid,generator,
CLM-5EB85S2B5M,professional,MBR-3ULHAGK6SG,PRV-52P4GQD2DS,,,,2024-03-20,2024-04-01,paid,generator,
CLM-CFSTGFGYKB,dme,MBR-ARSHMU22CN,PRV-4TYA4STMB7,,,,2024-04-25,2024-05-04,paid,generator,
CLM-LM8MSDGX8K,professional,MBR-4VB4MXWWPN,PRV-52P4GQD2DS,,,,2024-03-17,2024-03-22,paid,generator,
CLM-Z7U9WVBV8Q,laboratory,MBR-4C2VNKWGF5,PRV-TTYMZNZQCD,,,,2024-08-05,2024-08-18,paid,generator,
CLM-HPRV9PK874,pharmacy,MBR-KQZHQZB89K,PRV-P8SZX5BYHL,,,,2024-05-07,2024-05-10,paid,generator,
CLM-MM4VKJ5N7L,laboratory,MBR-UQYW382EA8,PRV-GG7BBL7G9L,,,,2024-10-04,2024-10-17,paid,generator,
CLM-9QG2F2DVLG,pharmacy,MBR-AEENY3383J,PRV-F2HS2XPZAV,,,,2024-09-08,2024-09-09,paid,generator,
CLM-4WP3EG4X7Y,behavioral_health,MBR-UQYW382EA8,PRV-F63QP3FKES,,,,2024-09-10,2024-09-22,paid,generator,
CLM-REGDVYSLB3,ambulance,MBR-3ULHAGK6SG,PRV-2RBJKMU8EL,,,,2024-03-27,2024-03-31,paid,generator,
CLM-7RWUXEV37Z,home_health,MBR-NHZFV5F7YB,PRV-5AE63K9XH5,,,,2024-09-13,2024-09-22,paid,generator,
CLM-64WSTY6U85,behavioral_health,MBR-LUWMQY57KY,PRV-YHCS7YKNYQ,,,,2024-07-07,2024-07-16,paid,generator,
CLM-6ZXW67VWNM,professional,MBR-U8Q725GQ72,PRV-DVP5UVKXMG,,,,2024-03-28,2024-03-30,paid,generator,
CLM-AKYCPWCHV6,facility,MBR-HGL5QVCM22,PRV-H9LG5VAJ3J,FAC-FZ5P22Z29H,2024-03-10,2024-03-12,2024-03-10,2024-03-14,paid,generator,
CLM-24742WYZP9,professional,MBR-6R667HJXAJ,PRV-HC5CWNTSHD,,,,2024-09-07,2024-09-11,paid,generator,
CLM-AFZLJ8KECX,ambulance,MBR-KH7EQQUK24,PRV-KGZA99WKKT,,,,2024-07-11,2024-07-18,paid,generator,
CLM-7DNR7UGCBV,home_health,MBR-VK3KCQ836K,PRV-GQ36BNJZ2W,,,,2024-05-07,2024-05-14,paid,generator,
CLM-4L9GMPL2FB,laboratory,MBR-BZNAEFCCUH,PRV-6LZYWNNT2J,,,,2024-06-17,2024-06-27,paid,generator,
CLM-QPDUCFUK3Q,behavioral_health,MBR-U8Q725GQ72,PRV-YHCS7YKNYQ,,,,2024-04-20,2024-05-01,paid,generator,
CLM-6SK66VGGG6,professional,MBR-EKUMPKKR4M,PRV-CYX8UDJJ75,,,,2024-03-25,2024-03-29,paid,generator,
CLM-X5L5GUE8HD,behavioral_health,MBR-N22Z5YSZ3U,PRV-EGMCSQWZE2,,,,2024-07-26,2024-08-07,paid,generator,
CLM-6HLGDZF85G,professional,MBR-YYH7PZ5M5C,PRV-CYX8UDJJ75,,,,2024-04-25,2024-05-02,paid,generator,
CLM-H5K57SXH76,dme,MBR-DPYG8XMK2N,PRV-LVGM3QWE3V,,,,2024-05-11,2024-05-13,paid,generator,
CLM-URWSM6JA3R,facility,MBR-EFTCWLP65R,PRV-LEVZRZGE33,FAC-HG5AVAWJLS,2024-03-02,2024-03-06,2024-03-12,2024-03-18,paid,generator,
CLM-HA4XZD4BR6,professional,MBR-LUWMQY57KY,PRV-EWJD2QDPA6,,,,2024-09-10,2024-09-13,paid,generator,
CLM-L8Y3JWURQP,professional,MBR-GQPNSUNUD8,PRV-HC5CWNTSHD,,,,2024-09-02,2024-09-06,paid,generator,
CLM-WYPW9XQQAL,laboratory,MBR-FYPQ73DHJX,PRV-DLK2K6289C,,,,2024-05-11,2024-05-12,paid,generator,
CLM-NX2PRFPGYC,behavioral_health,MBR-DEXWGDJEY6,PRV-9HWCXGYGRP,,,,2024-05-23,2024-05-31,paid,generator,
CLM-VA8G2ZA8P4,professional,MBR-ZL5Q6EFMAR,PRV-HC5CWNTSHD,,,,2024-06-09,2024-06-19,paid,generator,
CLM-TJ2WEDRY4P,behavioral_health,MBR-7FN4J7TSLE,PRV-YHCS7YKNYQ,,,,2024-02-13,2024-02-26,paid,generator,
CLM-Y5UTXKZSSP,dme,MBR-XMN8XNZMG2,PRV-KB3DDTGVSY,,,,2024-03-13,2024-03-25,paid,generator,
CLM-73U4CMYMYS,professional,MBR-4MXTKGTLSY,PRV-DVP5UVKXMG,,,,2024-04-23,2024-04-26,paid,generator,
CLM-8DK5PAMVJU,professional,MBR-KH7EQQUK24,PRV-EWJD2QDPA6,,,,2024-05-16,2024-05-23,paid,generator,
CLM-HSM4TADH89,home_health,MBR-R5AEQFFAJ2,PRV-ZU6YL2HNHH,,,,2024-05-10,2024-05-15,paid,generator,
CLM-GGRRNNJY4M,home_health,MBR-SMLQ7MHU28,PRV-GQ36BNJZ2W,,,,2024-03-31,2024-04-06,paid,generator,
CLM-JTMGS3F277,professional,MBR-EFTCWLP65R,PRV-DVP5UVKXMG,,,,2024-03-03,2024-03-06,paid,generator,
CLM-XA4BXZP7PG,pharmacy,MBR-BJJYH8G9UH,PRV-E2KQR2ZK3Q,,,,2024-03-13,2024-03-21,paid,generator,
CLM-GMAXNY5KXR,facility,MBR-9NLNH78NEA,PRV-QJ8CAJLGGT,FAC-FZ5P22Z29H,2024-04-03,2024-04-04,2024-05-14,2024-05-18,paid,generator,
CLM-YG7CP69CNC,professional,MBR-EKUMPKKR4M,PRV-CYX8UDJJ75,,,,2024-08-15,2024-08-16,paid,generator,
CLM-9KFLACMTZ4,laboratory,MBR-YYH7PZ5M5C,PRV-DLK2K6289C,,,,2024-08-04,2024-08-09,paid,generator,
CLM-FGK65PW86N,laboratory,MBR-9NLNH78NEA,PRV-DLK2K6289C,,,,2024-08-28,2024-09-03,paid,generator,
CLM-56EUTWKXY8,laboratory,MBR-QBR4HDNJC7,PRV-DLK2K6289C,,,,2024-07-23,2024-08-03,paid,generator,
CLM-9E7ZEMCZA9,behavioral_health,MBR-EFTCWLP65R,PRV-9HWCXGYGRP,,,,2024-04-04,2024-04-08,paid,generator,
CLM-MZVV7J5GVJ,home_health,MBR-4VYBTHF64D,PRV-R6UGAZC4XJ,,,,2024-08-26,2024-09-06,paid,generator,
CLM-XF62Q26X5Q,professional,MBR-QN2SK6VX4D,PRV-HC5CWNTSHD,,,,2024-04-11,2024-04-18,paid,generator,
CLM-TD7VFTB7KB,facility,MBR-S7Z8C8UNTB,PRV-LEVZRZGE33,FAC-HG5AVAWJLS,2024-08-16,2024-08-17,2024-09-09,2024-09-10,paid,generator,
CLM-8QPVAU6VQC,dme,MBR-69CJDM2UQG,PRV-FYQT8W8H8G,,,,2024-04-30,2024-05-08,paid,generator,
CLM-XVHJAGWBRG,home_health,MBR-ARSHMU22CN,PRV-R6UGAZC4XJ,,,,2024-09-15,2024-09-25,paid,generator,
CLM-WQY8FKZX3L,laboratory,MBR-LJX3UFVHQR,PRV-6LZYWNNT2J,,,,2024-05-30,2024-06-08,paid,generator,
CLM-CV9FFH4ZHQ,laboratory,MBR-7XEPY4R5EL,PRV-TTYMZNZQCD,,,,2024-07-27,2024-08-05,paid,generator,
CLM-WKGDM7UF8F,facility,MBR-B8UH9BQB22,PRV-LEVZRZGE33,FAC-HG5AVAWJLS,2024-03-17,2024-03-21,2024-04-25,2024-04-30,paid,generator,
CLM-PMFPHTTZHW,ambulance,MBR-MPY7DCHPFS,PRV-2RBJKMU8EL,,,,2024-07-03,2024-07-16,paid,generator,
CLM-P37Z8WCD5X,professional,MBR-KXFLG7CTRT,PRV-CYX8UDJJ75,,,,2024-07-30,2024-08-04,paid,generator,
CLM-SHHDSFAKDF,facility,MBR-QFQ7K875L3,PRV-GZWKQRABYX,FAC-FZ5P22Z29H,2024-06-17,2024-06-18,2024-06-17,2024-06-21,paid,generator,
CLM-KEQHAJN2FQ,professional,MBR-BJJYH8G9UH,PRV-DVP5UVKXMG,,,,2024-02-26,2024-03-07,paid,generator,
CLM-PHKEFKAMHW,ambulance,MBR-8QYV5748M9,PRV-KGZA99WKKT,,,,2024-07-06,2024-07-11,paid,generator,
CLM-PT94ZAGP5S,dme,MBR-7FN4J7TSLE,PRV-LVGM3QWE3V,,,,2024-03-30,2024-04-12,paid,generator,
CLM-NK8PVRVT4E,dme,MBR-EL4SD7SMBU,PRV-4TYA4STMB7,,,,2024-06-26,2024-07-06,paid,generator,
CLM-V5Q9T6BSYE,behavioral_health,MBR-ZQX5ZKU3UK,PRV-EGMCSQWZE2,,,,2024-02-11,2024-02-20,paid,generator,
CLM-CFZJV5XT62,professional,MBR-L3J58QSDDG,PRV-52P4GQD2DS,,,,2024-07-18,2024-07-29,paid,generator,
CLM-SH47HGAZ6M,home_health,MBR-LKW3FJD9YF,PRV-GQ36BNJZ2W,,,,2024-08-07,2024-08-13,paid,generator,
CLM-EGNTQCATNF,dme,MBR-BUL4LEDKWE,PRV-FYQT8W8H8G,,,,2024-06-01,2024-06-08,paid,generator,
CLM-97CA8K68DT,laboratory,MBR-DEXWGDJEY6,PRV-6LZYWNNT2J,,,,2024-09-21,2024-09-24,paid,generator,
CLM-QPQYWHC9GC,dme,MBR-ZLNPJ2MYTP,PRV-KB3DDTGVSY,,,,2024-09-01,2024-09-07,paid,generator,
CLM-NXPYUC6D2Q,professional,MBR-XVAD9JHUZ8,PRV-DVP5UVKXMG,,,,2024-09-11,2024-09-16,paid,generator,
CLM-5NWN7A2UUB,professional,MBR-QBR4HDNJC7,PRV-CYX8UDJJ75,,,,2024-05-20,2024-05-31,paid,generator,
CLM-KKQD9F8EBH,professional,MBR-3ULHAGK6SG,PRV-EWJD2QDPA6,,,,2024-05-29,2024-06-09,paid,generator,
CLM-488HRUGQRR,behavioral_health,MBR-HGL5QVCM22,PRV-F63QP3FKES,,,,2024-05-07,2024-05-12,paid,generator,
CLM-QBT532VWB2,facility,MBR-GQPNSUNUD8,PRV-QJ8CAJLGGT,FAC-FZ5P22Z29H,2024-03-20,2024-03-21,2024-04-29,2024-05-12,paid,generator,
CLM-VJ7KM77JJD,professional,MBR-DPYG8XMK2N,PRV-52P4GQD2DS,,,,2024-03-02,2024-03-06,paid,generator,
CLM-UNF88RX6E6,facility,MBR-SYWRT9N83F,PRV-HP4BWL7QC4,FAC-HG5AVAWJLS,2024-03-13,2024-03-15,2024-03-24,2024-04-04,paid,generator,
CLM-ZD76UT62X7,professional,MBR-26AVMXYZBB,PRV-52P4GQD2DS,,,,2024-05-28,2024-06-02,paid,generator,
CLM-WNA54LJMS4,professional,MBR-UTSSCND564,PRV-HC5CWNTSHD,,,,2024-06-15,2024-06-27,paid,generator,
CLM-792C8TSPYR,dme,MBR-4EXUHMWNNJ,PRV-KB3DDTGVSY,,,,2024-08-05,2024-08-10,paid,generator,
CLM-KW238KH4DX,ambulance,MBR-FV7G6UXLBA,PRV-AEV55VW98C,,,,2024-05-14,2024-05-23,paid,generator,
CLM-4V3PW7HR8U,ambulance,MBR-KXFLG7CTRT,PRV-LJD3M755ZS,,,,2024-04-13,2024-04-18,paid,generator,
CLM-USY6B43BVM,laboratory,MBR-DEXWGDJEY6,PRV-6LZYWNNT2J,,,,2024-09-09,2024-09-11,paid,generator,
CLM-EPDRVVTD7F,professional,MBR-JZTGZW6TE6,PRV-EWJD2QDPA6,,,,2024-05-12,2024-05-19,paid,generator,
CLM-FXC2BEFWT2,behavioral_health,MBR-LJX3UFVHQR,PRV-9HWCXGYGRP,,,,2024-02-05,2024-02-14,paid,generator,
CLM-M2DURYU6U9,professional,MBR-ZLNPJ2MYTP,PRV-DVP5UVKXMG,,,,2024-09-13,2024-09-21,paid,generator,
CLM-EX29FPH4BP,professional,MBR-GQPNSUNUD8,PRV-HC5CWNTSHD,,,,2024-05-09,2024-05-21,paid,generator,
CLM-ARZCPZ3HLH,laboratory,MBR-Y46Z4D77Y3,PRV-96KL4VD67A,,,,2024-08-29,2024-09-04,paid,generator,
CLM-9V2JTGR8EH,pharmacy,MBR-85TW3PXGVH,PRV-E2KQR2ZK3Q,,,,2024-09-06,2024-09-13,paid,generator,
CLM-B3WMWUUWQ5,ambulance,MBR-J39SZ2P3P6,PRV-KGZA99WKKT,,,,2024-03-19,2024-03-31,paid,generator,
CLM-G9TN5E2329,professional,MBR-Q56D234924,PRV-HC5CWNTSHD,,,,2024-04-17,2024-04-22,paid,generator,
CLM-TY8BZUZGRS,behavioral_health,MBR-8MK5KHJNCW,PRV-9HWCXGYGRP,,,,2024-04-18,2024-04-30,paid,generator,
CLM-4HV6JWXW4P,behavioral_health,MBR-S483KN937H,PRV-EGMCSQWZE2,,,,2024-03-21,2024-03-27,paid,generator,
CLM-VDSH2D8JRD,facility,MBR-85TW3PXGVH,PRV-GZWKQRABYX,FAC-HG5AVAWJLS,2024-06-22,2024-06-25,2024-07-28,2024-08-01,paid,generator,
CLM-JWRGCYCR3J,facility,MBR-23FN74V9L5,PRV-QJ8CAJLGGT,FAC-FZ5P22Z29H,2024-07-15,2024-07-16,2024-07-26,2024-07-28,paid,generator,
CLM-EL4DNDW3ZJ,professional,MBR-7FN4J7TSLE,PRV-52P4GQD2DS,,,,2024-03-12,2024-03-16,paid,generator,
CLM-DN4QMM24LM,pharmacy,MBR-KSC4HVJFFY,PRV-P8SZX5BYHL,,,,2024-04-06,2024-04-12,paid,generator,
CLM-M9ZVLPYX4L,pharmacy,MBR-VPC7RKBDT2,PRV-NNZAMXRZ52,,,,2024-02-15,2024-02-28,paid,generator,
CLM-58DVUVPQ8L,behavioral_health,MBR-DJLLB54X78,PRV-EGMCSQWZE2,,,,2024-04-02,2024-04-11,paid,generator,
CLM-AV9G48EQJ2,home_health,MBR-SYWRT9N83F,PRV-ZU6YL2HNHH,,,,2024-08-10,2024-08-13,paid,generator,
CLM-C2L9SS6AYA,home_health,MBR-23FN74V9L5,PRV-5AE63K9XH5,,,,2024-08-11,2024-08-19,paid,generator,
CLM-JJ26X7MUKV,behavioral_health,MBR-R5AEQFFAJ2,PRV-F63QP3FKES,,,,2024-05-27,2024-05-29,paid,generator,
CLM-FTJM2NRAY3,professional,MBR-QFQ7K875L3,PRV-DVP5UVKXMG,,,,2024-03-23,2024-04-04,paid,generator,
CLM-YKG8Y289KY,laboratory,MBR-ETZVH7W6AB,PRV-GG7BBL7G9L,,,,2024-02-08,2024-02-20,paid,generator,
CLM-2VJA7T2BEQ,home_health,MBR-S7Z8C8UNTB,PRV-GQ36BNJZ2W,,,,2024-06-04,2024-06-09,paid,generator,
CLM-CNM45D5JCL,ambulance,MBR-TJZA2TZN6S,PRV-AEV55VW98C,,,,2024-05-09,2024-05-10,paid,generator,
CLM-U784XMJY7E,professional,MBR-LUWMQY57KY,PRV-DVP5UVKXMG,,,,2024-04-30,2024-05-03,paid,generator,
CLM-UVJN6S3VZB,dme,MBR-VK3KCQ836K,PRV-FYQT8W8H8G,,,,2024-07-10,2024-07-17,paid,generator,
CLM-9KBW93NEUR,laboratory,MBR-6SBLF43NN5,PRV-GG7BBL7G9L,,,,2024-08-24,2024-08-31,paid,generator,
CLM-LQUNVVD7LU,ambulance,MBR-2NR27KXVV3,PRV-2RBJKMU8EL,,,,2024-08-15,2024-08-18,paid,generator,
CLM-K2SGND5J54,professional,MBR-KSC4HVJFFY,PRV-52P4GQD2DS,,,,2024-06-30,2024-07-02,paid,generator,
CLM-3HVJ5W6FTS,behavioral_health,MBR-LKW3FJD9YF,PRV-F63QP3FKES,,,,2024-04-02,2024-04-14,paid,generator,
CLM-B4A4CV64FD,facility,MBR-79KLVNZGFB,PRV-H9LG5VAJ3J,FAC-FZ5P22Z29H,2024-04-23,2024-04-25,2024-05-23,2024-06-01,paid,generator,
CLM-QKL5JGNBUP,professional,MBR-LYUPA4MC8N,PRV-CYX8UDJJ75,,,,2024-07-20,2024-07-27,paid,generator,
CLM-QMT38T32EK,home_health,MBR-59N7KMSMAY,PRV-ZU6YL2HNHH,,,,2024-07-27,2024-08-02,paid,generator,
CLM-HPDCZZN2MB,pharmacy,MBR-KQZHQZB89K,PRV-Z84M5CG5BX,,,,2024-02-20,2024-02-28,paid,generator,
CLM-VQCD3GD3C6,home_health,MBR-8QYV5748M9,PRV-5AE63K9XH5,,,,2024-03-15,2024-03-27,paid,generator,
CLM-FTARRWRAKD,facility,MBR-B8UH9BQB22,PRV-LEVZRZGE33,FAC-HG5AVAWJLS,2024-03-14,2024-03-18,2024-04-25,2024-05-04,paid,generator,
CLM-UL2VTMF2MU,home_health,MBR-JJNSJXSGYB,PRV-5AE63K9XH5,,,,2024-04-01,2024-04-12,paid,generator,
CLM-ZU7FNEYT5U,laboratory,MBR-KH7EQQUK24,PRV-GG7BBL7G9L,,,,2024-06-01,2024-06-11,paid,generator,
CLM-CN79E33379,professional,MBR-BL5PTDN9TA,PRV-DVP5UVKXMG,,,,2024-03-22,2024-04-02,paid,generator,
CLM-LJC27JK24N,professional,MBR-BJJYH8G9UH,PRV-52P4GQD2DS,,,,2024-09-13,2024-09-26,paid,generator,
CLM-YGN42UAWJY,home_health,MBR-4EXUHMWNNJ,PRV-5AE63K9XH5,,,,2024-05-12,2024-05-18,paid,generator,
CLM-T6L99X5AAK,behavioral_health,MBR-59N7KMSMAY,PRV-EGMCSQWZE2,,,,2024-03-20,2024-03-25,paid,generator,
CLM-R7TQDH43PQ,laboratory,MBR-YQDXZC2T45,PRV-GG7BBL7G9L,,,,2024-06-02,2024-06-12,paid,generator,
CLM-8DVTUSMUBA,dme,MBR-EFTCWLP65R,PRV-KB3DDTGVSY,,,,2024-07-27,2024-07-30,paid,generator,
CLM-S5CEUMRZ7R,pharmacy,MBR-4VB4MXWWPN,PRV-Z84M5CG5BX,,,,2024-04-10,2024-04-14,paid,generator,
CLM-8FRSVMFG55,behavioral_health,MBR-3ULHAGK6SG,PRV-EGMCSQWZE2,,,,2024-02-21,2024-02-25,paid,generator,
CLM-ECGCQEWLB6,laboratory,MBR-V9VF74MPX3,PRV-DLK2K6289C,,,,2024-08-21,2024-08-24,paid,generator,
CLM-SU84VVJD8V,home_health,MBR-Y4DRB8SKCE,PRV-5AE63K9XH5,,,,2024-09-13,2024-09-25,paid,generator,
CLM-H23VZ44VNP,facility,MBR-59N7KMSMAY,PRV-HP4BWL7QC4,FAC-FZ5P22Z29H,2024-07-30,2024-08-01,2024-09-10,2024-09-18,paid,generator,
CLM-MPBJMZLYLP,ambulance,MBR-LSWYAWLX8N,PRV-LJD3M755ZS,,,,2024-04-26,2024-04-28,paid,generator,
CLM-PXETSJ3EVJ,facility,MBR-KXFLG7CTRT,PRV-H9LG5VAJ3J,FAC-HG5AVAWJLS,2024-03-01,2024-03-05,2024-04-06,2024-04-09,paid,generator,
CLM-2ZSF4DZKW8,home_health,MBR-2NR27KXVV3,PRV-GQ36BNJZ2W,,,,2024-06-03,2024-06-10,paid,generator,
CLM-C6JR4TZF76,laboratory,MBR-7XEPY4R5EL,PRV-DLK2K6289C,,,,2024-09-02,2024-09-15,paid,generator,
CLM-2AZD4S6CSF,dme,MBR-KURT4X2XJU,PRV-KB3DDTGVSY,,,,2024-06-12,2024-06-21,paid,generator,
CLM-P7WNZ7TDYY,facility,MBR-3DKU3QY3W4,PRV-H9LG5VAJ3J,FAC-HG5AVAWJLS,2024-03-11,2024-03-14,2024-04-22,2024-05-05,paid,generator,
CLM-GLLVTP4H5Z,dme,MBR-EKUMPKKR4M,PRV-4TYA4STMB7,,,,2024-02-12,2024-02-22,paid,generator,
CLM-GSY9XLX6TX,professional,MBR-W33FF9PGW5,PRV-CYX8UDJJ75,,,,2024-08-19,2024-08-30,paid,generator,
CLM-23K969X8H7,professional,MBR-JZTGZW6TE6,PRV-EWJD2QDPA6,,,,2024-06-17,2024-06-20,paid,generator,
CLM-8HYZ6N8CYG,professional,MBR-ZQX5ZKU3UK,PRV-52P4GQD2DS,,,,2024-03-09,2024-03-10,paid,generator,
CLM-WMZAXV227F,professional,MBR-Y6AVHN8W6G,PRV-HC5CWNTSHD,,,,2024-05-23,2024-06-02,paid,generator,
CLM-LWD5RX5JZ9,home_health,MBR-4PAPY9GKRR,PRV-ZU6YL2HNHH,,,,2024-08-13,2024-08-18,paid,generator,
CLM-KCRP7BFE7T,behavioral_health,MBR-4MXTKGTLSY,PRV-F63QP3FKES,,,,2024-04-02,2024-04-04,paid,generator,
CLM-GDXCF3HLVF,home_health,MBR-UCEQYHF3V4,PRV-GQ36BNJZ2W,,,,2024-05-01,2024-05-09,paid,generator,
CLM-92AFB967EJ,laboratory,MBR-BL5PTDN9TA,PRV-96KL4VD67A,,,,2024-04-29,2024-05-06,paid,generator,
CLM-7ZHL3ZBY6P,professional,MBR-KXFLG7CTRT,PRV-CYX8UDJJ75,,,,2024-05-08,2024-05-11,paid,generator,
CLM-78DDD6MLZP,behavioral_health,MBR-ENQHWRE4EM,PRV-YHCS7YKNYQ,,,,2024-08-30,2024-09-02,paid,generator,
CLM-QVWR3WM9N8,behavioral_health,MBR-KH7EQQUK24,PRV-EGMCSQWZE2,,,,2024-07-19,2024-08-01,paid,generator,
CLM-EF8BXJAUSH,behavioral_health,MBR-U8Q725GQ72,PRV-YHCS7YKNYQ,,,,2024-03-05,2024-03-06,paid,generator,
CLM-LP5JLNBM26,professional,MBR-8QYV5748M9,PRV-52P4GQD2DS,,,,2024-03-30,2024-04-06,paid,generator,
CLM-C3RY24Q62W,pharmacy,MBR-9PQ5QXMXV9,PRV-F2HS2XPZAV,,,,2024-03-19,2024-03-29,paid,generator,
CLM-GJ382AG4RV,facility,MBR-4LB87BN7MV,PRV-H9LG5VAJ3J,FAC-FZ5P22Z29H,2024-05-19,2024-05-21,2024-07-02,2024-07-11,paid,generator,
CLM-9KDRPMWXBN,professional,MBR-UTSSCND564,PRV-CYX8UDJJ75,,,,2024-07-21,2024-07-24,paid,generator,
CLM-9KRJYBLP23,professional,MBR-EWCZ7ZJ4K2,PRV-52P4GQD2DS,,,,2024-07-22,2024-07-23,paid,generator,
CLM-54U3APSWPL,pharmacy,MBR-HX94GZSQRT,PRV-Z84M5CG5BX,,,,2024-06-20,2024-06-21,paid,generator,
CLM-GL76GFCVUA,ambulance,MBR-U8Q725GQ72,PRV-LJD3M755ZS,,,,2024-03-17,2024-03-22,paid,generator,
CLM-QJUPNKLNKV,home_health,MBR-ECH5HLTRCG,PRV-ZU6YL2HNHH,,,,2024-06-20,2024-06-25,paid,generator,
CLM-JAD46GHY6R,pharmacy,MBR-5C38HCEB3B,PRV-NNZAMXRZ52,,,,2024-04-08,2024-04-19,paid,generator,
CLM-UBKHZ5S2XE,laboratory,MBR-YYH7PZ5M5C,PRV-6LZYWNNT2J,,,,2024-02-19,2024-02-23,paid,generator,
CLM-K6MF3BJ7SD,behavioral_health,MBR-BDY6GKJ6LW,PRV-9HWCXGYGRP,,,,2024-08-21,2024-08-30,paid,generator,
CLM-MRNR7WKD9J,laboratory,MBR-KURT4X2XJU,PRV-96KL4VD67A,,,,2024-02-23,2024-03-02,paid,generator,
CLM-Z97MDVREQW,facility,MBR-Y46Z4D77Y3,PRV-LEVZRZGE33,FAC-FZ5P22Z29H,2024-06-29,2024-07-01,2024-08-10,2024-08-18,paid,generator,
CLM-VW5BMZDLP5,home_health,MBR-279EELY74M,PRV-GQ36BNJZ2W,,,,2024-06-19,2024-06-22,paid,generator,
CLM-LTL5JV3HF4,professional,MBR-S7Z8C8UNTB,PRV-EWJD2QDPA6,,,,2024-08-28,2024-09-06,paid,generator,
CLM-S9PUVN7WC8,professional,MBR-LJX3UFVHQR,PRV-HC5CWNTSHD,,,,2024-05-31,2024-06-03,paid,generator,
CLM-ZA6DJCA7VL,facility,MBR-4PAPY9GKRR,PRV-LEVZRZGE33,FAC-HG5AVAWJLS,2024-01-08,2024-01-11,2024-01-19,2024-01-28,paid,generator,
CLM-ZMMNGT3ENV,home_health,MBR-EKUMPKKR4M,PRV-5AE63K9XH5,,,,2024-06-27,2024-07-09,paid,generator,
CLM-6DYAN47UDR,professional,MBR-EWCZ7ZJ4K2,PRV-DVP5UVKXMG,,,,2024-05-12,2024-05-14,paid,generator,
CLM-KA3PRWSBX6,behavioral_health,MBR-9VKQVB9R83,PRV-YHCS7YKNYQ,,,,2024-09-15,2024-09-18,paid,generator,
CLM-QYX64E6Z9Q,professional,MBR-GQPNSUNUD8,PRV-CYX8UDJJ75,,,,2024-01-21,2024-01-29,paid,generator,
CLM-UR8ZZZDCMV,home_health,MBR-MPY7DCHPFS,PRV-ZU6YL2HNHH,,,,2024-07-19,2024-07-25,paid,generator,
CLM-85QVWZ6VCP,facility,MBR-LUWMQY57KY,PRV-QJ8CAJLGGT,FAC-HG5AVAWJLS,2024-07-29,2024-07-30,2024-08-08,2024-08-15,paid,generator,
CLM-AUSN8GTCWQ,home_health,MBR-JZTGZW6TE6,PRV-GQ36BNJZ2W,,,,2024-05-25,2024-05-30,paid,generator,
CLM-CAAQ6WR8VT,facility,MBR-3DKU3QY3W4,PRV-QJ8CAJLGGT,FAC-HG5AVAWJLS,2024-02-29,2024-03-04,2024-04-12,2024-04-15,paid,generator,
CLM-5RVCKNEJYC,behavioral_health,MBR-FZQYV4SKXX,PRV-YHCS7YKNYQ,,,,2024-04-13,2024-04-15,paid,generator,
CLM-JRZ595A5PZ,behavioral_health,MBR-23FN74V9L5,PRV-9HWCXGYGRP,,,,2024-03-11,2024-03-21,paid,generator,
CLM-TF8AUKB4MS,professional,MBR-UCEQYHF3V4,PRV-CYX8UDJJ75,,,,2024-05-10,2024-05-17,paid,generator,
CLM-W35TVM3XM8,professional,MBR-Y4DRB8SKCE,PRV-CYX8UDJJ75,,,,2024-07-08,2024-07-16,paid,generator,
CLM-2S2DEW6J45,professional,MBR-Y4DRB8SKCE,PRV-52P4GQD2DS,,,,2024-06-26,2024-07-04,paid,generator,
CLM-GWGNEWDTVD,behavioral_health,MBR-DJLLB54X78,PRV-EGMCSQWZE2,,,,2024-01-06,2024-01-16,paid,generator,
CLM-FP3UUD7N6P,ambulance,MBR-U8Q725GQ72,PRV-LJD3M755ZS,,,,2024-03-11,2024-03-19,paid,generator,
CLM-468A4WHXNM,ambulance,MBR-B9S4DFFU5V,PRV-AEV55VW98C,,,,2024-07-03,2024-07-07,paid,generator,
CLM-M98E6J8YLT,behavioral_health,MBR-JXM5V2U2EH,PRV-F63QP3FKES,,,,2024-08-30,2024-09-11,paid,generator,
CLM-X8KJHTPQ26,facility,MBR-9VKQVB9R83,PRV-GZWKQRABYX,FAC-FZ5P22Z29H,2024-06-18,2024-06-19,2024-07-13,2024-07-19,paid,generator,
CLM-MTAN6S88X2,professional,MBR-NHZFV5F7YB,PRV-HC5CWNTSHD,,,,2024-04-13,2024-04-15,paid,generator,
CLM-B74JAPL6PA,professional,MBR-EWCZ7ZJ4K2,PRV-DVP5UVKXMG,,,,2024-08-25,2024-09-05,paid,generator,
CLM-9R5GSSRPTD,behavioral_health,MBR-DJLLB54X78,PRV-EGMCSQWZE2,,,,2024-08-23,2024-09-05,paid,generator,
CLM-TSX6FXW76H,dme,MBR-6R667HJXAJ,PRV-LVGM3QWE3V,,,,2024-08-21,2024-08-29,paid,generator,
CLM-RG3VDTZ3KY,pharmacy,MBR-LKW3FJD9YF,PRV-Z84M5CG5BX,,,,2024-08-13,2024-08-16,paid,generator,
CLM-5KS87HB6EC,home_health,MBR-8QYV5748M9,PRV-ZU6YL2HNHH,,,,2024-03-29,2024-04-05,paid,generator,
CLM-JKDY5X268N,facility,MBR-7XEPY4R5EL,PRV-HP4BWL7QC4,FAC-HG5AVAWJLS,2024-05-13,2024-05-17,2024-06-14,2024-06-25,paid,generator,
CLM-Y9HWKHUPTH,behavioral_health,MBR-V2LNSJANZJ,PRV-9HWCXGYGRP,,,,2024-03-02,2024-03-07,paid,generator,
CLM-YHG7PAXPPP,ambulance,MBR-Y6AVHN8W6G,PRV-LJD3M755ZS,,,,2024-07-11,2024-07-21,paid,generator,
CLM-DQUMX59JGC,laboratory,MBR-DPYG8XMK2N,PRV-96KL4VD67A,,,,2024-04-08,2024-04-12,paid,generator,
CLM-VYJL98JP3X,home_health,MBR-4KTNS62BW2,PRV-5AE63K9XH5,,,,2024-09-05,2024-09-11,paid,generator,
CLM-VWMHBP53LR,facility,MBR-ZLNPJ2MYTP,PRV-QJ8CAJLGGT,FAC-FZ5P22Z29H,2024-05-11,2024-05-15,2024-06-03,2024-06-12,paid,generator,
CLM-SFHTZPRYY2,home_health,MBR-9NLNH78NEA,PRV-ZU6YL2HNHH,,,,2024-03-25,2024-03-26,paid,generator,
CLM-K5WTUMCBME,behavioral_health,MBR-GQPNSUNUD8,PRV-9HWCXGYGRP,,,,2024-07-20,2024-07-29,paid,generator,
CLM-WV27LMXH28,ambulance,MBR-BZNAEFCCUH,PRV-2RBJKMU8EL,,,,2024-08-02,2024-08-06,paid,generator,
CLM-DAY58GHDYG,home_health,MBR-YQDXZC2T45,PRV-ZU6YL2HNHH,,,,2024-08-23,2024-09-03,paid,generator,
CLM-UZ8SH4C7M8,dme,MBR-4EXUHMWNNJ,PRV-4TYA4STMB7,,,,2024-07-25,2024-08-06,paid,generator,
CLM-ZSVM39SBJW,professional,MBR-VPC7RKBDT2,PRV-CYX8UDJJ75,,,,2024-05-06,2024-05-18,paid,generator,
CLM-U24REWALSZ,behavioral_health,MBR-YTRN8M4CTJ,PRV-F63QP3FKES,,,,2024-05-18,2024-05-30,paid,generator,
CLM-UM58GXEMXV,dme,MBR-6R667HJXAJ,PRV-KB3DDTGVSY,,,,2024-05-27,2024-06-02,paid,generator,
CLM-GJMMKNWAEV,facility,MBR-SYWRT9N83F,PRV-HP4BWL7QC4,FAC-HG5AVAWJLS,2024-03-30,2024-04-03,2024-05-10,2024-05-16,paid,generator,
CLM-6AUZL7Z7TQ,home_health,MBR-3DKU3QY3W4,PRV-ZU6YL2HNHH,,,,2024-02-24,2024-03-04,paid,generator,
CLM-UKBA9BWKK7,professional,MBR-V2LNSJANZJ,PRV-HC5CWNTSHD,,,,2024-04-19,2024-04-22,paid,generator,
CLM-SHBLKLYLP3,facility,MBR-Q9XVDUN4EG,PRV-GZWKQRABYX,FAC-FZ5P22Z29H,2024-05-07,2024-05-08,2024-06-19,2024-06-27,paid,generator,
CLM-UPA8BDW5WY,professional,MBR-LJX3UFVHQR,PRV-52P4GQD2DS,,,,2024-05-11,2024-05-23,paid,generator,
CLM-6YQXBY7PLJ,home_health,MBR-4LB87BN7MV,PRV-5AE63K9XH5,,,,2024-04-20,2024-05-01,paid,generator,
CLM-4NDDNU7YXK,professional,MBR-6R667HJXAJ,PRV-DVP5UVKXMG,,,,2024-06-30,2024-07-03,paid,generator,
CLM-WSJRXRD6VN,behavioral_health,MBR-P78M8HDWEL,PRV-9HWCXGYGRP,,,,2024-05-21,2024-05-23,paid,generator,
CLM-9NML8G64JJ,behavioral_health,MBR-4LB87BN7MV,PRV-F63QP3FKES,,,,2024-09-03,2024-09-06,paid,generator,
CLM-WFCJ947LNB,behavioral_health,MBR-PETFJK9QT7,PRV-9HWCXGYGRP,,,,2024-03-12,2024-03-25,paid,generator,
CLM-NG5HDAB2ZA,professional,MBR-KXFLG7CTRT,PRV-EWJD2QDPA6,,,,2024-06-16,2024-06-25,paid,generator,
CLM-7YF9N5BF99,professional,MBR-Q9XVDUN4EG,PRV-EWJD2QDPA6,,,,2024-03-13,2024-03-25,paid,generator,
CLM-XKK26NK458,pharmacy,MBR-VPC7RKBDT2,PRV-F2HS2XPZAV,,,,2024-07-22,2024-07-28,paid,generator,
CLM-2CZ6WGMP8J,dme,MBR-B9S4DFFU5V,PRV-KB3DDTGVSY,,,,2024-09-19,2024-10-01,paid,generator,
CLM-ZMBPXQZMWF,behavioral_health,MBR-5C38HCEB3B,PRV-EGMCSQWZE2,,,,2024-01-25,2024-01-26,paid,generator,
CLM-83P2Z6BZ38,dme,MBR-W33FF9PGW5,PRV-LVGM3QWE3V,,,,2024-05-18,2024-05-25,paid,generator,
CLM-QUN6QTLQWC,dme,MBR-QBR4HDNJC7,PRV-KB3DDTGVSY,,,,2024-09-10,2024-09-18,paid,generator,
CLM-A7PLEKJ8CL,pharmacy,MBR-E5G8EVQHMP,PRV-F2HS2XPZAV,,,,2024-09-15,2024-09-27,paid,generator,
CLM-6V9Z5FVN5G,professional,MBR-S7Z8C8UNTB,PRV-HC5CWNTSHD,,,,2024-03-07,2024-03-08,paid,generator,
CLM-XBSKT3ZYNJ,behavioral_health,MBR-BDY6GKJ6LW,PRV-F63QP3FKES,,,,2024-06-15,2024-06-16,paid,generator,
CLM-KCUYHAQDJW,professional,MBR-4MXTKGTLSY,PRV-EWJD2QDPA6,,,,2024-07-17,2024-07-18,paid,generator,
CLM-UL8R7H3P7Y,professional,MBR-QN2SK6VX4D,PRV-52P4GQD2DS,,,,2024-06-06,2024-06-18,paid,generator,
CLM-GG9VQRCXX7,home_health,MBR-59N7KMSMAY,PRV-GQ36BNJZ2W,,,,2024-03-07,2024-03-20,paid,generator,
CLM-W85KQBHK8W,behavioral_health,MBR-FVQXNKE82Q,PRV-9HWCXGYGRP,,,,2024-04-14,2024-04-16,paid,generator,
CLM-CH8EAH5VX7,behavioral_health,MBR-NDAL8TYHG6,PRV-F63QP3FKES,,,,2024-08-14,2024-08-16,paid,generator,
CLM-AEY8TMFV5N,dme,MBR-9NLNH78NEA,PRV-FYQT8W8H8G,,,,2024-06-16,2024-06-28,paid,generator,
CLM-PAUQCZ84KS,pharmacy,MBR-B9S4DFFU5V,PRV-NNZAMXRZ52,,,,2024-07-31,2024-08-06,paid,generator,
CLM-7WD9D6TVYZ,laboratory,MBR-LUWMQY57KY,PRV-GG7BBL7G9L,,,,2024-04-26,2024-05-03,paid,generator,
CLM-JE6KP93DJE,pharmacy,MBR-QBR4HDNJC7,PRV-NNZAMXRZ52,,,,2024-03-16,2024-03-26,paid,generator,
CLM-8D3XEZANWZ,behavioral_health,MBR-FVQXNKE82Q,PRV-9HWCXGYGRP,,,,2024-04-27,2024-05-09,paid,generator,
CLM-DLQMF8P7E9,professional,MBR-DPYG8XMK2N,PRV-EWJD2QDPA6,,,,2024-03-30,2024-04-11,paid,generator,
CLM-52V8MUAJD2,behavioral_health,MBR-NHZFV5F7YB,PRV-9HWCXGYGRP,,,,2024-03-10,2024-03-20,paid,generator,
CLM-9E5FLZ485C,behavioral_health,MBR-FV7G6UXLBA,PRV-F63QP3FKES,,,,2024-07-17,2024-07-24,paid,generator,
CLM-PMHR3TDAWJ,professional,MBR-6KDHMRRDDG,PRV-CYX8UDJJ75,,,,2024-01-31,2024-02-07,paid,generator,
CLM-M6WBTSH3YB,behavioral_health,MBR-KSC4HVJFFY,PRV-YHCS7YKNYQ,,,,2024-05-17,2024-05-19,paid,generator,
CLM-FQTD4DWNYY,ambulance,MBR-P78M8HDWEL,PRV-AEV55VW98C,,,,2024-05-06,2024-05-15,paid,generator,
CLM-EHVQMWFU45,facility,MBR-SYWRT9N83F,PRV-H9LG5VAJ3J,FAC-FZ5P22Z29H,2024-03-23,2024-03-26,2024-04-22,2024-04-29,paid,generator,
CLM-39F639JS58,home_health,MBR-B9S4DFFU5V,PRV-R6UGAZC4XJ,,,,2024-04-04,2024-04-10,paid,generator,
CLM-G2TJTLKXPT,professional,MBR-TJZA2TZN6S,PRV-EWJD2QDPA6,,,,2024-06-14,2024-06-25,paid,generator,
CLM-Z89YWA8F42,professional,MBR-EFTCWLP65R,PRV-DVP5UVKXMG,,,,2024-02-20,2024-02-27,paid,generator,
CLM-XYK4ALBCUB,professional,MBR-PETFJK9QT7,PRV-52P4GQD2DS,,,,2024-04-05,2024-04-13,paid,generator,
CLM-FYNFUD5KSW,professional,MBR-5C38HCEB3B,PRV-EWJD2QDPA6,,,,2024-09-17,2024-09-27,paid,generator,
CLM-KDAX8N399B,professional,MBR-DEXWGDJEY6,PRV-HC5CWNTSHD,,,,2024-08-05,2024-08-13,paid,generator,
CLM-ZRSRTU7NFX,ambulance,MBR-BL5PTDN9TA,PRV-LJD3M755ZS,,,,2024-03-06,2024-03-19,paid,generator,
CLM-7FARGK6PQT,home_health,MBR-XPGBTT2ECZ,PRV-5AE63K9XH5,,,,2024-01-19,2024-01-31,paid,generator,
CLM-6SUYCMA5W8,professional,MBR-TJZA2TZN6S,PRV-CYX8UDJJ75,,,,2024-01-19,2024-01-20,paid,generator,
CLM-V63MXT8DFR,home_health,MBR-279EELY74M,PRV-GQ36BNJZ2W,,,,2024-03-19,2024-03-25,paid,generator,
CLM-B8XKRFTYH7,dme,MBR-LSWYAWLX8N,PRV-LVGM3QWE3V,,,,2024-07-22,2024-07-25,paid,generator,
CLM-8LXUH6ZLHQ,dme,MBR-UC38TQGQU2,PRV-LVGM3QWE3V,,,,2024-02-06,2024-02-13,paid,generator,
CLM-X77JG7AYUL,facility,MBR-ENQHWRE4EM,PRV-GZWKQRABYX,FAC-FZ5P22Z29H,2024-03-11,2024-03-13,2024-03-27,2024-04-06,paid,generator,
CLM-CCJ8J7AQBS,professional,MBR-LKW3FJD9YF,PRV-EWJD2QDPA6,,,,2024-07-19,2024-07-27,paid,generator,
CLM-H5R38RLGMY,professional,MBR-UQYW382EA8,PRV-DVP5UVKXMG,,,,2024-09-21,2024-09-24,paid,generator,
CLM-MA66KRUYJG,professional,MBR-LUWMQY57KY,PRV-EWJD2QDPA6,,,,2024-05-19,2024-06-01,paid,generator,
CLM-83DQKPTBTR,professional,MBR-LUWMQY57KY,PRV-CYX8UDJJ75,,,,2024-01-20,2024-01-21,paid,generator,
CLM-CFTGJ8PMCX,home_health,MBR-FVQXNKE82Q,PRV-GQ36BNJZ2W,,,,2024-05-29,2024-06-07,paid,generator,
CLM-CK7A663S7R,professional,MBR-Q9XVDUN4EG,PRV-52P4GQD2DS,,,,2024-07-31,2024-08-13,paid,generator,
CLM-38EW9RN5QS,professional,MBR-VK3KCQ836K,PRV-52P4GQD2DS,,,,2024-08-13,2024-08-16,paid,generator,
CLM-6MV4S6QK7Z,pharmacy,MBR-S483KN937H,PRV-P8SZX5BYHL,,,,2024-05-20,2024-05-27,paid,generator,
CLM-N2VK9EM8AY,home_health,MBR-YTRN8M4CTJ,PRV-GQ36BNJZ2W,,,,2024-02-17,2024-02-26,paid,generator,
CLM-7M5DMKQZHW,facility,MBR-B8UH9BQB22,PRV-H9LG5VAJ3J,FAC-FZ5P22Z29H,2024-02-08,2024-02-11,2024-02-13,2024-02-26,paid,generator,
CLM-U5GJRCHPC2,home_health,MBR-JZTGZW6TE6,PRV-GQ36BNJZ2W,,,,2024-07-19,2024-07-28,paid,generator,
CLM-7HGAH6HKVN,professional,MBR-SMLQ7MHU28,PRV-HC5CWNTSHD,,,,2024-04-30,2024-05-13,paid,generator,
CLM-NLA6MC6UVK,home_health,MBR-LJX3UFVHQR,PRV-R6UGAZC4XJ,,,,2024-07-02,2024-07-15,paid,generator,
CLM-KKQ7LMKNFP,ambulance,MBR-23FN74V9L5,PRV-AEV55VW98C,,,,2024-08-08,2024-08-13,paid,generator,
CLM-8LMZ8W7EJG,home_health,MBR-V2LNSJANZJ,PRV-R6UGAZC4XJ,,,,2024-07-22,2024-07-27,paid,generator,
CLM-6DL7SYZBV6,dme,MBR-7FN4J7TSLE,PRV-FYQT8W8H8G,,,,2024-08-16,2024-08-24,paid,generator,
CLM-ABMQ3CCBDG,professional,MBR-69CJDM2UQG,PRV-52P4GQD2DS,,,,2024-04-12,2024-04-13,paid,generator,
CLM-2JM2H2UXF8,professional,MBR-V9VF74MPX3,PRV-CYX8UDJJ75,,,,2024-06-14,2024-06-19,paid,generator,
CLM-MDNR7RUNUB,home_health,MBR-59N7KMSMAY,PRV-5AE63K9XH5,,,,2024-08-23,2024-09-04,paid,generator,
CLM-7AN78ATKDD,behavioral_health,MBR-3DKU3QY3W4,PRV-F63QP3FKES,,,,2024-09-11,2024-09-14,paid,generator,
CLM-XNDCQG5E3Q,professional,MBR-XVAD9JHUZ8,PRV-CYX8UDJJ75,,,,2024-04-04,2024-04-15,paid,generator,
CLM-GEE9SGUS59,dme,MBR-FYPQ73DHJX,PRV-LVGM3QWE3V,,,,2024-07-03,2024-07-04,paid,generator,
CLM-9785GE38G8,behavioral_health,MBR-Y46Z4D77Y3,PRV-F63QP3FKES,,,,2024-02-08,2024-02-16,paid,generator,
CLM-B7CF9WTWQT,home_health,MBR-P42BUQXM3S,PRV-GQ36BNJZ2W,,,,2024-08-09,2024-08-10,paid,generator,
CLM-G99TH96WDV,behavioral_health,MBR-UC38TQGQU2,PRV-9HWCXGYGRP,,,,2024-07-17,2024-07-28,paid,generator,
CLM-PF49M22385,home_health,MBR-EFTCWLP65R,PRV-ZU6YL2HNHH,,,,2024-04-23,2024-04-24,paid,generator,
CLM-D7AJ3ZMUSQ,home_health,MBR-V2LNSJANZJ,PRV-5AE63K9XH5,,,,2024-04-10,2024-04-17,paid,generator,
CLM-88F8W2JGPA,professional,MBR-5C38HCEB3B,PRV-52P4GQD2DS,,,,2024-04-24,2024-04-27,paid,generator,
CLM-CURV3M3MQR,pharmacy,MBR-QBR4HDNJC7,PRV-NNZAMXRZ52,,,,2024-08-02,2024-08-05,paid,generator,
CLM-FDXA488EP3,home_health,MBR-BJJYH8G9UH,PRV-ZU6YL2HNHH,,,,2024-03-25,2024-04-05,paid,generator,
CLM-QQJTERMGZY,laboratory,MBR-MPY7DCHPFS,PRV-96KL4VD67A,,,,2024-06-15,2024-06-17,paid,generator,
CLM-FU5QLG3C56,home_health,MBR-S483KN937H,PRV-5AE63K9XH5,,,,2024-06-05,2024-06-12,paid,generator,
CLM-D2M4BX66XX,home_health,MBR-KURT4X2XJU,PRV-5AE63K9XH5,,,,2024-07-01,2024-07-14,paid,generator,
CLM-QRX3NEP6XK,facility,MBR-4PAPY9GKRR,PRV-HP4BWL7QC4,FAC-HG5AVAWJLS,2024-07-18,2024-07-20,2024-08-11,2024-08-13,paid,generator,
CLM-KHEF7LTBAP,professional,MBR-R5AEQFFAJ2,PRV-EWJD2QDPA6,,,,2024-07-15,2024-07-16,paid,generator,
CLM-D89T8CTU3N,ambulance,MBR-3ULHAGK6SG,PRV-2RBJKMU8EL,,,,2024-08-13,2024-08-20,paid,generator,
CLM-BRV2EC5N5F,home_health,MBR-PETFJK9QT7,PRV-ZU6YL2HNHH,,,,2024-06-30,2024-07-10,paid,generator,
CLM-C662F5DX7K,professional,MBR-DPYG8XMK2N,PRV-HC5CWNTSHD,,,,2024-07-29,2024-08-07,paid,generator,
CLM-E5QYVC8QS4,home_health,MBR-3DKU3QY3W4,PRV-R6UGAZC4XJ,,,,2024-06-02,2024-06-06,paid,generator,
CLM-ZUSC7CQ8S2,laboratory,MBR-S483KN937H,PRV-DLK2K6289C,,,,2024-08-05,2024-08-15,paid,generator,
CLM-VBW3R64SCT,ambulance,MBR-LKW3FJD9YF,PRV-LJD3M755ZS,,,,2024-02-22,2024-02-24,paid,generator,
CLM-LWRFP2CLQ4,professional,MBR-4LB87BN7MV,PRV-EWJD2QDPA6,,,,2024-09-07,2024-09-17,paid,generator,
CLM-AJLJ65W3HS,ambulance,MBR-LKW3FJD9YF,PRV-LJD3M755ZS,,,,2024-04-30,2024-05-09,paid,generator,
CLM-CNPXPZENL9,home_health,MBR-PETFJK9QT7,PRV-R6UGAZC4XJ,,,,2024-04-26,2024-04-29,paid,generator,
CLM-49T2Y4F9J8,home_health,MBR-6R667HJXAJ,PRV-R6UGAZC4XJ,,,,2024-05-12,2024-05-14,paid,generator,
CLM-BGXV5USGLK,behavioral_health,MBR-4EXUHMWNNJ,PRV-9HWCXGYGRP,,,,2024-06-13,2024-06-23,paid,generator,
CLM-6LPYCTY4Q4,professional,MBR-FV7G6UXLBA,PRV-CYX8UDJJ75,,,,2024-01-29,2024-01-31,paid,generator,
CLM-MTKBV4GAKH,dme,MBR-69CJDM2UQG,PRV-FYQT8W8H8G,,,,2024-05-09,2024-05-12,paid,generator,
CLM-B9YHDAG6HD,pharmacy,MBR-7XEPY4R5EL,PRV-E2KQR2ZK3Q,,,,2024-07-04,2024-07-11,paid,generator,
CLM-TC5YHHLK6Q,home_health,MBR-63JAR5TFRQ,PRV-5AE63K9XH5,,,,2024-08-05,2024-08-18,paid,generator,
CLM-CL7BGNBJK9,behavioral_health,MBR-EFTCWLP65R,PRV-9HWCXGYGRP,,,,2024-04-29,2024-05-06,paid,generator,
CLM-JPKNMLTWMX,behavioral_health,MBR-LUWMQY57KY,PRV-F63QP3FKES,,,,2024-07-12,2024-07-23,paid,generator,
CLM-PNJ9CKPSUY,ambulance,MBR-PSVVP9RXXN,PRV-2RBJKMU8EL,,,,2024-04-02,2024-04-05,paid,generator,
CLM-Q9WMGQKZ59,professional,MBR-BUL4LEDKWE,PRV-DVP5UVKXMG,,,,2024-07-18,2024-07-27,paid,generator,
CLM-RX79EYCDDL,professional,MBR-FZQYV4SKXX,PRV-DVP5UVKXMG,,,,2024-02-22,2024-02-28,paid,generator,
CLM-G3762DK3CZ,home_health,MBR-FV7G6UXLBA,PRV-GQ36BNJZ2W,,,,2024-02-16,2024-02-25,paid,generator,
CLM-W4T7DR9MAH,professional,MBR-Q56D234924,PRV-HC5CWNTSHD,,,,2024-08-13,2024-08-14,paid,generator,
CLM-333A8CGAWU,facility,MBR-BL5PTDN9TA,PRV-LEVZRZGE33,FAC-FZ5P22Z29H,2024-04-13,2024-04-17,2024-05-14,2024-05-15,paid,generator,
CLM-PVY4AHLXUU,dme,MBR-EL4SD7SMBU,PRV-LVGM3QWE3V,,,,2024-01-23,2024-02-01,paid,generator,
CLM-PAM8L2PCST,behavioral_health,MBR-EKUMPKKR4M,PRV-EGMCSQWZE2,,,,2024-05-16,2024-05-23,paid,generator,
CLM-8PCTUAQABY,laboratory,MBR-Q9XVDUN4EG,PRV-TTYMZNZQCD,,,,2024-07-13,2024-07-18,paid,generator,
CLM-6HWUFSVMEJ,professional,MBR-H5PBWV7T3H,PRV-HC5CWNTSHD,,,,2024-02-09,2024-02-15,paid,generator,
CLM-7QJN9KDD35,ambulance,MBR-85TW3PXGVH,PRV-KGZA99WKKT,,,,2024-02-13,2024-02-26,paid,generator,
CLM-B5TLU3XV8T,behavioral_health,MBR-KH7EQQUK24,PRV-YHCS7YKNYQ,,,,2024-05-02,2024-05-11,paid,generator,
CLM-V8MMB6PQXJ,professional,MBR-S483KN937H,PRV-EWJD2QDPA6,,,,2024-03-06,2024-03-10,paid,generator,
CLM-377ZKYSJXR,professional,MBR-Q9XVDUN4EG,PRV-HC5CWNTSHD,,,,2024-05-29,2024-06-03,paid,generator,
CLM-AENU5VF2G3,professional,MBR-SMLQ7MHU28,PRV-EWJD2QDPA6,,,,2024-02-14,2024-02-27,paid,generator,
CLM-T8UV2HRJH9,facility,MBR-ENQHWRE4EM,PRV-GZWKQRABYX,FAC-HG5AVAWJLS,2024-05-23,2024-05-26,2024-06-17,2024-06-19,paid,generator,
CLM-RADEBLX659,laboratory,MBR-Y6AVHN8W6G,PRV-96KL4VD67A,,,,2024-01-23,2024-01-24,paid,generator,
CLM-ZW5J8QQLJQ,behavioral_health,MBR-XPGBTT2ECZ,PRV-EGMCSQWZE2,,,,2024-03-29,2024-03-31,paid,generator,
CLM-3TVVWHNCST,professional,MBR-H5PBWV7T3H,PRV-HC5CWNTSHD,,,,2024-02-09,2024-02-13,paid,generator,
CLM-D8JQBYWQLZ,home_health,MBR-4VB4MXWWPN,PRV-5AE63K9XH5,,,,2024-01-24,2024-02-03,paid,generator,
CLM-BTTWPGWVXH,facility,MBR-P42BUQXM3S,PRV-LEVZRZGE33,FAC-FZ5P22Z29H,2024-05-19,2024-05-22,2024-06-23,2024-06-29,paid,generator,
CLM-YGSZKXFRY3,behavioral_health,MBR-QN2SK6VX4D,PRV-9HWCXGYGRP,,,,2024-09-16,2024-09-19,paid,generator,
CLM-2T7DVKSBSB,professional,MBR-6KDHMRRDDG,PRV-EWJD2QDPA6,,,,2024-03-27,2024-04-07,paid,generator,
CLM-38FYQ7BJ3B,ambulance,MBR-LUWMQY57KY,PRV-2RBJKMU8EL,,,,2024-07-06,2024-07-07,paid,generator,
CLM-JMW7RPWCKX,pharmacy,MBR-KXFLG7CTRT,PRV-NNZAMXRZ52,,,,2024-02-14,2024-02-22,paid,generator,
CLM-CJPRFTTYPQ,dme,MBR-KSC4HVJFFY,PRV-KB3DDTGVSY,,,,2024-08-15,2024-08-24,paid,generator,
CLM-DFEWSXSW4F,pharmacy,MBR-TEMED367ZE,PRV-F2HS2XPZAV,,,,2024-06-26,2024-07-02,paid,generator,
CLM-6VQ73VGE6M,professional,MBR-B8UH9BQB22,PRV-52P4GQD2DS,,,,2024-03-13,2024-03-22,paid,generator,
CLM-XX6C4BCMJP,behavioral_health,MBR-B9S4DFFU5V,PRV-9HWCXGYGRP,,,,2024-07-26,2024-08-08,paid,generator,
CLM-C458KXWPTN,facility,MBR-4EXUHMWNNJ,PRV-H9LG5VAJ3J,FAC-FZ5P22Z29H,2024-07-12,2024-07-13,2024-08-10,2024-08-17,paid,generator,
CLM-KKH87W6PS9,ambulance,MBR-L3J58QSDDG,PRV-2RBJKMU8EL,,,,2024-06-05,2024-06-14,paid,generator,
CLM-3WZJKLLDNV,dme,MBR-P42BUQXM3S,PRV-FYQT8W8H8G,,,,2024-03-28,2024-04-06,paid,generator,
CLM-X6WYW5KN8U,behavioral_health,MBR-DEXWGDJEY6,PRV-9HWCXGYGRP,,,,2024-03-28,2024-04-01,paid,generator,
CLM-MSX6DJ67V8,home_health,MBR-LSWYAWLX8N,PRV-R6UGAZC4XJ,,,,2024-07-11,2024-07-13,paid,generator,
CLM-3ZLPSHFA4J,behavioral_health,MBR-69CJDM2UQG,PRV-9HWCXGYGRP,,,,2024-02-04,2024-02-08,paid,generator,
CLM-HLM93BKE3P,pharmacy,MBR-XPGBTT2ECZ,PRV-E2KQR2ZK3Q,,,,2024-06-23,2024-06-26,paid,generator,
CLM-4ETZPBM6SZ,professional,MBR-3ULHAGK6SG,PRV-52P4GQD2DS,,,,2024-07-25,2024-08-01,paid,generator,
CLM-Z4BK8WAL7R,professional,MBR-3DKU3QY3W4,PRV-EWJD2QDPA6,,,,2024-09-07,2024-09-13,paid,generator,
CLM-H62KBXQ2KV,facility,MBR-HGL5QVCM22,PRV-HP4BWL7QC4,FAC-HG5AVAWJLS,2024-03-01,2024-03-05,2024-03-22,2024-03-26,paid,generator,
CLM-4YRZ8FTSDN,dme,MBR-FVQXNKE82Q,PRV-FYQT8W8H8G,,,,2024-09-02,2024-09-08,paid,generator,
CLM-DT7KB2FZKS,professional,MBR-ETZVH7W6AB,PRV-EWJD2QDPA6,,,,2024-08-29,2024-09-05,paid,generator,
CLM-CDJ65UGGEP,behavioral_health,MBR-B9S4DFFU5V,PRV-9HWCXGYGRP,,,,2024-05-19,2024-05-25,paid,generator,
CLM-S2UTGXD6LR,dme,MBR-JJNSJXSGYB,PRV-4TYA4STMB7,,,,2024-06-22,2024-06-25,paid,generator,
CLM-PXLAU3HRHF,pharmacy,MBR-BJJYH8G9UH,PRV-NNZAMXRZ52,,,,2024-02-23,2024-03-02,paid,generator,
CLM-J73F9VC23Y,home_health,MBR-6KDHMRRDDG,PRV-GQ36BNJZ2W,,,,2024-09-03,2024-09-07,paid,generator,
CLM-3JYN6VN4K8,professional,MBR-BZNAEFCCUH,PRV-DVP5UVKXMG,,,,2024-08-21,2024-08-27,paid,generator,
CLM-HJ7JE6PE9J,dme,MBR-4LB87BN7MV,PRV-KB3DDTGVSY,,,,2024-07-29,2024-08-07,paid,generator,
CLM-M7C6XM5GY9,home_health,MBR-FZQYV4SKXX,PRV-5AE63K9XH5,,,,2024-09-10,2024-09-15,paid,generator,
CLM-UD965E8LMG,home_health,MBR-EL4SD7SMBU,PRV-ZU6YL2HNHH,,,,2024-05-25,2024-06-02,paid,generator,
CLM-K2KLDE75AF,home_health,MBR-3ULHAGK6SG,PRV-ZU6YL2HNHH,,,,2024-08-26,2024-09-03,paid,generator,
CLM-B3SQYLL2ZE,behavioral_health,MBR-PSVVP9RXXN,PRV-F63QP3FKES,,,,2024-05-02,2024-05-06,paid,generator,
CLM-TCG3KSPXER,professional,MBR-6R667HJXAJ,PRV-HC5CWNTSHD,,,,2024-08-19,2024-08-21,paid,generator,
CLM-F4DTV8AK7K,laboratory,MBR-J39SZ2P3P6,PRV-DLK2K6289C,,,,2024-05-19,2024-05-25,paid,generator,
CLM-GDQQ63N5TD,facility,MBR-XVAD9JHUZ8,PRV-HP4BWL7QC4,FAC-FZ5P22Z29H,2024-06-25,2024-06-26,2024-06-26,2024-06-30,paid,generator,
CLM-83MS5DNQTW,laboratory,MBR-XVAD9JHUZ8,PRV-TTYMZNZQCD,,,,2024-06-02,2024-06-14,paid,generator,
CLM-6UK8H6HDCU,facility,MBR-BZNAEFCCUH,PRV-QJ8CAJLGGT,FAC-HG5AVAWJLS,2024-03-23,2024-03-27,2024-04-12,2024-04-18,paid,generator,
CLM-MR8RKHDPW2,pharmacy,MBR-YYH7PZ5M5C,PRV-E2KQR2ZK3Q,,,,2024-04-28,2024-05-01,paid,generator,
CLM-TUCE2GJJX5,professional,MBR-AEENY3383J,PRV-DVP5UVKXMG,,,,2024-06-16,2024-06-23,paid,generator,
CLM-8ZVTLMTK2G,behavioral_health,MBR-ZQX5ZKU3UK,PRV-9HWCXGYGRP,,,,2024-08-06,2024-08-19,paid,generator,
CLM-Y2LHWQVCP9,home_health,MBR-LUWMQY57KY,PRV-ZU6YL2HNHH,,,,2024-07-02,2024-07-10,paid,generator,
CLM-VLQSZP8PUB,pharmacy,MBR-JJNSJXSGYB,PRV-NNZAMXRZ52,,,,2024-08-05,2024-08-12,paid,generator,
CLM-5CM6NNNBXK,professional,MBR-4LB87BN7MV,PRV-HC5CWNTSHD,,,,2024-07-09,2024-07-14,paid,generator,
CLM-7P566YHF2Z,home_health,MBR-XMN8XNZMG2,PRV-5AE63K9XH5,,,,2024-05-31,2024-06-04,paid,generator,
CLM-YNH32DLXHA,behavioral_health,MBR-XPGBTT2ECZ,PRV-9HWCXGYGRP,,,,2024-07-06,2024-07-14,paid,generator,
CLM-VA4NN7KMSN,behavioral_health,MBR-23FN74V9L5,PRV-F63QP3FKES,,,,2024-06-14,2024-06-22,paid,generator,
CLM-H6P5969BTJ,home_health,MBR-FZQYV4SKXX,PRV-5AE63K9XH5,,,,2024-07-02,2024-07-05,paid,generator,
CLM-EEJZ2HJFXV,home_health,MBR-EWCZ7ZJ4K2,PRV-R6UGAZC4XJ,,,,2024-07-16,2024-07-29,paid,generator,
CLM-SX2XVR2RDC,pharmacy,MBR-5C38HCEB3B,PRV-P8SZX5BYHL,,,,2024-04-24,2024-05-03,paid,generator,
CLM-VUKPS36P53,laboratory,MBR-FR9SUZRQYE,PRV-6LZYWNNT2J,,,,2024-07-02,2024-07-08,paid,generator,
CLM-D2E3BSMUWU,facility,MBR-DJLLB54X78,PRV-LEVZRZGE33,FAC-HG5AVAWJLS,2024-05-04,2024-05-07,2024-05-31,2024-06-12,paid,generator,
CLM-6MSZK94T7P,dme,MBR-9VKQVB9R83,PRV-LVGM3QWE3V,,,,2024-06-12,2024-06-24,paid,generator,
CLM-NH6Z2UXQGF,facility,MBR-ENQHWRE4EM,PRV-HP4BWL7QC4,FAC-FZ5P22Z29H,2024-08-05,2024-08-07,2024-09-16,2024-09-23,paid,generator,
CLM-UGFW3RYAJ6,professional,MBR-H5PBWV7T3H,PRV-CYX8UDJJ75,,,,2024-02-15,2024-02-26,paid,generator,
CLM-7CHPQRCBTN,facility,MBR-ZQX5ZKU3UK,PRV-QJ8CAJLGGT,FAC-FZ5P22Z29H,2024-03-27,2024-03-30,2024-03-29,2024-03-31,paid,generator,
CLM-7EKEWFEEEJ,home_health,MBR-7FN4J7TSLE,PRV-R6UGAZC4XJ,,,,2024-05-20,2024-06-02,paid,generator,
CLM-SNSYP5DEVZ,professional,MBR-R5AEQFFAJ2,PRV-EWJD2QDPA6,,,,2024-04-19,2024-04-21,paid,generator,
CLM-CH7RRHXTXE,home_health,MBR-UQYW382EA8,PRV-R6UGAZC4XJ,,,,2024-06-23,2024-07-01,paid,generator,
CLM-3AAUXLZEPM,professional,MBR-DEXWGDJEY6,PRV-CYX8UDJJ75,,,,2024-03-13,2024-03-21,paid,generator,
CLM-AWAFPPHRL4,dme,MBR-S483KN937H,PRV-KB3DDTGVSY,,,,2024-06-09,2024-06-14,paid,generator,
CLM-3B4J4TRN7P,laboratory,MBR-BJJYH8G9UH,PRV-6LZYWNNT2J,,,,2024-09-11,2024-09-14,paid,generator,
CLM-A2WQBJMJ53,facility,MBR-UTSSCND564,PRV-QJ8CAJLGGT,FAC-HG5AVAWJLS,2024-07-17,2024-07-20,2024-07-25,2024-08-05,paid,generator,
CLM-L9KUHVWWXU,professional,MBR-ECH5HLTRCG,PRV-DVP5UVKXMG,,,,2024-06-19,2024-06-23,paid,generator,
CLM-NAYYATL7LA,behavioral_health,MBR-TEMED367ZE,PRV-YHCS7YKNYQ,,,,2024-03-02,2024-03-09,paid,generator,
CLM-MHYAL4Y866,home_health,MBR-23FN74V9L5,PRV-GQ36BNJZ2W,,,,2024-08-18,2024-08-22,paid,generator,
CLM-TL93UYLABK,dme,MBR-ECH5HLTRCG,PRV-FYQT8W8H8G,,,,2024-07-11,2024-07-24,paid,generator,
CLM-DK9U7E42RQ,professional,MBR-ETZVH7W6AB,PRV-HC5CWNTSHD,,,,2024-03-20,2024-03-23,paid,generator,
CLM-H5GFGQ9J37,professional,MBR-6SBLF43NN5,PRV-HC5CWNTSHD,,,,2024-06-05,2024-06-18,paid,generator,
CLM-658UMFNBTG,facility,MBR-L3J58QSDDG,PRV-HP4BWL7QC4,FAC-HG5AVAWJLS,2024-07-05,2024-07-08,2024-08-04,2024-08-07,paid,generator,
CLM-9LYG8TA6VE,dme,MBR-279EELY74M,PRV-KB3DDTGVSY,,,,2024-05-02,2024-05-06,paid,generator,
CLM-EL5JGSHEQM,dme,MBR-SMLQ7MHU28,PRV-4TYA4STMB7,,,,2024-01-24,2024-02-05,paid,generator,
CLM-SQ3H6AKZXP,professional,MBR-Q56D234924,PRV-52P4GQD2DS,,,,2024-06-27,2024-07-04,paid,generator,
CLM-C4K3D37Z4R,facility,MBR-E5G8EVQHMP,PRV-HP4BWL7QC4,FAC-HG5AVAWJLS,2024-08-07,2024-08-10,2024-09-07,2024-09-08,paid,generator,
CLM-QWAU2RJZUV,professional,MBR-5C38HCEB3B,PRV-HC5CWNTSHD,,,,2024-09-09,2024-09-11,paid,generator,
CLM-4GJBGZBWNR,professional,MBR-QBR4HDNJC7,PRV-HC5CWNTSHD,,,,2024-04-21,2024-04-22,paid,generator,
CLM-K8HWDQ5HJ9,laboratory,MBR-Y46Z4D77Y3,PRV-TTYMZNZQCD,,,,2024-06-03,2024-06-11,paid,generator,
CLM-U2ELCJC5PT,professional,MBR-7FN4J7TSLE,PRV-EWJD2QDPA6,,,,2024-06-01,2024-06-12,paid,generator,
CLM-BUT6BJDYKE,facility,MBR-H5PBWV7T3H,PRV-H9LG5VAJ3J,FAC-HG5AVAWJLS,2024-06-30,2024-07-03,2024-07-12,2024-07-19,paid,generator,
CLM-AEG46MP9JK,home_health,MBR-S483KN937H,PRV-5AE63K9XH5,,,,2024-08-07,2024-08-20,paid,generator,
CLM-L27L8UB6XQ,facility,MBR-PETFJK9QT7,PRV-H9LG5VAJ3J,FAC-HG5AVAWJLS,2024-03-11,2024-03-15,2024-03-13,2024-03-20,paid,generator,
CLM-CB73KC3UHF,professional,MBR-FR9SUZRQYE,PRV-HC5CWNTSHD,,,,2024-06-19,2024-07-01,paid,generator,
CLM-NPDTH5TYZR,professional,MBR-FYPQ73DHJX,PRV-HC5CWNTSHD,,,,2024-02-27,2024-03-04,paid,generator,
CLM-5L7GXKMSYF,professional,MBR-N22Z5YSZ3U,PRV-EWJD2QDPA6,,,,2024-04-23,2024-04-27,paid,generator,
CLM-57NJY8RETD,professional,MBR-BDY6GKJ6LW,PRV-EWJD2QDPA6,,,,2024-05-04,2024-05-14,paid,generator,
CLM-F6CVN2XNAK,home_health,MBR-JZTGZW6TE6,PRV-5AE63K9XH5,,,,2024-02-02,2024-02-03,paid,generator,
CLM-H8P3LN5R94,professional,MBR-FR9SUZRQYE,PRV-52P4GQD2DS,,,,2024-04-06,2024-04-11,paid,generator,
CLM-EBRFCCN7ZC,facility,MBR-XMN8XNZMG2,PRV-GZWKQRABYX,FAC-HG5AVAWJLS,2024-01-02,2024-01-05,2024-02-05,2024-02-12,paid,generator,
CLM-65JFCFMWKF,pharmacy,MBR-Q9XVDUN4EG,PRV-E2KQR2ZK3Q,,,,2024-01-31,2024-02-13,paid,generator,
CLM-TK4L3ECF6B,home_health,MBR-J39SZ2P3P6,PRV-R6UGAZC4XJ,,,,2024-07-25,2024-07-29,paid,generator,
CLM-Q7XB5S4R8L,behavioral_health,MBR-3DKU3QY3W4,PRV-F63QP3FKES,,,,2024-03-05,2024-03-17,paid,generator,
CLM-UGLEKCHUS7,behavioral_health,MBR-ZLNPJ2MYTP,PRV-9HWCXGYGRP,,,,2024-08-27,2024-08-31,paid,generator,
CLM-TK9B8LUL46,professional,MBR-QBR4HDNJC7,PRV-EWJD2QDPA6,,,,2024-04-09,2024-04-17,paid,generator,
CLM-945YE3B2D3,behavioral_health,MBR-KH7EQQUK24,PRV-F63QP3FKES,,,,2024-04-06,2024-04-15,paid,generator,
CLM-BVUFCCWVSR,professional,MBR-BL5PTDN9TA,PRV-DVP5UVKXMG,,,,2024-06-11,2024-06-12,paid,generator,
CLM-43F44DK9RQ,professional,MBR-L3J58QSDDG,PRV-EWJD2QDPA6,,,,2024-06-08,2024-06-12,paid,generator,
CLM-TXESJFP2BV,home_health,MBR-4VYBTHF64D,PRV-GQ36BNJZ2W,,,,2024-09-05,2024-09-13,paid,generator,
CLM-CC9JM9PRNT,professional,MBR-BDY6GKJ6LW,PRV-DVP5UVKXMG,,,,2024-08-05,2024-08-06,paid,generator,
CLM-QYG9W2X7SY,professional,MBR-FVQXNKE82Q,PRV-52P4GQD2DS,,,,2024-02-04,2024-02-10,paid,generator,
CLM-4L7ZEQ8MRQ,facility,MBR-P78M8HDWEL,PRV-HP4BWL7QC4,FAC-FZ5P22Z29H,2024-03-02,2024-03-03,2024-03-12,2024-03-18,paid,generator,
CLM-6TZWMDV65S,pharmacy,MBR-3DKU3QY3W4,PRV-P8SZX5BYHL,,,,2024-08-23,2024-08-25,paid,generator,
CLM-7BEQYZY3J5,laboratory,MBR-4VYBTHF64D,PRV-DLK2K6289C,,,,2024-09-05,2024-09-11,paid,generator,
CLM-V39ENF5RTS,ambulance,MBR-4VYBTHF64D,PRV-AEV55VW98C,,,,2024-06-14,2024-06-15,paid,generator,
CLM-VNDS63P3VZ,professional,MBR-Q9XVDUN4EG,PRV-52P4GQD2DS,,,,2024-08-30,2024-08-31,paid,generator,
CLM-EX3HBQ4NPK,home_health,MBR-8MK5KHJNCW,PRV-GQ36BNJZ2W,,,,2024-04-22,2024-05-05,paid,generator,
CLM-MR24MDCWNM,facility,MBR-279EELY74M,PRV-HP4BWL7QC4,FAC-FZ5P22Z29H,2024-08-18,2024-08-22,2024-09-28,2024-10-09,paid,generator,
CLM-P9NNCDFRDE,home_health,MBR-8MK5KHJNCW,PRV-ZU6YL2HNHH,,,,2024-07-02,2024-07-14,paid,generator,
CLM-AXR9XU2U88,laboratory,MBR-W33FF9PGW5,PRV-TTYMZNZQCD,,,,2024-07-20,2024-07-23,paid,generator,
CLM-AU4YU3R3FN,home_health,MBR-4PAPY9GKRR,PRV-R6UGAZC4XJ,,,,2024-04-10,2024-04-14,paid,generator,
CLM-PBGL3MQFXY,professional,MBR-Y46Z4D77Y3,PRV-HC5CWNTSHD,,,,2024-04-19,2024-04-29,paid,generator,
CLM-628H7KYHBB,behavioral_health,MBR-63JAR5TFRQ,PRV-EGMCSQWZE2,,,,2024-08-16,2024-08-24,paid,generator,
CLM-QZGYEZYKJ6,professional,MBR-L3J58QSDDG,PRV-DVP5UVKXMG,,,,2024-07-07,2024-07-19,paid,generator,
CLM-ZRTFEJR767,professional,MBR-9VKQVB9R83,PRV-52P4GQD2DS,,,,2024-05-02,2024-05-07,paid,generator,
CLM-WGJAV3H2C4,dme,MBR-EFTCWLP65R,PRV-KB3DDTGVSY,,,,2024-03-28,2024-04-09,paid,generator,
CLM-9JU9UKMNNF,professional,MBR-JXM5V2U2EH,PRV-CYX8UDJJ75,,,,2024-03-05,2024-03-06,paid,generator,
CLM-M2Q7U6RBZ8,dme,MBR-ECH5HLTRCG,PRV-LVGM3QWE3V,,,,2024-07-23,2024-08-01,paid,generator,
CLM-EVXVLK9M8V,professional,MBR-AEENY3383J,PRV-DVP5UVKXMG,,,,2024-03-05,2024-03-14,paid,generator,
CLM-XMQ4RJDD3M,behavioral_health,MBR-QBR4HDNJC7,PRV-EGMCSQWZE2,,,,2024-02-16,2024-02-28,paid,generator,
CLM-3CADG45MES,behavioral_health,MBR-L3J58QSDDG,PRV-F63QP3FKES,,,,2024-06-21,2024-06-23,paid,generator,
CLM-K4FDKBU9Y2,ambulance,MBR-DJLLB54X78,PRV-LJD3M755ZS,,,,2024-05-09,2024-05-18,paid,generator,
CLM-ZHJJWD5CMP,pharmacy,MBR-BZNAEFCCUH,PRV-F2HS2XPZAV,,,,2024-04-20,2024-04-30,paid,generator,
CLM-LMF5VNTXR5,professional,MBR-EL4SD7SMBU,PRV-CYX8UDJJ75,,,,2024-03-31,2024-04-07,paid,generator,
CLM-86UL42YRCJ,dme,MBR-ZQX5ZKU3UK,PRV-FYQT8W8H8G,,,,2024-06-08,2024-06-10,paid,generator,
CLM-Y4ZQ9HQZ64,home_health,MBR-9NLNH78NEA,PRV-GQ36BNJZ2W,,,,2024-07-25,2024-07-29,paid,generator,
CLM-7LZSQ76U8T,pharmacy,MBR-6SBLF43NN5,PRV-P8SZX5BYHL,,,,2024-06-26,2024-07-04,paid,generator,
CLM-VKDWGPVSVE,professional,MBR-BL5PTDN9TA,PRV-52P4GQD2DS,,,,2024-04-13,2024-04-19,paid,generator,
CLM-JUVZFUS9HG,laboratory,MBR-ECH5HLTRCG,PRV-96KL4VD67A,,,,2024-04-25,2024-04-29,paid,generator,
CLM-CA48KSY9JR,home_health,MBR-23FN74V9L5,PRV-ZU6YL2HNHH,,,,2024-03-13,2024-03-21,paid,generator,
CLM-YHG6JMZLAS,professional,MBR-E5G8EVQHMP,PRV-HC5CWNTSHD,,,,2024-02-09,2024-02-19,paid,generator,
CLM-JN2GCS4T4Y,home_health,MBR-NDAL8TYHG6,PRV-R6UGAZC4XJ,,,,2024-03-18,2024-03-24,paid,generator,
CLM-NXV7FVW6RX,professional,MBR-8QYV5748M9,PRV-EWJD2QDPA6,,,,2024-07-02,2024-07-12,paid,generator,
CLM-ZWD43BMZHV,laboratory,MBR-NDAL8TYHG6,PRV-96KL4VD67A,,,,2024-05-11,2024-05-21,paid,generator,
CLM-H2U4QGPYZG,ambulance,MBR-S7Z8C8UNTB,PRV-AEV55VW98C,,,,2024-07-21,2024-07-28,paid,generator,
CLM-KBP6EE5H7V,facility,MBR-EL4SD7SMBU,PRV-QJ8CAJLGGT,FAC-FZ5P22Z29H,2024-06-05,2024-06-09,2024-06-18,2024-06-21,paid,generator,
CLM-HP3ZSHRFDH,professional,MBR-4PAPY9GKRR,PRV-CYX8UDJJ75,,,,2024-06-12,2024-06-17,paid,generator,
CLM-YN3T4LSAP7,home_health,MBR-59N7KMSMAY,PRV-R6UGAZC4XJ,,,,2024-04-18,2024-04-28,paid,generator,
CLM-B73YMH99WU,laboratory,MBR-BJJYH8G9UH,PRV-96KL4VD67A,,,,2024-07-17,2024-07-24,paid,generator,
CLM-DVT8KL9H5E,professional,MBR-VK3KCQ836K,PRV-52P4GQD2DS,,,,2024-02-04,2024-02-12,paid,generator,
CLM-AH38CUXN4S,home_health,MBR-V2LNSJANZJ,PRV-5AE63K9XH5,,,,2024-02-27,2024-03-09,paid,generator,
CLM-ZT3Y82QLMF,dme,MBR-NDAL8TYHG6,PRV-KB3DDTGVSY,,,,2024-01-28,2024-02-10,paid,generator,
CLM-P398BETL9E,professional,MBR-UC38TQGQU2,PRV-HC5CWNTSHD,,,,2024-08-26,2024-09-02,paid,generator,
CLM-Z3MTEEXZZ5,pharmacy,MBR-FVQXNKE82Q,PRV-Z84M5CG5BX,,,,2024-06-19,2024-06-27,paid,generator,
CLM-5V592NX7R8,ambulance,MBR-QBR4HDNJC7,PRV-KGZA99WKKT,,,,2024-09-27,2024-10-09,paid,generator,
CLM-Z7R8ZSMG9T,behavioral_health,MBR-4C2VNKWGF5,PRV-EGMCSQWZE2,,,,2024-05-19,2024-05-31,paid,generator,
CLM-CHZ4YD84YG,professional,MBR-Y4DRB8SKCE,PRV-CYX8UDJJ75,,,,2024-08-08,2024-08-13,paid,generator,
CLM-JB9W5VSN68,professional,MBR-Y4DRB8SKCE,PRV-DVP5UVKXMG,,,,2024-03-26,2024-04-05,paid,generator,
CLM-VA3FFXDWGL,facility,MBR-S7Z8C8UNTB,PRV-LEVZRZGE33,FAC-HG5AVAWJLS,2024-05-14,2024-05-16,2024-06-06,2024-06-10,paid,generator,
CLM-XM2GR2F948,home_health,MBR-FVQXNKE82Q,PRV-R6UGAZC4XJ,,,,2024-09-03,2024-09-14,paid,generator,
CLM-SCWXJLCK4Y,home_health,MBR-HX94GZSQRT,PRV-ZU6YL2HNHH,,,,2024-06-29,2024-07-01,paid,generator,
CLM-556VK4MAV8,pharmacy,MBR-B8UH9BQB22,PRV-P8SZX5BYHL,,,,2024-03-15,2024-03-22,paid,generator,
CLM-5JARRA833D,home_health,MBR-FYPQ73DHJX,PRV-ZU6YL2HNHH,,,,2024-08-24,2024-09-02,paid,generator,
CLM-L2EZSH4R2J,home_health,MBR-79KLVNZGFB,PRV-R6UGAZC4XJ,,,,2024-01-17,2024-01-21,paid,generator,
CLM-64SA54ELU7,ambulance,MBR-9PQ5QXMXV9,PRV-2RBJKMU8EL,,,,2024-09-25,2024-10-08,paid,generator,
CLM-Y42L5W5EXV,facility,MBR-V2LNSJANZJ,PRV-GZWKQRABYX,FAC-FZ5P22Z29H,2024-01-30,2024-02-03,2024-03-12,2024-03-22,paid,generator,
CLM-YWVE4U6G62,professional,MBR-3DKU3QY3W4,PRV-HC5CWNTSHD,,,,2024-03-14,2024-03-26,paid,generator,
CLM-7A9EGD347U,professional,MBR-ETZVH7W6AB,PRV-CYX8UDJJ75,,,,2024-06-13,2024-06-17,paid,generator,
CLM-KNL9JHYD6E,pharmacy,MBR-UC38TQGQU2,PRV-F2HS2XPZAV,,,,2024-02-24,2024-03-03,paid,generator,
CLM-ZQFLDQCL78,laboratory,MBR-ANBZTECZG4,PRV-96KL4VD67A,,,,2024-04-02,2024-04-08,paid,generator,
CLM-DYWXR4KZNL,ambulance,MBR-BUL4LEDKWE,PRV-2RBJKMU8EL,,,,2024-08-20,2024-08-21,paid,generator,
CLM-AUQRKXZY5L,dme,MBR-4C2VNKWGF5,PRV-FYQT8W8H8G,,,,2024-06-25,2024-07-07,paid,generator,
CLM-YE3M3WYSWM,professional,MBR-AEENY3383J,PRV-DVP5UVKXMG,,,,2024-08-14,2024-08-27,paid,generator,
CLM-WJ4NFJ69SC,professional,MBR-KSC4HVJFFY,PRV-CYX8UDJJ75,,,,2024-09-09,2024-09-15,paid,generator,
CLM-9R9JS6DTW5,behavioral_health,MBR-BUL4LEDKWE,PRV-EGMCSQWZE2,,,,2024-03-10,2024-03-22,paid,generator,
CLM-9N5PJQK9RN,behavioral_health,MBR-N22Z5YSZ3U,PRV-YHCS7YKNYQ,,,,2024-07-19,2024-07-23,paid,generator,
CLM-HE47GSCWVY,professional,MBR-EFTCWLP65R,PRV-52P4GQD2DS,,,,2024-02-17,2024-02-27,paid,generator,
CLM-WCQQUGA4Z7,dme,MBR-Y6AVHN8W6G,PRV-4TYA4STMB7,,,,2024-04-11,2024-04-16,paid,generator,
CLM-5RUFX5W6A8,behavioral_health,MBR-NHZFV5F7YB,PRV-EGMCSQWZE2,,,,2024-08-27,2024-08-29,paid,generator,
CLM-BTZBJP5KUW,facility,MBR-8QYV5748M9,PRV-HP4BWL7QC4,FAC-HG5AVAWJLS,2024-06-04,2024-06-07,2024-06-13,2024-06-25,paid,generator,
CLM-TBZTYWH4S7,home_health,MBR-7FN4J7TSLE,PRV-R6UGAZC4XJ,,,,2024-03-28,2024-04-02,paid,generator,
CLM-XPJ5ELAX6C,ambulance,MBR-HX94GZSQRT,PRV-2RBJKMU8EL,,,,2024-07-22,2024-07-31,paid,generator,
CLM-AJPDKML5S2,home_health,MBR-23FN74V9L5,PRV-ZU6YL2HNHH,,,,2024-05-23,2024-05-30,paid,generator,
CLM-CRMHBGWMPU,behavioral_health,MBR-ZL5Q6EFMAR,PRV-EGMCSQWZE2,,,,2024-09-04,2024-09-12,paid,generator,
CLM-LYYMJVHL7U,home_health,MBR-26AVMXYZBB,PRV-5AE63K9XH5,,,,2024-04-23,2024-04-26,paid,generator,
CLM-LA97V3C9HJ,behavioral_health,MBR-279EELY74M,PRV-9HWCXGYGRP,,,,2024-05-05,2024-05-14,paid,generator,
CLM-Y6GYXPZTS3,professional,MBR-4LB87BN7MV,PRV-CYX8UDJJ75,,,,2024-05-29,2024-06-05,paid,generator,
CLM-RTWYF9KSYY,home_health,MBR-UTSSCND564,PRV-R6UGAZC4XJ,,,,2024-07-06,2024-07-14,paid,generator,
CLM-JQLPBSGFZZ,professional,MBR-UTSSCND564,PRV-52P4GQD2DS,,,,2024-08-14,2024-08-27,paid,generator,
CLM-NVD9CKUBPH,behavioral_health,MBR-UQYW382EA8,PRV-9HWCXGYGRP,,,,2024-03-28,2024-04-02,paid,generator,
CLM-S5S2YQJGSA,home_health,MBR-BJJYH8G9UH,PRV-GQ36BNJZ2W,,,,2024-08-31,2024-09-11,paid,generator,
CLM-LRCRQ8EMDV,laboratory,MBR-XMN8XNZMG2,PRV-6LZYWNNT2J,,,,2024-03-17,2024-03-23,paid,generator,
CLM-TBB73ZHVRY,behavioral_health,MBR-UTSSCND564,PRV-YHCS7YKNYQ,,,,2024-06-12,2024-06-18,paid,generator,
CLM-BDQLEHR7Y5,facility,MBR-QBR4HDNJC7,PRV-GZWKQRABYX,FAC-HG5AVAWJLS,2024-02-17,2024-02-18,2024-03-27,2024-04-06,paid,generator,
CLM-A4RBKGDRYM,laboratory,MBR-YTRN8M4CTJ,PRV-DLK2K6289C,,,,2024-03-20,2024-03-31,paid,generator,
CLM-KHS7U37A3W,ambulance,MBR-79KLVNZGFB,PRV-KGZA99WKKT,,,,2024-05-31,2024-06-02,paid,generator,
CLM-MMDFAHK42D,facility,MBR-AEENY3383J,PRV-GZWKQRABYX,FAC-HG5AVAWJLS,2024-03-31,2024-04-04,2024-05-08,2024-05-20,paid,generator,
CLM-DGNE4KPXTP,facility,MBR-BL5PTDN9TA,PRV-HP4BWL7QC4,FAC-HG5AVAWJLS,2024-01-31,2024-02-02,2024-03-05,2024-03-11,paid,generator,
CLM-CVYVC93H88,professional,MBR-Y6AVHN8W6G,PRV-DVP5UVKXMG,,,,2024-06-25,2024-06-27,paid,generator,
CLM-YZRSAJCXSX,dme,MBR-NHZFV5F7YB,PRV-4TYA4STMB7,,,,2024-02-24,2024-02-26,paid,generator,
CLM-3PCXT8WTV2,professional,MBR-26AVMXYZBB,PRV-CYX8UDJJ75,,,,2024-03-03,2024-03-15,paid,generator,
CLM-8TQFP2N2EH,dme,MBR-QBR4HDNJC7,PRV-4TYA4STMB7,,,,2024-05-24,2024-06-05,paid,generator,
CLM-E5X8HF3GDV,dme,MBR-KH7EQQUK24,PRV-KB3DDTGVSY,,,,2024-09-19,2024-09-27,paid,generator,
CLM-K3XTQAMGGW,home_health,MBR-UTSSCND564,PRV-5AE63K9XH5,,,,2024-02-06,2024-02-19,paid,generator,
CLM-JBF3L6AK26,pharmacy,MBR-5Y93Z8WGHW,PRV-NNZAMXRZ52,,,,2024-08-26,2024-08-30,paid,generator,
CLM-ZFVK3CE58K,professional,MBR-HGL5QVCM22,PRV-EWJD2QDPA6,,,,2024-04-26,2024-05-05,paid,generator,
CLM-B4P48VMP59,professional,MBR-2NR27KXVV3,PRV-EWJD2QDPA6,,,,2024-02-25,2024-03-06,paid,generator,
CLM-TNLPEUKLJX,pharmacy,MBR-TEMED367ZE,PRV-E2KQR2ZK3Q,,,,2024-05-28,2024-06-01,paid,generator,
CLM-J76PEHX9PG,ambulance,MBR-LSWYAWLX8N,PRV-AEV55VW98C,,,,2024-08-08,2024-08-18,paid,generator,
CLM-MEPNZ6YC4V,ambulance,MBR-J39SZ2P3P6,PRV-2RBJKMU8EL,,,,2024-03-26,2024-04-06,paid,generator,
CLM-9AW8ER2AS5,professional,MBR-QBR4HDNJC7,PRV-DVP5UVKXMG,,,,2024-03-16,2024-03-20,paid,generator,
CLM-48FM8GV3ZP,ambulance,MBR-BJJYH8G9UH,PRV-LJD3M755ZS,,,,2024-08-22,2024-08-24,paid,generator,
CLM-5ALAVPVHMP,behavioral_health,MBR-ZL5Q6EFMAR,PRV-YHCS7YKNYQ,,,,2024-03-11,2024-03-15,paid,generator,
CLM-UZXXTGD7WD,pharmacy,MBR-9NLNH78NEA,PRV-P8SZX5BYHL,,,,2024-04-17,2024-04-20,paid,generator,
CLM-2DC5PTCMAL,behavioral_health,MBR-EFTCWLP65R,PRV-EGMCSQWZE2,,,,2024-09-23,2024-09-29,paid,generator,
CLM-MJLTZEAZWA,behavioral_health,MBR-AEENY3383J,PRV-9HWCXGYGRP,,,,2024-04-03,2024-04-13,paid,generator,
CLM-5693CLE3PY,behavioral_health,MBR-4VB4MXWWPN,PRV-EGMCSQWZE2,,,,2024-02-23,2024-03-07,paid,generator,
CLM-5X6TP6XFNZ,laboratory,MBR-Q9XVDUN4EG,PRV-6LZYWNNT2J,,,,2024-03-11,2024-03-22,paid,generator,
CLM-CZWST64MYY,pharmacy,MBR-FR9SUZRQYE,PRV-NNZAMXRZ52,,,,2024-07-23,2024-08-04,paid,generator,
CLM-3DK8A9MBPE,pharmacy,MBR-L3J58QSDDG,PRV-Z84M5CG5BX,,,,2024-07-05,2024-07-18,paid,generator,
CLM-U6NEGV7HGL,home_health,MBR-ARSHMU22CN,PRV-R6UGAZC4XJ,,,,2024-04-13,2024-04-26,paid,generator,
CLM-XZH7FL7BPP,behavioral_health,MBR-EL4SD7SMBU,PRV-F63QP3FKES,,,,2024-05-21,2024-05-31,paid,generator,
CLM-4WRLHEJDME,professional,MBR-4LB87BN7MV,PRV-HC5CWNTSHD,,,,2024-02-24,2024-03-02,paid,generator,
CLM-6TMENWMWSH,pharmacy,MBR-4VB4MXWWPN,PRV-Z84M5CG5BX,,,,2024-09-18,2024-09-26,paid,generator,
CLM-ZFX2KADWR6,ambulance,MBR-P78M8HDWEL,PRV-KGZA99WKKT,,,,2024-08-13,2024-08-19,paid,generator,
CLM-CPYABACG5G,behavioral_health,MBR-H5PBWV7T3H,PRV-F63QP3FKES,,,,2024-06-10,2024-06-23,paid,generator,
CLM-T3AZ55TNBK,laboratory,MBR-BUL4LEDKWE,PRV-96KL4VD67A,,,,2024-02-21,2024-02-25,paid,generator,
CLM-9J9QAMLNM3,facility,MBR-V9VF74MPX3,PRV-GZWKQRABYX,FAC-FZ5P22Z29H,2024-02-10,2024-02-12,2024-02-26,2024-03-06,paid,generator,
CLM-L9DG5V3NHA,behavioral_health,MBR-KXFLG7CTRT,PRV-9HWCXGYGRP,,,,2024-06-15,2024-06-28,paid,generator,
CLM-CRW5NXZ8TG,professional,MBR-ZL5Q6EFMAR,PRV-52P4GQD2DS,,,,2024-02-16,2024-02-27,paid,generator,
CLM-FMSZT3DXAC,home_health,MBR-LYUPA4MC8N,PRV-R6UGAZC4XJ,,,,2024-03-12,2024-03-15,paid,generator,
CLM-LYCYVT5JPQ,ambulance,MBR-VPC7RKBDT2,PRV-2RBJKMU8EL,,,,2024-09-09,2024-09-15,paid,generator,
CLM-Z48HSYPNAC,home_health,MBR-BJJYH8G9UH,PRV-5AE63K9XH5,,,,2024-09-12,2024-09-23,paid,generator,
CLM-XD2XLWLUET,professional,MBR-4PAPY9GKRR,PRV-52P4GQD2DS,,,,2024-09-06,2024-09-17,paid,generator,
CLM-RXJ3TRXJWZ,professional,MBR-59N7KMSMAY,PRV-DVP5UVKXMG,,,,2024-08-14,2024-08-25,paid,generator,
CLM-ANFESTQPSJ,ambulance,MBR-BZNAEFCCUH,PRV-2RBJKMU8EL,,,,2024-03-26,2024-04-08,paid,generator,
CLM-7LXCEKCRCF,pharmacy,MBR-MPY7DCHPFS,PRV-P8SZX5BYHL,,,,2024-06-25,2024-07-02,paid,generator,
CLM-634JG32USD,professional,MBR-BJJYH8G9UH,PRV-EWJD2QDPA6,,,,2024-05-01,2024-05-02,paid,generator,
CLM-5CFSG9EFDR,facility,MBR-FVQXNKE82Q,PRV-HP4BWL7QC4,FAC-HG5AVAWJLS,2024-04-21,2024-04-24,2024-05-23,2024-05-24,paid,generator,
CLM-LUDKEYAXC8,professional,MBR-4PAPY9GKRR,PRV-CYX8UDJJ75,,,,2024-03-06,2024-03-15,paid,generator,
CLM-KESA3GBZCX,professional,MBR-LYUPA4MC8N,PRV-52P4GQD2DS,,,,2024-09-03,2024-09-05,paid,generator,
CLM-BBMYZLQX9M,facility,MBR-EKUMPKKR4M,PRV-GZWKQRABYX,FAC-FZ5P22Z29H,2024-03-29,2024-03-31,2024-05-08,2024-05-16,paid,generator,
CLM-EY96HXHA25,professional,MBR-8MK5KHJNCW,PRV-CYX8UDJJ75,,,,2024-08-18,2024-08-28,paid,generator,
CLM-DZCVSYGXF6,behavioral_health,MBR-Q56D234924,PRV-YHCS7YKNYQ,,,,2024-02-23,2024-02-27,paid,generator,
CLM-UGCBXJZMWH,facility,MBR-DJLLB54X78,PRV-H9LG5VAJ3J,FAC-FZ5P22Z29H,2024-06-16,2024-06-17,2024-06-17,2024-06-23,paid,generator,
CLM-VYQKZM7S26,laboratory,MBR-B8UH9BQB22,PRV-96KL4VD67A,,,,2024-06-12,2024-06-21,paid,generator,
CLM-XC7NGS8BF7,home_health,MBR-FZQYV4SKXX,PRV-R6UGAZC4XJ,,,,2024-04-28,2024-05-01,paid,generator,
CLM-LNMRW9M2FF,professional,MBR-FR9SUZRQYE,PRV-CYX8UDJJ75,,,,2024-03-05,2024-03-18,paid,generator,
CLM-M6TTB7X8QN,home_health,MBR-FYPQ73DHJX,PRV-ZU6YL2HNHH,,,,2024-02-09,2024-02-12,paid,generator,
CLM-LRZEXTFKZZ,facility,MBR-NP25PG6T7N,PRV-QJ8CAJLGGT,FAC-FZ5P22Z29H,2024-08-08,2024-08-10,2024-08-19,2024-08-30,paid,generator,
CLM-JSFWN7TYFD,facility,MBR-FVQXNKE82Q,PRV-LEVZRZGE33,FAC-FZ5P22Z29H,2024-01-29,2024-02-01,2024-02-05,2024-02-11,paid,generator,
CLM-R79LCB9DAS,dme,MBR-4C2VNKWGF5,PRV-4TYA4STMB7,,,,2024-07-18,2024-07-29,paid,generator,
CLM-LFVRXXF6M4,dme,MBR-63JAR5TFRQ,PRV-4TYA4STMB7,,,,2024-07-14,2024-07-25,paid,generator,
CLM-BDRS8T2DMA,professional,MBR-LJX3UFVHQR,PRV-CYX8UDJJ75,,,,2024-02-15,2024-02-27,paid,generator,
CLM-PDW4GJ3B4F,dme,MBR-6KDHMRRDDG,PRV-KB3DDTGVSY,,,,2024-03-08,2024-03-16,paid,generator,
CLM-RFPK2N9WND,laboratory,MBR-59N7KMSMAY,PRV-6LZYWNNT2J,,,,2024-01-12,2024-01-15,paid,generator,
CLM-JDVQL4D4QN,ambulance,MBR-3ULHAGK6SG,PRV-LJD3M755ZS,,,,2024-04-30,2024-05-10,paid,generator,
CLM-R4VMJKNXZK,behavioral_health,MBR-R5AEQFFAJ2,PRV-EGMCSQWZE2,,,,2024-05-21,2024-05-31,paid,generator,
CLM-DL4S95DCPA,facility,MBR-DEXWGDJEY6,PRV-HP4BWL7QC4,FAC-FZ5P22Z29H,2024-07-17,2024-07-20,2024-08-19,2024-08-27,paid,generator,
CLM-GEXWEYU74N,behavioral_health,MBR-QBR4HDNJC7,PRV-EGMCSQWZE2,,,,2024-03-12,2024-03-16,paid,generator,
CLM-W293Q3G9S2,laboratory,MBR-63JAR5TFRQ,PRV-TTYMZNZQCD,,,,2024-04-07,2024-04-12,paid,generator,
CLM-QGBFTVPAPX,dme,MBR-XVAD9JHUZ8,PRV-KB3DDTGVSY,,,,2024-05-31,2024-06-02,paid,generator,
CLM-PFCEU7FSBB,professional,MBR-XVAD9JHUZ8,PRV-CYX8UDJJ75,,,,2024-05-19,2024-06-01,paid,generator,
CLM-ATMX3TWS8S,laboratory,MBR-UC38TQGQU2,PRV-6LZYWNNT2J,,,,2024-07-07,2024-07-13,paid,generator,
CLM-SZLXY8CQ28,laboratory,MBR-8QYV5748M9,PRV-6LZYWNNT2J,,,,2024-05-22,2024-06-04,paid,generator,
CLM-QQ87X4XMA5,behavioral_health,MBR-V2LNSJANZJ,PRV-EGMCSQWZE2,,,,2024-02-29,2024-03-09,paid,generator,
CLM-WWD3CDGRUE,facility,MBR-B8UH9BQB22,PRV-QJ8CAJLGGT,FAC-HG5AVAWJLS,2024-05-22,2024-05-23,2024-06-10,2024-06-19,paid,generator,
CLM-VKAGU24D2M,behavioral_health,MBR-4EXUHMWNNJ,PRV-9HWCXGYGRP,,,,2024-02-08,2024-02-18,paid,generator,
CLM-6KAFVSARP9,dme,MBR-9PQ5QXMXV9,PRV-KB3DDTGVSY,,,,2024-05-18,2024-05-27,paid,generator,
CLM-Q7A5YA92W2,pharmacy,MBR-ZL5Q6EFMAR,PRV-F2HS2XPZAV,,,,2024-05-10,2024-05-15,paid,generator,
CLM-PBAVF49AB2,home_health,MBR-ECH5HLTRCG,PRV-ZU6YL2HNHH,,,,2024-08-08,2024-08-16,paid,generator,
CLM-TQD2VZ53TL,professional,MBR-V9VF74MPX3,PRV-EWJD2QDPA6,,,,2024-04-30,2024-05-06,paid,generator,
CLM-4F6QTKRULW,behavioral_health,MBR-V9VF74MPX3,PRV-YHCS7YKNYQ,,,,2024-08-22,2024-08-30,paid,generator,
CLM-2UD869YP8Z,ambulance,MBR-9PQ5QXMXV9,PRV-AEV55VW98C,,,,2024-04-24,2024-05-06,paid,generator,
CLM-KXWWFZ9J53,dme,MBR-DEXWGDJEY6,PRV-LVGM3QWE3V,,,,2024-05-18,2024-05-28,paid,generator,
CLM-NWM3EVQZ3Q,dme,MBR-6RGUUNWJV3,PRV-FYQT8W8H8G,,,,2024-02-17,2024-02-22,paid,generator,
CLM-B4223CYQDU,home_health,MBR-QFQ7K875L3,PRV-ZU6YL2HNHH,,,,2024-02-08,2024-02-12,paid,generator,
CLM-U56T5C3W59,home_health,MBR-TJZA2TZN6S,PRV-ZU6YL2HNHH,,,,2024-05-19,2024-05-30,paid,generator,
CLM-RE8M7YPN5V,facility,MBR-3ULHAGK6SG,PRV-H9LG5VAJ3J,FAC-HG5AVAWJLS,2024-01-15,2024-01-18,2024-02-16,2024-02-20,paid,generator,
CLM-HMY3X56QN2,home_health,MBR-R5AEQFFAJ2,PRV-R6UGAZC4XJ,,,,2024-08-18,2024-08-20,paid,generator,
CLM-A7GY847GEY,pharmacy,MBR-ARSHMU22CN,PRV-F2HS2XPZAV,,,,2024-05-28,2024-06-07,paid,generator,
CLM-5Y3GMLDUMQ,professional,MBR-UC38TQGQU2,PRV-HC5CWNTSHD,,,,2024-01-07,2024-01-17,paid,generator,
CLM-X3KTWMKR68,home_health,MBR-HGL5QVCM22,PRV-GQ36BNJZ2W,,,,2024-03-08,2024-03-09,paid,generator,
CLM-JHXXH6EBLT,home_health,MBR-8MK5KHJNCW,PRV-GQ36BNJZ2W,,,,2024-05-12,2024-05-22,paid,generator,
CLM-W5XHNAA4AE,home_health,MBR-P78M8HDWEL,PRV-GQ36BNJZ2W,,,,2024-07-06,2024-07-11,paid,generator,
CLM-3PRRKQCKR4,professional,MBR-FV7G6UXLBA,PRV-52P4GQD2DS,,,,2024-07-11,2024-07-13,paid,generator,
CLM-KZX9HNQK4T,professional,MBR-6R667HJXAJ,PRV-HC5CWNTSHD,,,,2024-03-28,2024-03-29,paid,generator,
CLM-QKN7PK9L6S,laboratory,MBR-S7Z8C8UNTB,PRV-DLK2K6289C,,,,2024-03-07,2024-03-17,paid,generator,
CLM-TU5XX7MM97,dme,MBR-BUL4LEDKWE,PRV-LVGM3QWE3V,,,,2024-08-22,2024-09-04,paid,generator,
CLM-LUKDAU5DEN,professional,MBR-63JAR5TFRQ,PRV-EWJD2QDPA6,,,,2024-09-23,2024-10-02,paid,generator,
CLM-KSGTEKY68Q,professional,MBR-QN2SK6VX4D,PRV-52P4GQD2DS,,,,2024-05-14,2024-05-22,paid,generator,
CLM-WBUJTMMNPJ,ambulance,MBR-FZQYV4SKXX,PRV-LJD3M755ZS,,,,2024-07-01,2024-07-13,paid,generator,
CLM-ZFBG9V6V64,laboratory,MBR-7XEPY4R5EL,PRV-6LZYWNNT2J,,,,2024-05-31,2024-06-13,paid,generator,
CLM-C24T5PVQ9H,professional,MBR-L3J58QSDDG,PRV-DVP5UVKXMG,,,,2024-03-22,2024-03-27,paid,generator,
CLM-URNYH5AJJY,pharmacy,MBR-279EELY74M,PRV-F2HS2XPZAV,,,,2024-03-25,2024-04-03,paid,generator,
CLM-LX83FYEMWJ,home_health,MBR-DPYG8XMK2N,PRV-5AE63K9XH5,,,,2024-04-21,2024-04-22,paid,generator,
CLM-KFAUW6MLWU,professional,MBR-FR9SUZRQYE,PRV-52P4GQD2DS,,,,2024-04-08,2024-04-16,paid,generator,
CLM-7A5ZRFDQ9U,ambulance,MBR-LYUPA4MC8N,PRV-LJD3M755ZS,,,,2024-04-21,2024-05-03,paid,generator,
CLM-WQM8EYGEAN,behavioral_health,MBR-S7Z8C8UNTB,PRV-EGMCSQWZE2,,,,2024-09-13,2024-09-24,paid,generator,
CLM-LXPEZTH759,home_health,MBR-B9S4DFFU5V,PRV-ZU6YL2HNHH,,,,2024-06-13,2024-06-22,paid,generator,
CLM-NAA5547GEZ,home_health,MBR-6KDHMRRDDG,PRV-ZU6YL2HNHH,,,,2024-07-12,2024-07-13,paid,generator,
CLM-AFRC4SB5BJ,ambulance,MBR-BZNAEFCCUH,PRV-2RBJKMU8EL,,,,2024-09-09,2024-09-10,paid,generator,
CLM-4QGS8P7FWV,facility,MBR-4EXUHMWNNJ,PRV-LEVZRZGE33,FAC-HG5AVAWJLS,2024-05-31,2024-06-02,2024-06-14,2024-06-24,paid,generator,
CLM-W3MLBWBBUX,professional,MBR-FR9SUZRQYE,PRV-52P4GQD2DS,,,,2024-03-10,2024-03-16,paid,generator,
CLM-JX4UN64SKQ,professional,MBR-7FN4J7TSLE,PRV-CYX8UDJJ75,,,,2024-04-19,2024-04-27,paid,generator,
CLM-MSQ53TCA5Q,behavioral_health,MBR-9PQ5QXMXV9,PRV-YHCS7YKNYQ,,,,2024-07-05,2024-07-07,paid,generator,
CLM-JY8CWZCVEP,facility,MBR-Q56D234924,PRV-H9LG5VAJ3J,FAC-HG5AVAWJLS,2024-04-15,2024-04-17,2024-05-23,2024-05-30,paid,generator,
CLM-YRB5N7K29A,behavioral_health,MBR-KQZHQZB89K,PRV-9HWCXGYGRP,,,,2024-04-15,2024-04-21,paid,generator,
CLM-AAXJTJF8FJ,professional,MBR-5C38HCEB3B,PRV-DVP5UVKXMG,,,,2024-08-01,2024-08-03,paid,generator,
CLM-9VD7SUK69L,professional,MBR-LYUPA4MC8N,PRV-DVP5UVKXMG,,,,2024-04-20,2024-04-23,paid,generator,
CLM-QSM8454LFW,professional,MBR-UC38TQGQU2,PRV-HC5CWNTSHD,,,,2024-02-15,2024-02-22,paid,generator,
CLM-3BRKHL2HM3,behavioral_health,MBR-FYPQ73DHJX,PRV-9HWCXGYGRP,,,,2024-02-13,2024-02-20,paid,generator,
CLM-NJQANTS5BJ,professional,MBR-PSVVP9RXXN,PRV-DVP5UVKXMG,,,,2024-04-17,2024-04-18,paid,generator,
CLM-TZM4W5ZPKT,laboratory,MBR-P78M8HDWEL,PRV-DLK2K6289C,,,,2024-05-03,2024-05-08,paid,generator,
CLM-DDDACNBLRD,facility,MBR-4VYBTHF64D,PRV-H9LG5VAJ3J,FAC-FZ5P22Z29H,2024-04-11,2024-04-14,2024-04-23,2024-04-29,paid,generator,
CLM-GS7E86PDPL,professional,MBR-VK3KCQ836K,PRV-52P4GQD2DS,,,,2024-02-22,2024-02-25,paid,generator,
CLM-58CE2QDTSV,professional,MBR-4VB4MXWWPN,PRV-52P4GQD2DS,,,,2024-08-19,2024-09-01,paid,generator,
CLM-KNREXYX2BC,dme,MBR-YYH7PZ5M5C,PRV-FYQT8W8H8G,,,,2024-07-31,2024-08-10,paid,generator,
CLM-DL6HV9SLVB,ambulance,MBR-LSWYAWLX8N,PRV-AEV55VW98C,,,,2024-05-10,2024-05-16,paid,generator,
CLM-EMFZNWTA8G,behavioral_health,MBR-4KTNS62BW2,PRV-EGMCSQWZE2,,,,2024-03-26,2024-03-27,paid,generator,
CLM-8KAJXK5JNU,ambulance,MBR-DPYG8XMK2N,PRV-2RBJKMU8EL,,,,2024-08-13,2024-08-24,paid,generator,
CLM-H2SG6XP7Z9,pharmacy,MBR-4EXUHMWNNJ,PRV-E2KQR2ZK3Q,,,,2024-05-25,2024-05-27,paid,generator,
CLM-CMWHGKDQ3D,pharmacy,MBR-LKW3FJD9YF,PRV-E2KQR2ZK3Q,,,,2024-05-28,2024-06-01,paid,generator,
CLM-RR9CCSJKAY,ambulance,MBR-6RGUUNWJV3,PRV-LJD3M755ZS,,,,2024-04-12,2024-04-20,paid,generator,
CLM-2ZS8FF43GQ,pharmacy,MBR-YYH7PZ5M5C,PRV-Z84M5CG5BX,,,,2024-06-23,2024-07-05,paid,generator,
CLM-FCZ3H9C4ZG,home_health,MBR-5Y93Z8WGHW,PRV-GQ36BNJZ2W,,,,2024-09-10,2024-09-17,paid,generator,
CLM-TGXHYLFFFH,facility,MBR-HGL5QVCM22,PRV-QJ8CAJLGGT,FAC-HG5AVAWJLS,2024-02-03,2024-02-07,2024-02-07,2024-02-13,paid,generator,
CLM-ALGHQE7MUC,behavioral_health,MBR-NDAL8TYHG6,PRV-9HWCXGYGRP,,,,2024-05-16,2024-05-21,paid,generator,
CLM-2DWREFNGRR,professional,MBR-JJNSJXSGYB,PRV-52P4GQD2DS,,,,2024-09-12,2024-09-13,paid,generator,
CLM-A8T5DNHLS2,facility,MBR-ANBZTECZG4,PRV-GZWKQRABYX,FAC-FZ5P22Z29H,2024-03-28,2024-03-30,2024-04-26,2024-05-09,paid,generator,
CLM-MN8TZ4KZJD,home_health,MBR-4VYBTHF64D,PRV-R6UGAZC4XJ,,,,2024-06-13,2024-06-25,paid,generator,
CLM-SQHMFQR9AE,facility,MBR-7XEPY4R5EL,PRV-HP4BWL7QC4,FAC-HG5AVAWJLS,2024-07-11,2024-07-15,2024-08-24,2024-08-29,paid,generator,
CLM-NTQ57NA9YZ,ambulance,MBR-ENQHWRE4EM,PRV-KGZA99WKKT,,,,2024-02-26,2024-03-06,paid,generator,
CLM-Q7UND56MSX,home_health,MBR-XPGBTT2ECZ,PRV-5AE63K9XH5,,,,2024-07-30,2024-08-09,paid,generator,
CLM-92ACXNX5DS,home_health,MBR-KURT4X2XJU,PRV-5AE63K9XH5,,,,2024-09-28,2024-10-10,paid,generator,
CLM-P2QMN38HQE,dme,MBR-V2LNSJANZJ,PRV-LVGM3QWE3V,,,,2024-06-13,2024-06-18,paid,generator,
CLM-TTS3SKT8GV,behavioral_health,MBR-B8UH9BQB22,PRV-YHCS7YKNYQ,,,,2024-06-28,2024-07-07,paid,generator,
CLM-VZSYAFJ8N9,professional,MBR-79KLVNZGFB,PRV-EWJD2QDPA6,,,,2024-05-06,2024-05-18,paid,generator,
CLM-MZVP9JVTHF,ambulance,MBR-Q9XVDUN4EG,PRV-AEV55VW98C,,,,2024-02-08,2024-02-18,paid,generator,
CLM-AJVCJBMDPK,home_health,MBR-8QYV5748M9,PRV-GQ36BNJZ2W,,,,2024-08-15,2024-08-21,paid,generator,
CLM-9H3ZA7MLYP,ambulance,MBR-HX94GZSQRT,PRV-KGZA99WKKT,,,,2024-09-07,2024-09-14,paid,generator,
CLM-U9PRHKVB7G,professional,MBR-TEMED367ZE,PRV-CYX8UDJJ75,,,,2024-07-10,2024-07-11,paid,generator,
CLM-AYPQLF3GEH,dme,MBR-6R667HJXAJ,PRV-4TYA4STMB7,,,,2024-08-30,2024-09-11,paid,generator,
CLM-G2UAMUS7U8,ambulance,MBR-EKUMPKKR4M,PRV-KGZA99WKKT,,,,2024-08-12,2024-08-24,paid,generator,
CLM-CA2E3T83BM,behavioral_health,MBR-Y4DRB8SKCE,PRV-F63QP3FKES,,,,2024-07-30,2024-08-01,paid,generator,
CLM-REB3UH69W4,facility,MBR-ECH5HLTRCG,PRV-GZWKQRABYX,FAC-FZ5P22Z29H,2024-07-14,2024-07-18,2024-08-15,2024-08-27,paid,generator,
CLM-HYX8ACAELA,facility,MBR-NHZFV5F7YB,PRV-HP4BWL7QC4,FAC-FZ5P22Z29H,2024-04-11,2024-04-13,2024-05-23,2024-05-26,paid,generator,
CLM-MPL7A6YR3X,dme,MBR-BZNAEFCCUH,PRV-LVGM3QWE3V,,,,2024-04-01,2024-04-05,paid,generator,
CLM-WRSLTJ4BVE,laboratory,MBR-6KDHMRRDDG,PRV-TTYMZNZQCD,,,,2024-09-01,2024-09-07,paid,generator,
CLM-6GWZRL3Z27,pharmacy,MBR-EKUMPKKR4M,PRV-F2HS2XPZAV,,,,2024-03-01,2024-03-04,paid,generator,
CLM-N37NW6WA3P,dme,MBR-J39SZ2P3P6,PRV-4TYA4STMB7,,,,2024-08-24,2024-08-30,paid,generator,
CLM-MTSDUF68H6,behavioral_health,MBR-XMN8XNZMG2,PRV-F63QP3FKES,,,,2024-04-16,2024-04-28,paid,generator,
CLM-JKLATDRM8U,ambulance,MBR-YTRN8M4CTJ,PRV-AEV55VW98C,,,,2024-05-01,2024-05-14,paid,generator,
CLM-P7PATAAXH5,facility,MBR-59N7KMSMAY,PRV-LEVZRZGE33,FAC-HG5AVAWJLS,2024-04-12,2024-04-16,2024-04-29,2024-05-01,paid,generator,
CLM-7R7KT7D83L,facility,MBR-BDY6GKJ6LW,PRV-H9LG5VAJ3J,FAC-HG5AVAWJLS,2024-06-06,2024-06-08,2024-06-13,2024-06-24,paid,generator,
CLM-LETMCSGYCN,behavioral_health,MBR-J39SZ2P3P6,PRV-EGMCSQWZE2,,,,2024-03-19,2024-03-20,paid,generator,
CLM-FQ834CVSUB,facility,MBR-9VKQVB9R83,PRV-H9LG5VAJ3J,FAC-HG5AVAWJLS,2024-03-14,2024-03-15,2024-04-24,2024-05-04,paid,generator,
CLM-UGRDJGW69N,professional,MBR-B8UH9BQB22,PRV-DVP5UVKXMG,,,,2024-08-14,2024-08-19,paid,generator,
CLM-V33TMA9RX4,pharmacy,MBR-S7Z8C8UNTB,PRV-NNZAMXRZ52,,,,2024-08-27,2024-08-31,paid,generator,
CLM-287DLFDWAB,professional,MBR-DJLLB54X78,PRV-52P4GQD2DS,,,,2024-03-31,2024-04-06,paid,generator,
CLM-K63FEA9ZHB,behavioral_health,MBR-AEENY3383J,PRV-YHCS7YKNYQ,,,,2024-06-15,2024-06-21,paid,generator,
CLM-VR2SNCZPRW,behavioral_health,MBR-ZL5Q6EFMAR,PRV-F63QP3FKES,,,,2024-02-21,2024-02-25,paid,generator,
CLM-LJZ7P3YXDK,facility,MBR-UC38TQGQU2,PRV-GZWKQRABYX,FAC-HG5AVAWJLS,2024-06-25,2024-06-27,2024-07-17,2024-07-25,paid,generator,
CLM-YCZNLATV4F,laboratory,MBR-2NR27KXVV3,PRV-DLK2K6289C,,,,2024-01-07,2024-01-11,paid,generator,
CLM-7BBMH6WJWN,dme,MBR-UCEQYHF3V4,PRV-KB3DDTGVSY,,,,2024-06-01,2024-06-13,paid,generator,
CLM-EJX6KLQK65,home_health,MBR-FYPQ73DHJX,PRV-5AE63K9XH5,,,,2024-04-05,2024-04-06,paid,generator,
CLM-Q3G9KH2ZMM,behavioral_health,MBR-N22Z5YSZ3U,PRV-EGMCSQWZE2,,,,2024-04-25,2024-04-26,paid,generator,
CLM-8847LVSMHV,professional,MBR-ZL5Q6EFMAR,PRV-CYX8UDJJ75,,,,2024-06-19,2024-06-25,paid,generator,
CLM-XLCECDUZP3,home_health,MBR-NDAL8TYHG6,PRV-ZU6YL2HNHH,,,,2024-02-13,2024-02-24,paid,generator,
CLM-8ZV7NBUBTH,professional,MBR-69CJDM2UQG,PRV-EWJD2QDPA6,,,,2024-04-02,2024-04-04,paid,generator,
CLM-NAPTU44J9A,professional,MBR-NP25PG6T7N,PRV-DVP5UVKXMG,,,,2024-02-21,2024-02-29,paid,generator,
CLM-UR9V8VH5E3,home_health,MBR-UTSSCND564,PRV-5AE63K9XH5,,,,2024-08-21,2024-09-02,paid,generator,
CLM-6YEC2VVDZP,ambulance,MBR-QFQ7K875L3,PRV-AEV55VW98C,,,,2024-07-01,2024-07-14,paid,generator,
CLM-YXWBJBMUVA,professional,MBR-69CJDM2UQG,PRV-52P4GQD2DS,,,,2024-06-01,2024-06-14,paid,generator,
CLM-9PE6GJMZ8J,facility,MBR-S483KN937H,PRV-HP4BWL7QC4,FAC-FZ5P22Z29H,2024-02-18,2024-02-20,2024-03-02,2024-03-08,paid,generator,
CLM-3A286SH6EM,behavioral_health,MBR-4KTNS62BW2,PRV-EGMCSQWZE2,,,,2024-07-29,2024-07-31,paid,generator,
CLM-YRMWU2F383,laboratory,MBR-QFQ7K875L3,PRV-96KL4VD67A,,,,2024-05-14,2024-05-24,paid,generator,
CLM-H8KX2VDMFE,home_health,MBR-R5AEQFFAJ2,PRV-ZU6YL2HNHH,,,,2024-03-09,2024-03-16,paid,generator,
CLM-A4X6JLNEM5,pharmacy,MBR-PETFJK9QT7,PRV-NNZAMXRZ52,,,,2024-08-05,2024-08-17,paid,generator,
CLM-3J47QW74JM,behavioral_health,MBR-KQZHQZB89K,PRV-YHCS7YKNYQ,,,,2024-06-08,2024-06-11,paid,generator,
CLM-CVWVMS3GKF,dme,MBR-L3J58QSDDG,PRV-4TYA4STMB7,,,,2024-09-04,2024-09-15,paid,generator,
CLM-LBZUY3L7NJ,behavioral_health,MBR-AEENY3383J,PRV-YHCS7YKNYQ,,,,2024-03-22,2024-03-26,paid,generator,
CLM-UKDXS9YS4P,professional,MBR-LYUPA4MC8N,PRV-DVP5UVKXMG,,,,2024-08-18,2024-08-25,paid,generator,
CLM-LZC5TYXB96,laboratory,MBR-KURT4X2XJU,PRV-96KL4VD67A,,,,2024-03-24,2024-04-01,paid,generator,
CLM-HB3L4MVZAC,pharmacy,MBR-UC38TQGQU2,PRV-P8SZX5BYHL,,,,2024-08-20,2024-08-30,paid,generator,
CLM-TGRRC8ENMS,professional,MBR-26AVMXYZBB,PRV-52P4GQD2DS,,,,2024-06-12,2024-06-19,paid,generator,
CLM-Z3ZW4FMJVL,professional,MBR-JJNSJXSGYB,PRV-EWJD2QDPA6,,,,2024-02-27,2024-03-07,paid,generator,
CLM-TNXAVPLR5J,professional,MBR-YTRN8M4CTJ,PRV-DVP5UVKXMG,,,,2024-08-23,2024-09-05,paid,generator,
CLM-8H2CFJR2KQ,home_health,MBR-4VYBTHF64D,PRV-ZU6YL2HNHH,,,,2024-03-14,2024-03-16,paid,generator,
CLM-3SVZPCY5LE,facility,MBR-2NR27KXVV3,PRV-H9LG5VAJ3J,FAC-HG5AVAWJLS,2024-02-21,2024-02-23,2024-04-02,2024-04-04,paid,generator,
CLM-2VWRTRYVGL,pharmacy,MBR-EL4SD7SMBU,PRV-E2KQR2ZK3Q,,,,2024-02-23,2024-03-06,paid,generator,
CLM-KD2HXALFR5,professional,MBR-S7Z8C8UNTB,PRV-EWJD2QDPA6,,,,2024-07-24,2024-08-05,paid,generator,
CLM-V6YY5ATXSX,dme,MBR-ARSHMU22CN,PRV-FYQT8W8H8G,,,,2024-06-28,2024-07-03,paid,generator,
CLM-EGB3C2UB64,home_health,MBR-B9S4DFFU5V,PRV-5AE63K9XH5,,,,2024-04-23,2024-04-24,paid,generator,
CLM-YWVHB4MJZR,behavioral_health,MBR-ETZVH7W6AB,PRV-EGMCSQWZE2,,,,2024-02-12,2024-02-23,paid,generator,
CLM-F3Q9CF725Q,facility,MBR-V9VF74MPX3,PRV-HP4BWL7QC4,FAC-HG5AVAWJLS,2024-08-20,2024-08-22,2024-09-18,2024-09-30,paid,generator,
CLM-T3ZY8CUPWT,behavioral_health,MBR-HX94GZSQRT,PRV-9HWCXGYGRP,,,,2024-02-17,2024-02-21,paid,generator,
CLM-QZMD7N95RW,behavioral_health,MBR-3ULHAGK6SG,PRV-YHCS7YKNYQ,,,,2024-06-27,2024-07-04,paid,generator,
CLM-EDBEBK8CHA,laboratory,MBR-JJNSJXSGYB,PRV-96KL4VD67A,,,,2024-08-29,2024-09-11,paid,generator,
CLM-2S8EBSE69S,behavioral_health,MBR-XPGBTT2ECZ,PRV-EGMCSQWZE2,,,,2024-08-23,2024-08-29,paid,generator,
CLM-BZM5JWYQ7M,home_health,MBR-4MXTKGTLSY,PRV-GQ36BNJZ2W,,,,2024-05-28,2024-06-07,paid,generator,
CLM-L8MY26S2YM,ambulance,MBR-BDY6GKJ6LW,PRV-AEV55VW98C,,,,2024-09-05,2024-09-14,paid,generator,
CLM-XNM3A8V6EF,behavioral_health,MBR-63JAR5TFRQ,PRV-F63QP3FKES,,,,2024-04-23,2024-04-26,paid,generator,
CLM-M9U5MF2DTN,facility,MBR-2NR27KXVV3,PRV-QJ8CAJLGGT,FAC-FZ5P22Z29H,2024-01-01,2024-01-05,2024-01-02,2024-01-07,paid,generator,
CLM-57WTNLJNH9,home_health,MBR-Q9XVDUN4EG,PRV-GQ36BNJZ2W,,,,2024-08-06,2024-08-18,paid,generator,
CLM-Y5CZDSMYVR,pharmacy,MBR-YQDXZC2T45,PRV-P8SZX5BYHL,,,,2024-05-17,2024-05-29,paid,generator,
CLM-3XMKKYFDJ9,facility,MBR-Y6AVHN8W6G,PRV-LEVZRZGE33,FAC-HG5AVAWJLS,2024-08-03,2024-08-06,2024-08-09,2024-08-20,paid,generator,
CLM-YPTWNFHW5N,behavioral_health,MBR-FV7G6UXLBA,PRV-EGMCSQWZE2,,,,2024-03-15,2024-03-22,paid,generator,
CLM-NTQY8HXFJ3,facility,MBR-B9S4DFFU5V,PRV-QJ8CAJLGGT,FAC-HG5AVAWJLS,2024-07-21,2024-07-25,2024-07-30,2024-08-10,paid,generator,
CLM-Z37JEDDMQ4,laboratory,MBR-DJLLB54X78,PRV-TTYMZNZQCD,,,,2024-06-29,2024-07-07,paid,generator,
CLM-S5BGGNFEA5,professional,MBR-9NLNH78NEA,PRV-DVP5UVKXMG,,,,2024-05-05,2024-05-16,paid,generator,
CLM-8T9E2V2YVL,dme,MBR-XVAD9JHUZ8,PRV-4TYA4STMB7,,,,2024-02-14,2024-02-16,paid,generator,
CLM-5DETMXM2LS,dme,MBR-5Y93Z8WGHW,PRV-FYQT8W8H8G,,,,2024-09-29,2024-10-09,paid,generator,
CLM-63C7JFKW28,behavioral_health,MBR-KXFLG7CTRT,PRV-EGMCSQWZE2,,,,2024-09-01,2024-09-06,paid,generator,
CLM-7SLXJ9REZC,pharmacy,MBR-KQZHQZB89K,PRV-P8SZX5BYHL,,,,2024-09-08,2024-09-13,paid,generator,
CLM-L5VXAMM449,professional,MBR-PETFJK9QT7,PRV-HC5CWNTSHD,,,,2024-04-22,2024-04-24,paid,generator,
CLM-YYHXTBAGCC,behavioral_health,MBR-4VYBTHF64D,PRV-9HWCXGYGRP,,,,2024-08-01,2024-08-13,paid,generator,
CLM-7NQEJ7LQCD,professional,MBR-8MK5KHJNCW,PRV-EWJD2QDPA6,,,,2024-09-04,2024-09-14,paid,generator,
CLM-GD396X3QJX,professional,MBR-KXFLG7CTRT,PRV-DVP5UVKXMG,,,,2024-07-26,2024-08-08,paid,generator,
CLM-G9PSXD9PPX,laboratory,MBR-3ULHAGK6SG,PRV-GG7BBL7G9L,,,,2024-08-14,2024-08-21,paid,generator,
CLM-7G3NSNLWVC,pharmacy,MBR-FVQXNKE82Q,PRV-P8SZX5BYHL,,,,2024-01-26,2024-02-06,paid,generator,
CLM-GZG9FFBSHX,facility,MBR-V9VF74MPX3,PRV-H9LG5VAJ3J,FAC-FZ5P22Z29H,2024-04-03,2024-04-04,2024-05-05,2024-05-14,paid,generator,
CLM-WUQRYCXBBD,behavioral_health,MBR-EL4SD7SMBU,PRV-EGMCSQWZE2,,,,2024-03-25,2024-04-06,paid,generator,
CLM-THLDKMZNDH,professional,MBR-BL5PTDN9TA,PRV-CYX8UDJJ75,,,,2024-03-19,2024-03-28,paid,generator,
CLM-HFJZSKFQPA,professional,MBR-VPC7RKBDT2,PRV-HC5CWNTSHD,,,,2024-05-09,2024-05-14,paid,generator,
CLM-R3SDRF95MU,ambulance,MBR-6RGUUNWJV3,PRV-KGZA99WKKT,,,,2024-02-20,2024-02-22,paid,generator,
CLM-68WC54MH7L,laboratory,MBR-EFTCWLP65R,PRV-DLK2K6289C,,,,2024-07-02,2024-07-04,paid,generator,
CLM-XY7G9VQX8B,pharmacy,MBR-26AVMXYZBB,PRV-P8SZX5BYHL,,,,2024-06-22,2024-06-30,paid,generator,
CLM-R6D8CSKZKL,professional,MBR-W33FF9PGW5,PRV-EWJD2QDPA6,,,,2024-03-31,2024-04-02,paid,generator,
CLM-5QHXPMC38A,laboratory,MBR-HX94GZSQRT,PRV-6LZYWNNT2J,,,,2024-09-12,2024-09-19,paid,generator,
CLM-TFLW5UNMPG,facility,MBR-9VKQVB9R83,PRV-GZWKQRABYX,FAC-HG5AVAWJLS,2024-02-24,2024-02-27,2024-02-26,2024-03-02,paid,generator,
CLM-ABXK3LMX3F,behavioral_health,MBR-HGL5QVCM22,PRV-9HWCXGYGRP,,,,2024-07-10,2024-07-19,paid,generator,
CLM-BRBHR8Q25G,professional,MBR-ZQX5ZKU3UK,PRV-DVP5UVKXMG,,,,2024-04-07,2024-04-10,paid,generator,
CLM-6Z5U9HN5UD,professional,MBR-LJX3UFVHQR,PRV-52P4GQD2DS,,,,2024-04-03,2024-04-04,paid,generator,
CLM-FX4SH5VLK9,dme,MBR-FR9SUZRQYE,PRV-FYQT8W8H8G,,,,2024-02-04,2024-02-09,paid,generator,
CLM-RH6HZSAEFX,pharmacy,MBR-TJZA2TZN6S,PRV-P8SZX5BYHL,,,,2024-05-11,2024-05-14,paid,generator,
CLM-6BAA5SBFJB,professional,MBR-4EXUHMWNNJ,PRV-DVP5UVKXMG,,,,2024-04-27,2024-05-07,paid,generator,
CLM-Z9R6PKZRE7,facility,MBR-9VKQVB9R83,PRV-QJ8CAJLGGT,FAC-FZ5P22Z29H,2024-02-24,2024-02-26,2024-03-09,2024-03-21,paid,generator,
CLM-DQ9WGZZMQ6,ambulance,MBR-4C2VNKWGF5,PRV-AEV55VW98C,,,,2024-06-02,2024-06-15,paid,generator,
CLM-FRDAADLBQL,professional,MBR-3DKU3QY3W4,PRV-52P4GQD2DS,,,,2024-04-17,2024-04-20,paid,generator,
CLM-4KF2MGP9CA,professional,MBR-69CJDM2UQG,PRV-EWJD2QDPA6,,,,2024-04-18,2024-04-29,paid,generator,
CLM-3G7BHNRA3K,dme,MBR-9NLNH78NEA,PRV-LVGM3QWE3V,,,,2024-04-17,2024-04-19,paid,generator,
CLM-2QLGH95JU3,pharmacy,MBR-ZQX5ZKU3UK,PRV-NNZAMXRZ52,,,,2024-06-04,2024-06-08,paid,generator,
CLM-G8FV3N2TJ3,home_health,MBR-7XEPY4R5EL,PRV-5AE63K9XH5,,,,2024-06-14,2024-06-15,paid,generator,
CLM-9SEFRZ54YZ,professional,MBR-ZL5Q6EFMAR,PRV-HC5CWNTSHD,,,,2024-07-24,2024-08-05,paid,generator,
CLM-TYHU79EVQN,home_health,MBR-9PQ5QXMXV9,PRV-ZU6YL2HNHH,,,,2024-08-01,2024-08-04,paid,generator,
CLM-RH9E2UR4Z4,laboratory,MBR-EFTCWLP65R,PRV-GG7BBL7G9L,,,,2024-03-12,2024-03-16,paid,generator,
CLM-GHYM2VSRNK,professional,MBR-8QYV5748M9,PRV-CYX8UDJJ75,,,,2024-03-23,2024-04-01,paid,generator,
CLM-PVPAGSMK56,professional,MBR-BL5PTDN9TA,PRV-HC5CWNTSHD,,,,2024-02-20,2024-03-02,paid,generator,
CLM-SNK4Z2WPT2,dme,MBR-23FN74V9L5,PRV-KB3DDTGVSY,,,,2024-05-03,2024-05-12,paid,generator,
CLM-F5N4W2MXHW,ambulance,MBR-FVQXNKE82Q,PRV-AEV55VW98C,,,,2024-07-31,2024-08-11,paid,generator,
CLM-M8KAN4C9ZA,professional,MBR-FZQYV4SKXX,PRV-CYX8UDJJ75,,,,2024-08-25,2024-09-03,paid,generator,
CLM-7UFAJ6A3LE,behavioral_health,MBR-KSC4HVJFFY,PRV-F63QP3FKES,,,,2024-03-22,2024-03-25,paid,generator,
CLM-C999JPZNXR,professional,MBR-SYWRT9N83F,PRV-CYX8UDJJ75,,,,2024-04-29,2024-05-07,paid,generator,
CLM-2PY4973WDM,behavioral_health,MBR-63JAR5TFRQ,PRV-9HWCXGYGRP,,,,2024-07-20,2024-07-24,paid,generator,
CLM-EM623NMFTV,facility,MBR-FZQYV4SKXX,PRV-QJ8CAJLGGT,FAC-HG5AVAWJLS,2024-06-23,2024-06-26,2024-07-11,2024-07-17,paid,generator,
CLM-U2SA652UZA,professional,MBR-FYPQ73DHJX,PRV-EWJD2QDPA6,,,,2024-06-19,2024-06-30,paid,generator,
CLM-BZ4XVSCXCF,dme,MBR-4C2VNKWGF5,PRV-LVGM3QWE3V,,,,2024-07-13,2024-07-14,paid,generator,
CLM-8RY5E6UEFH,professional,MBR-UTSSCND564,PRV-CYX8UDJJ75,,,,2024-06-16,2024-06-27,paid,generator,
CLM-6E9BM7RNKX,professional,MBR-HGL5QVCM22,PRV-CYX8UDJJ75,,,,2024-05-14,2024-05-17,paid,generator,
CLM-NCYXC33874,pharmacy,MBR-9NLNH78NEA,PRV-F2HS2XPZAV,,,,2024-08-15,2024-08-28,paid,generator,
CLM-TYXYGFZUHF,ambulance,MBR-ANBZTECZG4,PRV-2RBJKMU8EL,,,,2024-03-29,2024-04-08,paid,generator,
CLM-NHJG5TCPKL,professional,MBR-EL4SD7SMBU,PRV-EWJD2QDPA6,,,,2024-05-02,2024-05-14,paid,generator,
CLM-BQJURAV4JS,pharmacy,MBR-BUL4LEDKWE,PRV-F2HS2XPZAV,,,,2024-08-08,2024-08-09,paid,generator,
CLM-5WLQE275TT,professional,MBR-8MK5KHJNCW,PRV-52P4GQD2DS,,,,2024-07-09,2024-07-21,paid,generator,
CLM-VSEQY3NU2Z,behavioral_health,MBR-26AVMXYZBB,PRV-F63QP3FKES,,,,2024-02-15,2024-02-22,paid,generator,
CLM-XKFDR3DPGT,home_health,MBR-3DKU3QY3W4,PRV-GQ36BNJZ2W,,,,2024-08-27,2024-09-06,paid,generator,
CLM-BS9XYZWEW7,laboratory,MBR-B8UH9BQB22,PRV-GG7BBL7G9L,,,,2024-09-09,2024-09-13,paid,generator,
CLM-TXQBAWSJPQ,pharmacy,MBR-7XEPY4R5EL,PRV-NNZAMXRZ52,,,,2024-03-28,2024-03-29,paid,generator,
CLM-GMRSZD6LNH,home_health,MBR-59N7KMSMAY,PRV-ZU6YL2HNHH,,,,2024-02-10,2024-02-16,paid,generator,
CLM-9WHQWLXNKZ,home_health,MBR-S7Z8C8UNTB,PRV-5AE63K9XH5,,,,2024-04-26,2024-04-28,paid,generator,
CLM-RHYCK5Y33P,home_health,MBR-PSVVP9RXXN,PRV-GQ36BNJZ2W,,,,2024-07-30,2024-08-05,paid,generator,
CLM-F9VRQDRGVL,professional,MBR-9VKQVB9R83,PRV-EWJD2QDPA6,,,,2024-08-01,2024-08-12,paid,generator,
CLM-AAQ8D7KAYQ,ambulance,MBR-HX94GZSQRT,PRV-2RBJKMU8EL,,,,2024-02-28,2024-03-12,paid,generator,
CLM-2TF3BFG8LJ,behavioral_health,MBR-XMN8XNZMG2,PRV-YHCS7YKNYQ,,,,2024-09-05,2024-09-15,paid,generator,
CLM-HSLLET3494,behavioral_health,MBR-NP25PG6T7N,PRV-F63QP3FKES,,,,2024-02-23,2024-02-27,paid,generator,
CLM-DB4XUY5DNP,dme,MBR-J39SZ2P3P6,PRV-4TYA4STMB7,,,,2024-01-22,2024-01-28,paid,generator,
CLM-V545AVB3QW,pharmacy,MBR-FV7G6UXLBA,PRV-Z84M5CG5BX,,,,2024-05-25,2024-06-05,paid,generator,
CLM-S2NSHREPSQ,dme,MBR-QBR4HDNJC7,PRV-4TYA4STMB7,,,,2024-03-31,2024-04-09,paid,generator,
CLM-CN3MGGSHJX,pharmacy,MBR-W33FF9PGW5,PRV-NNZAMXRZ52,,,,2024-06-26,2024-07-01,paid,generator,
CLM-LVRV2ZUW4H,dme,MBR-PSVVP9RXXN,PRV-FYQT8W8H8G,,,,2024-02-02,2024-02-15,paid,generator,
CLM-VPX2XKHFYE,behavioral_health,MBR-4EXUHMWNNJ,PRV-YHCS7YKNYQ,,,,2024-05-30,2024-06-08,paid,generator,
CLM-NS89JWPDS3,dme,MBR-JZTGZW6TE6,PRV-KB3DDTGVSY,,,,2024-03-17,2024-03-18,paid,generator,
CLM-92VW72TZQG,facility,MBR-8QYV5748M9,PRV-H9LG5VAJ3J,FAC-FZ5P22Z29H,2024-02-09,2024-02-10,2024-03-10,2024-03-20,paid,generator,
CLM-HU9HNSPQQJ,laboratory,MBR-V2LNSJANZJ,PRV-DLK2K6289C,,,,2024-08-26,2024-08-30,paid,generator,
CLM-G63YD885Z6,behavioral_health,MBR-VPC7RKBDT2,PRV-EGMCSQWZE2,,,,2024-07-12,2024-07-21,paid,generator,
CLM-JCTBBGYKAA,dme,MBR-BZNAEFCCUH,PRV-KB3DDTGVSY,,,,2024-03-29,2024-04-09,paid,generator,
CLM-6EDTPCSBW2,professional,MBR-7XEPY4R5EL,PRV-CYX8UDJJ75,,,,2024-09-29,2024-10-06,paid,generator,
CLM-VWKC3VHKUK,laboratory,MBR-YQDXZC2T45,PRV-DLK2K6289C,,,,2024-08-01,2024-08-02,paid,generator,
CLM-QN9EJ5PPDX,facility,MBR-LKW3FJD9YF,PRV-GZWKQRABYX,FAC-FZ5P22Z29H,2024-03-23,2024-03-26,2024-03-30,2024-04-06,paid,generator,
CLM-XNAZM2LJBZ,professional,MBR-Q56D234924,PRV-HC5CWNTSHD,,,,2024-06-24,2024-07-03,paid,generator,
CLM-SV6DUMK6G6,behavioral_health,MBR-ECH5HLTRCG,PRV-EGMCSQWZE2,,,,2024-07-15,2024-07-28,paid,generator,
CLM-3SJ8KFNRH8,facility,MBR-UC38TQGQU2,PRV-LEVZRZGE33,FAC-HG5AVAWJLS,2024-05-31,2024-06-02,2024-06-16,2024-06-19,paid,generator,
CLM-TZB2DTEN8H,behavioral_health,MBR-7XEPY4R5EL,PRV-EGMCSQWZE2,,,,2024-05-27,2024-06-01,paid,generator,
CLM-RSW9RB5N27,professional,MBR-S483KN937H,PRV-CYX8UDJJ75,,,,2024-01-24,2024-02-05,paid,generator,
CLM-A26NZFR5R9,laboratory,MBR-6RGUUNWJV3,PRV-TTYMZNZQCD,,,,2024-06-29,2024-07-03,paid,generator,
CLM-LM5DFNJ9MC,home_health,MBR-YQDXZC2T45,PRV-5AE63K9XH5,,,,2024-07-18,2024-07-30,paid,generator,
CLM-2ZA8P4QZNV,behavioral_health,MBR-DPYG8XMK2N,PRV-9HWCXGYGRP,,,,2024-04-29,2024-05-01,paid,generator,
CLM-HGZV3CQX35,professional,MBR-8MK5KHJNCW,PRV-CYX8UDJJ75,,,,2024-05-10,2024-05-12,paid,generator,
CLM-DMT86ZY5SJ,professional,MBR-KXFLG7CTRT,PRV-DVP5UVKXMG,,,,2024-06-01,2024-06-07,paid,generator,
CLM-92UR3NY8SQ,behavioral_health,MBR-LJX3UFVHQR,PRV-F63QP3FKES,,,,2024-08-29,2024-09-03,paid,generator,
CLM-9Q7LM9KTWB,ambulance,MBR-5C38HCEB3B,PRV-AEV55VW98C,,,,2024-04-25,2024-04-30,paid,generator,
CLM-S55KKX26X5,home_health,MBR-P42BUQXM3S,PRV-R6UGAZC4XJ,,,,2024-08-04,2024-08-07,paid,generator,
CLM-CQF383GS52,pharmacy,MBR-5C38HCEB3B,PRV-P8SZX5BYHL,,,,2024-07-04,2024-07-17,paid,generator,
CLM-L8JNU6LUSK,professional,MBR-UQYW382EA8,PRV-EWJD2QDPA6,,,,2024-02-18,2024-03-02,paid,generator,
CLM-7G5HZY846U,pharmacy,MBR-N22Z5YSZ3U,PRV-NNZAMXRZ52,,,,2024-08-17,2024-08-24,paid,generator,
CLM-ZRJTCPY97R,ambulance,MBR-63JAR5TFRQ,PRV-LJD3M755ZS,,,,2024-04-14,2024-04-19,paid,generator,
CLM-PXD9X455FE,facility,MBR-UC38TQGQU2,PRV-QJ8CAJLGGT,FAC-HG5AVAWJLS,2024-02-24,2024-02-25,2024-03-14,2024-03-24,paid,generator,
CLM-3SET3QJCF5,ambulance,MBR-BL5PTDN9TA,PRV-LJD3M755ZS,,,,2024-03-11,2024-03-24,paid,generator,
CLM-KLDPZXUG34,home_health,MBR-JZTGZW6TE6,PRV-GQ36BNJZ2W,,,,2024-06-15,2024-06-21,paid,generator,
CLM-ABX2UAJ3X6,behavioral_health,MBR-UTSSCND564,PRV-YHCS7YKNYQ,,,,2024-04-23,2024-04-26,paid,generator,
CLM-Y3A3WZ54BU,pharmacy,MBR-MPY7DCHPFS,PRV-F2HS2XPZAV,,,,2024-03-18,2024-03-24,paid,generator,
CLM-7SUWKAXLTE,professional,MBR-SYWRT9N83F,PRV-HC5CWNTSHD,,,,2024-07-13,2024-07-26,paid,generator,
CLM-9JPFR53HJK,dme,MBR-BZNAEFCCUH,PRV-FYQT8W8H8G,,,,2024-08-02,2024-08-06,paid,generator,
CLM-ERHXWL79NX,professional,MBR-ARSHMU22CN,PRV-EWJD2QDPA6,,,,2024-07-29,2024-08-06,paid,generator,
CLM-GU5PRMZ6G3,laboratory,MBR-NP25PG6T7N,PRV-TTYMZNZQCD,,,,2024-07-22,2024-07-28,paid,generator,
CLM-427T966BKE,facility,MBR-9NLNH78NEA,PRV-QJ8CAJLGGT,FAC-HG5AVAWJLS,2024-01-23,2024-01-27,2024-02-23,2024-02-24,paid,generator,
CLM-GRU7KEAKBF,dme,MBR-KURT4X2XJU,PRV-FYQT8W8H8G,,,,2024-01-16,2024-01-25,paid,generator,
CLM-EA3MEZ8FZZ,home_health,MBR-H5PBWV7T3H,PRV-R6UGAZC4XJ,,,,2024-05-25,2024-06-02,paid,generator,
CLM-KZ38UGLVGW,behavioral_health,MBR-LJX3UFVHQR,PRV-YHCS7YKNYQ,,,,2024-03-22,2024-04-02,paid,generator,
CLM-YDWHN5RFHF,ambulance,MBR-LYUPA4MC8N,PRV-LJD3M755ZS,,,,2024-05-04,2024-05-17,paid,generator,
CLM-EAPU6ZE2MN,facility,MBR-ECH5HLTRCG,PRV-QJ8CAJLGGT,FAC-FZ5P22Z29H,2024-04-16,2024-04-18,2024-05-09,2024-05-10,paid,generator,
CLM-JUJHYQ4KPB,professional,MBR-Q56D234924,PRV-CYX8UDJJ75,,,,2024-02-20,2024-03-02,paid,generator,
CLM-65WL8SFKRW,pharmacy,MBR-3ULHAGK6SG,PRV-P8SZX5BYHL,,,,2024-06-04,2024-06-09,paid,generator,
CLM-V5Q2RY7AAE,dme,MBR-YQDXZC2T45,PRV-LVGM3QWE3V,,,,2024-08-28,2024-09-01,paid,generator,
CLM-WW5JD2QW9Y,dme,MBR-5Y93Z8WGHW,PRV-LVGM3QWE3V,,,,2024-07-16,2024-07-20,paid,generator,
CLM-JQNTUNQAX7,home_health,MBR-Q9XVDUN4EG,PRV-GQ36BNJZ2W,,,,2024-06-09,2024-06-18,paid,generator,
CLM-ZH45QWPHLH,pharmacy,MBR-LSWYAWLX8N,PRV-P8SZX5BYHL,,,,2024-08-23,2024-08-27,paid,generator,
CLM-V35K5U5SPA,facility,MBR-63JAR5TFRQ,PRV-H9LG5VAJ3J,FAC-HG5AVAWJLS,2024-06-03,2024-06-07,2024-06-15,2024-06-18,paid,generator,
CLM-L4M747C5BV,professional,MBR-FYPQ73DHJX,PRV-DVP5UVKXMG,,,,2024-08-04,2024-08-11,paid,generator,
CLM-N6PGH8F6RD,ambulance,MBR-3ULHAGK6SG,PRV-AEV55VW98C,,,,2024-03-09,2024-03-16,paid,generator,
CLM-76TK6BURPN,pharmacy,MBR-5Y93Z8WGHW,PRV-P8SZX5BYHL,,,,2024-05-04,2024-05-10,paid,generator,
CLM-3Y8UDWWGWL,professional,MBR-9NLNH78NEA,PRV-52P4GQD2DS,,,,2024-09-21,2024-10-02,paid,generator,
CLM-6Z2L8XZ2RK,professional,MBR-4VB4MXWWPN,PRV-CYX8UDJJ75,,,,2024-04-19,2024-04-22,paid,generator,
CLM-PGCDUQV9J6,professional,MBR-ECH5HLTRCG,PRV-EWJD2QDPA6,,,,2024-04-16,2024-04-19,paid,generator,
CLM-LDY8CUNMBL,behavioral_health,MBR-QN2SK6VX4D,PRV-YHCS7YKNYQ,,,,2024-07-03,2024-07-05,paid,generator,
CLM-2CMTLJ8AQ9,ambulance,MBR-26AVMXYZBB,PRV-LJD3M755ZS,,,,2024-08-05,2024-08-09,paid,generator,
CLM-KHR8TRNY44,laboratory,MBR-VPC7RKBDT2,PRV-6LZYWNNT2J,,,,2024-01-22,2024-01-28,paid,generator,
CLM-3AWATB4TD6,behavioral_health,MBR-ZLNPJ2MYTP,PRV-EGMCSQWZE2,,,,2024-01-13,2024-01-26,paid,generator,
CLM-HJC7LH4CYF,laboratory,MBR-ETZVH7W6AB,PRV-96KL4VD67A,,,,2024-08-06,2024-08-15,paid,generator,
CLM-ELXUB5UBGG,facility,MBR-EKUMPKKR4M,PRV-HP4BWL7QC4,FAC-HG5AVAWJLS,2024-06-11,2024-06-15,2024-07-19,2024-07-21,paid,generator,
CLM-U2338CMJFZ,home_health,MBR-63JAR5TFRQ,PRV-GQ36BNJZ2W,,,,2024-04-13,2024-04-23,paid,generator,
CLM-X6JKVEKKPJ,behavioral_health,MBR-63JAR5TFRQ,PRV-EGMCSQWZE2,,,,2024-07-22,2024-07-31,paid,generator,
CLM-F3ZGYKZP8T,professional,MBR-85TW3PXGVH,PRV-HC5CWNTSHD,,,,2024-04-29,2024-05-12,paid,generator,
CLM-7CLACBC4JS,professional,MBR-KQZHQZB89K,PRV-DVP5UVKXMG,,,,2024-06-17,2024-06-23,paid,generator,
CLM-G2CZ8L28XK,home_health,MBR-4KTNS62BW2,PRV-GQ36BNJZ2W,,,,2024-06-15,2024-06-22,paid,generator,
CLM-52ZNUXBF3J,home_health,MBR-V2LNSJANZJ,PRV-ZU6YL2HNHH,,,,2024-08-30,2024-08-31,paid,generator,
CLM-E82DFTYQJW,laboratory,MBR-63JAR5TFRQ,PRV-DLK2K6289C,,,,2024-05-14,2024-05-17,paid,generator,
CLM-NJKTTSX2UG,professional,MBR-B9S4DFFU5V,PRV-HC5CWNTSHD,,,,2024-07-09,2024-07-22,paid,generator,
CLM-35WSQ56HBH,laboratory,MBR-ZLNPJ2MYTP,PRV-DLK2K6289C,,,,2024-03-27,2024-04-01,paid,generator,
CLM-3VXG46VJ69,home_health,MBR-63JAR5TFRQ,PRV-R6UGAZC4XJ,,,,2024-09-03,2024-09-13,paid,generator,
CLM-TQHYZPVQWS,dme,MBR-QN2SK6VX4D,PRV-LVGM3QWE3V,,,,2024-02-15,2024-02-17,paid,generator,
CLM-NNYLW55UHS,professional,MBR-79KLVNZGFB,PRV-DVP5UVKXMG,,,,2024-03-26,2024-03-27,paid,generator,
CLM-98SCH7E2QQ,professional,MBR-26AVMXYZBB,PRV-EWJD2QDPA6,,,,2024-03-03,2024-03-15,paid,generator,
CLM-XKRWG4DY2C,ambulance,MBR-8QYV5748M9,PRV-AEV55VW98C,,,,2024-06-14,2024-06-18,paid,generator,
CLM-UJN8MM9C4K,laboratory,MBR-TJZA2TZN6S,PRV-GG7BBL7G9L,,,,2024-06-08,2024-06-21,paid,generator,
CLM-JNG89GT877,professional,MBR-4C2VNKWGF5,PRV-HC5CWNTSHD,,,,2024-07-25,2024-07-30,paid,generator,
CLM-4WAFW9GMTW,laboratory,MBR-V9VF74MPX3,PRV-TTYMZNZQCD,,,,2024-08-19,2024-08-23,paid,generator,
CLM-PYUP3L3CT5,home_health,MBR-HGL5QVCM22,PRV-ZU6YL2HNHH,,,,2024-05-28,2024-05-31,paid,generator,
CLM-J6DDM249D4,ambulance,MBR-DEXWGDJEY6,PRV-KGZA99WKKT,,,,2024-03-12,2024-03-16,paid,generator,
CLM-JEMVXHEWZC,professional,MBR-S7Z8C8UNTB,PRV-CYX8UDJJ75,,,,2024-07-31,2024-08-10,paid,generator,
CLM-WFQFF7SK5B,facility,MBR-BDY6GKJ6LW,PRV-LEVZRZGE33,FAC-FZ5P22Z29H,2024-05-03,2024-05-04,2024-06-11,2024-06-21,paid,generator,
CLM-KY2XPX2HLL,dme,MBR-4EXUHMWNNJ,PRV-FYQT8W8H8G,,,,2024-02-17,2024-02-22,paid,generator,
CLM-627XZCMCAU,home_health,MBR-9NLNH78NEA,PRV-ZU6YL2HNHH,,,,2024-06-18,2024-07-01,paid,generator,
CLM-K5GUZC2BMJ,behavioral_health,MBR-Q56D234924,PRV-F63QP3FKES,,,,2024-02-05,2024-02-06,paid,generator,
CLM-T6P9DSEA64,facility,MBR-ZL5Q6EFMAR,PRV-HP4BWL7QC4,FAC-HG5AVAWJLS,2024-01-25,2024-01-29,2024-02-14,2024-02-19,paid,generator,
CLM-GRGZGAWVKT,facility,MBR-YYH7PZ5M5C,PRV-GZWKQRABYX,FAC-FZ5P22Z29H,2024-08-19,2024-08-22,2024-08-22,2024-08-24,paid,generator,
CLM-E395XENM82,behavioral_health,MBR-63JAR5TFRQ,PRV-F63QP3FKES,,,,2024-08-03,2024-08-09,paid,generator,
CLM-QGYWJ7BXEZ,professional,MBR-ECH5HLTRCG,PRV-52P4GQD2DS,,,,2024-09-13,2024-09-20,paid,generator,
CLM-R369TEQKYR,laboratory,MBR-9VKQVB9R83,PRV-TTYMZNZQCD,,,,2024-08-04,2024-08-17,paid,generator,
CLM-RVARVRSFX6,ambulance,MBR-JXM5V2U2EH,PRV-AEV55VW98C,,,,2024-02-05,2024-02-11,paid,generator,
CLM-GL4NRAEFH8,laboratory,MBR-4PAPY9GKRR,PRV-DLK2K6289C,,,,2024-03-31,2024-04-08,paid,generator,
CLM-59TJRUSX4U,professional,MBR-LJX3UFVHQR,PRV-CYX8UDJJ75,,,,2024-04-04,2024-04-14,paid,generator,
CLM-XAJFUCCJJL,ambulance,MBR-J39SZ2P3P6,PRV-AEV55VW98C,,,,2024-05-09,2024-05-15,paid,generator,
CLM-MULG9EN4BZ,behavioral_health,MBR-R5AEQFFAJ2,PRV-9HWCXGYGRP,,,,2024-01-18,2024-01-31,paid,generator,
CLM-JCZLRUCZQJ,home_health,MBR-L3J58QSDDG,PRV-R6UGAZC4XJ,,,,2024-03-09,2024-03-21,paid,generator,
CLM-Z95M62W7SK,professional,MBR-85TW3PXGVH,PRV-EWJD2QDPA6,,,,2024-06-06,2024-06-15,paid,generator,
CLM-H7MHRUNUH6,laboratory,MBR-Q9XVDUN4EG,PRV-6LZYWNNT2J,,,,2024-04-21,2024-04-25,paid,generator,
CLM-TE4PLSGZDK,professional,MBR-3ULHAGK6SG,PRV-52P4GQD2DS,,,,2024-04-04,2024-04-15,paid,generator,
CLM-C3M7L3VZBW,laboratory,MBR-BZNAEFCCUH,PRV-TTYMZNZQCD,,,,2024-03-23,2024-03-30,paid,generator,
CLM-GCSXLG4PD4,laboratory,MBR-ZLNPJ2MYTP,PRV-GG7BBL7G9L,,,,2024-05-02,2024-05-14,paid,generator,
CLM-H9CFZGNNEX,ambulance,MBR-QBR4HDNJC7,PRV-KGZA99WKKT,,,,2024-04-23,2024-04-28,paid,generator,
CLM-Y95RMCWRK3,facility,MBR-P42BUQXM3S,PRV-LEVZRZGE33,FAC-FZ5P22Z29H,2024-05-31,2024-06-01,2024-06-23,2024-07-02,paid,generator,
CLM-8ST9LL4VN5,professional,MBR-H5PBWV7T3H,PRV-HC5CWNTSHD,,,,2024-06-24,2024-06-26,paid,generator,
CLM-E6NCXH7PT4,professional,MBR-BJJYH8G9UH,PRV-EWJD2QDPA6,,,,2024-04-16,2024-04-17,paid,generator,
CLM-RG7UG7CFXE,facility,MBR-ZQX5ZKU3UK,PRV-LEVZRZGE33,FAC-FZ5P22Z29H,2024-07-16,2024-07-17,2024-08-18,2024-08-25,paid,generator,
CLM-BLQQHRE56M,facility,MBR-TJZA2TZN6S,PRV-GZWKQRABYX,FAC-FZ5P22Z29H,2024-01-15,2024-01-17,2024-02-04,2024-02-08,paid,generator,
CLM-AXKAMJ9BFU,home_health,MBR-FZQYV4SKXX,PRV-ZU6YL2HNHH,,,,2024-03-18,2024-03-29,paid,generator,
CLM-WDWMJ8B97B,professional,MBR-4MXTKGTLSY,PRV-CYX8UDJJ75,,,,2024-05-27,2024-06-01,paid,generator,
CLM-8UUHA9NR89,home_health,MBR-VK3KCQ836K,PRV-5AE63K9XH5,,,,2024-08-24,2024-08-25,paid,generator,
CLM-NAFRWXF2WB,ambulance,MBR-V9VF74MPX3,PRV-AEV55VW98C,,,,2024-07-13,2024-07-16,paid,generator,
CLM-ZFPTC5HXT4,professional,MBR-B8UH9BQB22,PRV-CYX8UDJJ75,,,,2024-04-08,2024-04-16,paid,generator,
CLM-FCUXH7YZXL,dme,MBR-NP25PG6T7N,PRV-FYQT8W8H8G,,,,2024-05-16,2024-05-24,paid,generator,
CLM-DD6F7N6RQZ,laboratory,MBR-9VKQVB9R83,PRV-DLK2K6289C,,,,2024-06-20,2024-06-29,paid,generator,
CLM-WT938232HJ,behavioral_health,MBR-4VYBTHF64D,PRV-EGMCSQWZE2,,,,2024-04-03,2024-04-09,paid,generator,
CLM-ZYYUGGKBF2,laboratory,MBR-UC38TQGQU2,PRV-GG7BBL7G9L,,,,2024-04-18,2024-04-19,paid,generator,
CLM-5HTCSNSYM2,behavioral_health,MBR-3DKU3QY3W4,PRV-YHCS7YKNYQ,,,,2024-07-18,2024-07-26,paid,generator,
CLM-HKGS5FPWF6,laboratory,MBR-UC38TQGQU2,PRV-96KL4VD67A,,,,2024-05-18,2024-05-27,paid,generator,
CLM-B95WM9B2FD,professional,MBR-S483KN937H,PRV-DVP5UVKXMG,,,,2024-08-06,2024-08-18,paid,generator,
CLM-239EGCNREN,professional,MBR-63JAR5TFRQ,PRV-CYX8UDJJ75,,,,2024-05-22,2024-06-01,paid,generator,
CLM-2F3U6TNHB5,home_health,MBR-7FN4J7TSLE,PRV-5AE63K9XH5,,,,2024-03-05,2024-03-12,paid,generator,
CLM-E4TDHPTWQU,facility,MBR-S7Z8C8UNTB,PRV-H9LG5VAJ3J,FAC-HG5AVAWJLS,2024-05-26,2024-05-30,2024-06-26,2024-07-06,paid,generator,
CLM-Y6PLYAX58U,behavioral_health,MBR-NDAL8TYHG6,PRV-EGMCSQWZE2,,,,2024-06-06,2024-06-10,paid,generator,
CLM-GKWU9LC3YJ,behavioral_health,MBR-9PQ5QXMXV9,PRV-9HWCXGYGRP,,,,2024-07-13,2024-07-19,paid,generator,
CLM-Q96M2EEJUB,pharmacy,MBR-69CJDM2UQG,PRV-Z84M5CG5BX,,,,2024-02-14,2024-02-22,paid,generator,
CLM-HBBXDX4FGW,professional,MBR-B9S4DFFU5V,PRV-CYX8UDJJ75,,,,2024-05-06,2024-05-11,paid,generator,
CLM-V4HHQT6F74,ambulance,MBR-PSVVP9RXXN,PRV-KGZA99WKKT,,,,2024-06-01,2024-06-10,paid,generator,
CLM-V385GRV5FA,facility,MBR-FR9SUZRQYE,PRV-GZWKQRABYX,FAC-FZ5P22Z29H,2024-08-12,2024-08-13,2024-08-14,2024-08-20,paid,generator,
CLM-R5ZAE7DCHU,professional,MBR-XPGBTT2ECZ,PRV-HC5CWNTSHD,,,,2024-09-30,2024-10-10,paid,generator,
CLM-NQHRUUP4AK,facility,MBR-SMLQ7MHU28,PRV-LEVZRZGE33,FAC-FZ5P22Z29H,2024-05-07,2024-05-08,2024-06-04,2024-06-07,paid,generator,
CLM-YTYUHKU8WZ,behavioral_health,MBR-KXFLG7CTRT,PRV-9HWCXGYGRP,,,,2024-07-14,2024-07-21,paid,generator,
CLM-HLN3LVTGLH,professional,MBR-6RGUUNWJV3,PRV-EWJD2QDPA6,,,,2024-08-20,2024-08-27,paid,generator,
CLM-CXVZ532ZQA,behavioral_health,MBR-ZL5Q6EFMAR,PRV-YHCS7YKNYQ,,,,2024-04-09,2024-04-11,paid,generator,
CLM-6VCKX3RHRG,behavioral_health,MBR-5Y93Z8WGHW,PRV-9HWCXGYGRP,,,,2024-06-05,2024-06-13,paid,generator,
CLM-G4QA3F5U4G,ambulance,MBR-YYH7PZ5M5C,PRV-2RBJKMU8EL,,,,2024-07-03,2024-07-15,paid,generator,
CLM-E92PS2RXRH,dme,MBR-UCEQYHF3V4,PRV-4TYA4STMB7,,,,2024-02-03,2024-02-05,paid,generator,
CLM-Z9856MDQZT,professional,MBR-4MXTKGTLSY,PRV-EWJD2QDPA6,,,,2024-03-28,2024-03-31,paid,generator,
CLM-2ERFXJB9U4,laboratory,MBR-279EELY74M,PRV-6LZYWNNT2J,,,,2024-04-30,2024-05-02,paid,generator,
CLM-YMSJ3CZA4T,laboratory,MBR-ZL5Q6EFMAR,PRV-DLK2K6289C,,,,2024-08-02,2024-08-09,paid,generator,
CLM-4ZAUG7XFPS,professional,MBR-XMN8XNZMG2,PRV-52P4GQD2DS,,,,2024-09-17,2024-09-24,paid,generator,
CLM-25E2NA2ACV,behavioral_health,MBR-HX94GZSQRT,PRV-YHCS7YKNYQ,,,,2024-06-08,2024-06-19,paid,generator,
CLM-NEJKET3AKE,home_health,MBR-FZQYV4SKXX,PRV-5AE63K9XH5,,,,2024-04-08,2024-04-14,paid,generator,
CLM-FHLQ7UPJNG,home_health,MBR-UCEQYHF3V4,PRV-GQ36BNJZ2W,,,,2024-08-08,2024-08-13,paid,generator,
CLM-KL655HVWE4,dme,MBR-LYUPA4MC8N,PRV-KB3DDTGVSY,,,,2024-02-09,2024-02-16,paid,generator,
CLM-ZLHYNALHVP,professional,MBR-3ULHAGK6SG,PRV-EWJD2QDPA6,,,,2024-07-16,2024-07-27,paid,generator,
CLM-QQS8NGTAL2,professional,MBR-6RGUUNWJV3,PRV-52P4GQD2DS,,,,2024-06-25,2024-07-08,paid,generator,
CLM-RM8JLHFYRP,home_health,MBR-279EELY74M,PRV-GQ36BNJZ2W,,,,2024-07-29,2024-08-02,paid,generator,
CLM-DMWMSUEPX4,dme,MBR-85TW3PXGVH,PRV-LVGM3QWE3V,,,,2024-06-19,2024-06-25,paid,generator,
CLM-E5XW2ZCR96,behavioral_health,MBR-BZNAEFCCUH,PRV-EGMCSQWZE2,,,,2024-03-30,2024-04-09,paid,generator,
CLM-BSVTYYCDYD,behavioral_health,MBR-P42BUQXM3S,PRV-9HWCXGYGRP,,,,2024-06-02,2024-06-15,paid,generator,
CLM-4YJADWW6Q4,facility,MBR-5Y93Z8WGHW,PRV-GZWKQRABYX,FAC-HG5AVAWJLS,2024-01-03,2024-01-07,2024-01-20,2024-01-21,paid,generator,
CLM-HTLUTHULT8,professional,MBR-P42BUQXM3S,PRV-DVP5UVKXMG,,,,2024-05-06,2024-05-16,paid,generator,
CLM-8QB5XYKKZU,facility,MBR-2NR27KXVV3,PRV-QJ8CAJLGGT,FAC-FZ5P22Z29H,2024-06-25,2024-06-28,2024-07-04,2024-07-10,paid,generator,
CLM-AYKBJYYSJW,laboratory,MBR-VPC7RKBDT2,PRV-GG7BBL7G9L,,,,2024-03-31,2024-04-02,paid,generator,
CLM-5WSXTB7KAB,professional,MBR-QBR4HDNJC7,PRV-CYX8UDJJ75,,,,2024-06-13,2024-06-20,paid,generator,
CLM-YCNBH326JP,behavioral_health,MBR-DJLLB54X78,PRV-YHCS7YKNYQ,,,,2024-09-16,2024-09-18,paid,generator,
CLM-T79D599R78,professional,MBR-7XEPY4R5EL,PRV-CYX8UDJJ75,,,,2024-08-01,2024-08-08,paid,generator,
CLM-B6PYNQQSSF,professional,MBR-BL5PTDN9TA,PRV-52P4GQD2DS,,,,2024-07-25,2024-07-26,paid,generator,
CLM-GMYG6PUKM6,behavioral_health,MBR-BUL4LEDKWE,PRV-9HWCXGYGRP,,,,2024-06-24,2024-07-07,paid,generator,
CLM-VZ44GBLB99,professional,MBR-B8UH9BQB22,PRV-52P4GQD2DS,,,,2024-02-03,2024-02-08,paid,generator,
CLM-35FZ8RJXSG,facility,MBR-TJZA2TZN6S,PRV-HP4BWL7QC4,FAC-FZ5P22Z29H,2024-01-09,2024-01-12,2024-01-29,2024-02-01,paid,generator,
CLM-D4A8H8FAVF,professional,MBR-QBR4HDNJC7,PRV-EWJD2QDPA6,,,,2024-09-27,2024-10-04,paid,generator,
CLM-T86K8JESNU,professional,MBR-6SBLF43NN5,PRV-EWJD2QDPA6,,,,2024-02-08,2024-02-14,paid,generator,
CLM-NLD8ZVLS5H,home_health,MBR-UCEQYHF3V4,PRV-ZU6YL2HNHH,,,,2024-07-19,2024-07-21,paid,generator,
CLM-W86JNRTUN4,facility,MBR-KXFLG7CTRT,PRV-GZWKQRABYX,FAC-HG5AVAWJLS,2024-03-10,2024-03-13,2024-04-20,2024-04-27,paid,generator,
CLM-A6WP9PW5JM,pharmacy,MBR-8MK5KHJNCW,PRV-F2HS2XPZAV,,,,2024-08-20,2024-08-25,paid,generator,
CLM-CC4GQC38ZS,pharmacy,MBR-6SBLF43NN5,PRV-Z84M5CG5BX,,,,2024-09-26,2024-10-05,paid,generator,
CLM-A2N56A6REE,professional,MBR-TJZA2TZN6S,PRV-DVP5UVKXMG,,,,2024-01-27,2024-02-02,paid,generator,
CLM-NJQSLF7LTN,professional,MBR-BZNAEFCCUH,PRV-DVP5UVKXMG,,,,2024-04-12,2024-04-20,paid,generator,
CLM-7WCWAGVJ9C,professional,MBR-Q9XVDUN4EG,PRV-EWJD2QDPA6,,,,2024-05-11,2024-05-17,paid,generator,
CLM-SDUABJNYLJ,home_health,MBR-ARSHMU22CN,PRV-GQ36BNJZ2W,,,,2024-07-25,2024-08-07,paid,generator,
CLM-88LY8EE6J7,professional,MBR-KSC4HVJFFY,PRV-DVP5UVKXMG,,,,2024-02-28,2024-03-03,paid,generator,
CLM-HYUN426WRE,professional,MBR-B9S4DFFU5V,PRV-DVP5UVKXMG,,,,2024-03-05,2024-03-11,paid,generator,
CLM-CQPWMTXJHZ,dme,MBR-KH7EQQUK24,PRV-FYQT8W8H8G,,,,2024-04-17,2024-04-21,paid,generator,
CLM-BJU934VMBW,home_health,MBR-KURT4X2XJU,PRV-ZU6YL2HNHH,,,,2024-08-15,2024-08-18,paid,generator,
CLM-DNX3A9WJ8A,professional,MBR-DPYG8XMK2N,PRV-EWJD2QDPA6,,,,2024-08-08,2024-08-16,paid,generator,
CLM-TLFH9AHZLN,home_health,MBR-LKW3FJD9YF,PRV-GQ36BNJZ2W,,,,2024-05-13,2024-05-25,paid,generator,
CLM-L2C228LN3A,facility,MBR-LYUPA4MC8N,PRV-LEVZRZGE33,FAC-FZ5P22Z29H,2024-04-04,2024-04-07,2024-04-08,2024-04-14,paid,generator,
CLM-HYHPWU2HYB,laboratory,MBR-279EELY74M,PRV-DLK2K6289C,,,,2024-05-24,2024-05-29,paid,generator,
CLM-Z76RHTY3GZ,laboratory,MBR-QN2SK6VX4D,PRV-6LZYWNNT2J,,,,2024-02-05,2024-02-11,paid,generator,
CLM-7J27JTF6QV,laboratory,MBR-AEENY3383J,PRV-GG7BBL7G9L,,,,2024-09-19,2024-09-27,paid,generator,
CLM-QX2PF6GY3S,professional,MBR-TJZA2TZN6S,PRV-52P4GQD2DS,,,,2024-07-06,2024-07-16,paid,generator,
CLM-GU45VVHTSX,professional,MBR-LKW3FJD9YF,PRV-52P4GQD2DS,,,,2024-05-26,2024-06-02,paid,generator,
CLM-DPDTEXJE64,dme,MBR-6KDHMRRDDG,PRV-4TYA4STMB7,,,,2024-02-24,2024-03-07,paid,generator,
CLM-FP838AA6SB,dme,MBR-4LB87BN7MV,PRV-KB3DDTGVSY,,,,2024-02-09,2024-02-12,paid,generator,
CLM-VNLDVX2YF6,pharmacy,MBR-279EELY74M,PRV-F2HS2XPZAV,,,,2024-04-09,2024-04-16,paid,generator,
CLM-RNKJ7ZAWZF,home_health,MBR-SYWRT9N83F,PRV-ZU6YL2HNHH,,,,2024-02-16,2024-02-17,paid,generator,
CLM-DL83B3Q2JE,facility,MBR-26AVMXYZBB,PRV-H9LG5VAJ3J,FAC-FZ5P22Z29H,2024-07-07,2024-07-09,2024-08-11,2024-08-18,paid,generator,
CLM-P5JFK7F4AB,laboratory,MBR-R5AEQFFAJ2,PRV-DLK2K6289C,,,,2024-02-27,2024-03-08,paid,generator,
CLM-3HTFMST9CM,laboratory,MBR-63JAR5TFRQ,PRV-GG7BBL7G9L,,,,2024-04-20,2024-05-02,paid,generator,
CLM-HXTQWN5S9M,behavioral_health,MBR-EWCZ7ZJ4K2,PRV-EGMCSQWZE2,,,,2024-04-13,2024-04-26,paid,generator,
CLM-Y5672AYVGD,professional,MBR-S483KN937H,PRV-EWJD2QDPA6,,,,2024-05-06,2024-05-16,paid,generator,
CLM-NMC3FFFDC6,ambulance,MBR-UC38TQGQU2,PRV-2RBJKMU8EL,,,,2024-01-14,2024-01-24,paid,generator,
CLM-8P327GCN2E,professional,MBR-FV7G6UXLBA,PRV-52P4GQD2DS,,,,2024-06-11,2024-06-15,paid,generator,
CLM-WVRX8ECX5W,home_health,MBR-JZTGZW6TE6,PRV-ZU6YL2HNHH,,,,2024-04-12,2024-04-25,paid,generator,
CLM-M3D2WWY6AF,facility,MBR-QBR4HDNJC7,PRV-GZWKQRABYX,FAC-HG5AVAWJLS,2024-03-06,2024-03-07,2024-03-22,2024-03-27,paid,generator,
CLM-TS2NN6GEEE,behavioral_health,MBR-3DKU3QY3W4,PRV-F63QP3FKES,,,,2024-03-10,2024-03-18,paid,generator,
CLM-ACJ9PXSX55,professional,MBR-HGL5QVCM22,PRV-HC5CWNTSHD,,,,2024-08-30,2024-09-05,paid,generator,
CLM-TA2F74YTQC,behavioral_health,MBR-LJX3UFVHQR,PRV-9HWCXGYGRP,,,,2024-05-02,2024-05-13,paid,generator,
CLM-YVSDH5G92D,home_health,MBR-3ULHAGK6SG,PRV-GQ36BNJZ2W,,,,2024-02-19,2024-02-23,paid,generator,
CLM-U3ER5TZX4Y,facility,MBR-ETZVH7W6AB,PRV-LEVZRZGE33,FAC-HG5AVAWJLS,2024-04-11,2024-04-14,2024-05-22,2024-05-31,paid,generator,
CLM-CNKFRD6PPK,professional,MBR-B9S4DFFU5V,PRV-DVP5UVKXMG,,,,2024-05-20,2024-06-01,paid,generator,
CLM-VREFA5ZQ73,ambulance,MBR-279EELY74M,PRV-KGZA99WKKT,,,,2024-04-09,2024-04-13,paid,generator,
CLM-4PSVNGZY7Y,home_health,MBR-VPC7RKBDT2,PRV-R6UGAZC4XJ,,,,2024-07-23,2024-07-31,paid,generator,
CLM-JFYBTE8NRK,facility,MBR-4MXTKGTLSY,PRV-LEVZRZGE33,FAC-FZ5P22Z29H,2024-01-08,2024-01-11,2024-02-11,2024-02-13,paid,generator,
CLM-K9F4QDVE47,home_health,MBR-FYPQ73DHJX,PRV-GQ36BNJZ2W,,,,2024-06-07,2024-06-20,paid,generator,
CLM-SNNG94D7T8,ambulance,MBR-BUL4LEDKWE,PRV-2RBJKMU8EL,,,,2024-03-12,2024-03-22,paid,generator,
CLM-DEF5R2T7CY,home_health,MBR-63JAR5TFRQ,PRV-ZU6YL2HNHH,,,,2024-03-03,2024-03-07,paid,generator,
CLM-8FH2ERZJXS,professional,MBR-HX94GZSQRT,PRV-CYX8UDJJ75,,,,2024-05-04,2024-05-05,paid,generator,
CLM-AJV8WF22ZS,professional,MBR-LJX3UFVHQR,PRV-52P4GQD2DS,,,,2024-07-31,2024-08-02,paid,generator,
CLM-JLKCYSX8KQ,facility,MBR-4VYBTHF64D,PRV-H9LG5VAJ3J,FAC-FZ5P22Z29H,2024-08-12,2024-08-15,2024-09-03,2024-09-16,paid,generator,
CLM-XAFAT9MPM7,laboratory,MBR-YYH7PZ5M5C,PRV-96KL4VD67A,,,,2024-04-22,2024-05-03,paid,generator,
CLM-B25JEV5GSH,professional,MBR-BDY6GKJ6LW,PRV-CYX8UDJJ75,,,,2024-04-02,2024-04-04,paid,generator,
CLM-GXLVR7RZX9,ambulance,MBR-P42BUQXM3S,PRV-LJD3M755ZS,,,,2024-03-11,2024-03-19,paid,generator,
CLM-E5PD4WCQMS,facility,MBR-NP25PG6T7N,PRV-HP4BWL7QC4,FAC-FZ5P22Z29H,2024-02-24,2024-02-25,2024-03-01,2024-03-04,paid,generator,
CLM-S2US4P7JPC,dme,MBR-4VB4MXWWPN,PRV-FYQT8W8H8G,,,,2024-04-27,2024-05-03,paid,generator,
CLM-QZ9KSUTA8T,facility,MBR-EFTCWLP65R,PRV-LEVZRZGE33,FAC-FZ5P22Z29H,2024-02-11,2024-02-14,2024-03-14,2024-03-22,paid,generator,
CLM-JE5ZUFM7V7,home_health,MBR-BL5PTDN9TA,PRV-5AE63K9XH5,,,,2024-04-15,2024-04-19,paid,generator,
CLM-X2LPTQCAJW,behavioral_health,MBR-R5AEQFFAJ2,PRV-9HWCXGYGRP,,,,2024-02-10,2024-02-14,paid,generator,
CLM-RMKPBDZQWK,dme,MBR-BZNAEFCCUH,PRV-KB3DDTGVSY,,,,2024-07-25,2024-08-04,paid,generator,
CLM-DK85JJVR37,professional,MBR-KH7EQQUK24,PRV-CYX8UDJJ75,,,,2024-06-14,2024-06-21,paid,generator,
CLM-3YSQRHNRQR,laboratory,MBR-AEENY3383J,PRV-GG7BBL7G9L,,,,2024-07-27,2024-08-07,paid,generator,
CLM-YUQDC8YNZB,behavioral_health,MBR-279EELY74M,PRV-YHCS7YKNYQ,,,,2024-04-07,2024-04-20,paid,generator,
CLM-PB3BFZ8YPP,laboratory,MBR-HGL5QVCM22,PRV-6LZYWNNT2J,,,,2024-04-16,2024-04-28,paid,generator,
CLM-LSUWMDAB5N,dme,MBR-79KLVNZGFB,PRV-FYQT8W8H8G,,,,2024-05-03,2024-05-12,paid,generator,
CLM-N7LK8LPEEK,dme,MBR-4VB4MXWWPN,PRV-KB3DDTGVSY,,,,2024-03-17,2024-03-27,paid,generator,
CLM-8KY2DJ4WXF,professional,MBR-9PQ5QXMXV9,PRV-HC5CWNTSHD,,,,2024-05-06,2024-05-10,paid,generator,
CLM-NK5RE4WFAY,ambulance,MBR-8MK5KHJNCW,PRV-2RBJKMU8EL,,,,2024-06-21,2024-07-01,paid,generator,
CLM-2GMZJG4U9L,professional,MBR-HX94GZSQRT,PRV-EWJD2QDPA6,,,,2024-01-27,2024-01-30,paid,generator,
CLM-ZHGT2D54LW,facility,MBR-BL5PTDN9TA,PRV-GZWKQRABYX,FAC-FZ5P22Z29H,2024-03-02,2024-03-06,2024-03-03,2024-03-14,paid,generator,
CLM-UG5J8VQHUW,professional,MBR-6RGUUNWJV3,PRV-52P4GQD2DS,,,,2024-05-03,2024-05-06,paid,generator,
CLM-XHADBCKYZE,professional,MBR-ENQHWRE4EM,PRV-EWJD2QDPA6,,,,2024-04-01,2024-04-02,paid,generator,
CLM-GGCCD7HD4N,home_health,MBR-4MXTKGTLSY,PRV-ZU6YL2HNHH,,,,2024-03-25,2024-04-06,paid,generator,
CLM-7448YC9G8D,laboratory,MBR-BDY6GKJ6LW,PRV-DLK2K6289C,,,,2024-04-17,2024-04-18,paid,generator,
CLM-MY5HYXSY3W,ambulance,MBR-BUL4LEDKWE,PRV-LJD3M755ZS,,,,2024-10-02,2024-10-05,paid,generator,
CLM-YBA8SXZKQZ,ambulance,MBR-BL5PTDN9TA,PRV-KGZA99WKKT,,,,2024-03-08,2024-03-18,paid,generator,
CLM-4HVKKX6687,home_health,MBR-85TW3PXGVH,PRV-ZU6YL2HNHH,,,,2024-02-28,2024-03-06,paid,generator,
CLM-RBWT4RUNND,professional,MBR-JJNSJXSGYB,PRV-HC5CWNTSHD,,,,2024-06-22,2024-06-26,paid,generator,
CLM-UTM2EFKTLL,behavioral_health,MBR-R5AEQFFAJ2,PRV-EGMCSQWZE2,,,,2024-07-08,2024-07-12,paid,generator,
CLM-KJJT52VC7M,dme,MBR-TEMED367ZE,PRV-4TYA4STMB7,,,,2024-04-22,2024-05-03,paid,generator,
CLM-FAH3LCG4EJ,home_health,MBR-6RGUUNWJV3,PRV-GQ36BNJZ2W,,,,2024-02-19,2024-03-01,paid,generator,
CLM-SUD4UQ3TSV,professional,MBR-4VYBTHF64D,PRV-DVP5UVKXMG,,,,2024-06-12,2024-06-20,paid,generator,
CLM-EA2X2XQLLM,home_health,MBR-KSC4HVJFFY,PRV-ZU6YL2HNHH,,,,2024-06-11,2024-06-22,paid,generator,
CLM-X2AY5CV9R6,pharmacy,MBR-UCEQYHF3V4,PRV-F2HS2XPZAV,,,,2024-01-17,2024-01-27,paid,generator,
CLM-P4F3T48VRY,professional,MBR-3ULHAGK6SG,PRV-52P4GQD2DS,,,,2024-07-13,2024-07-26,paid,generator,
CLM-JB6WMT2PGJ,pharmacy,MBR-Y6AVHN8W6G,PRV-Z84M5CG5BX,,,,2024-04-21,2024-04-22,paid,generator,
CLM-6VQZAGK7GU,laboratory,MBR-LKW3FJD9YF,PRV-DLK2K6289C,,,,2024-06-15,2024-06-19,paid,generator,
CLM-EJY3HFXC54,dme,MBR-LKW3FJD9YF,PRV-KB3DDTGVSY,,,,2024-03-10,2024-03-23,paid,generator,
CLM-JBF5H3ZGHP,behavioral_health,MBR-H5PBWV7T3H,PRV-YHCS7YKNYQ,,,,2024-03-19,2024-03-24,paid,generator,
CLM-82RQF8WWFG,behavioral_health,MBR-FV7G6UXLBA,PRV-9HWCXGYGRP,,,,2024-01-24,2024-02-05,paid,generator,
CLM-UEFZGJGYH4,pharmacy,MBR-EL4SD7SMBU,PRV-NNZAMXRZ52,,,,2024-04-08,2024-04-10,paid,generator,
CLM-UENEVGJ9JT,home_health,MBR-V2LNSJANZJ,PRV-ZU6YL2HNHH,,,,2024-05-20,2024-06-02,paid,generator,
CLM-K9DRJHMC7G,laboratory,MBR-9VKQVB9R83,PRV-TTYMZNZQCD,,,,2024-09-02,2024-09-06,paid,generator,
CLM-ES7LKKQCU9,laboratory,MBR-4EXUHMWNNJ,PRV-GG7BBL7G9L,,,,2024-07-04,2024-07-05,paid,generator,
CLM-BTX6RGB6LH,home_health,MBR-ZL5Q6EFMAR,PRV-ZU6YL2HNHH,,,,2024-05-26,2024-06-06,paid,generator,
CLM-3VB88BM59H,laboratory,MBR-7XEPY4R5EL,PRV-GG7BBL7G9L,,,,2024-09-05,2024-09-12,paid,generator,
CLM-CHYVQ2ZVH2,ambulance,MBR-LKW3FJD9YF,PRV-KGZA99WKKT,,,,2024-07-31,2024-08-04,paid,generator,
CLM-RGAAX29NFM,home_health,MBR-PETFJK9QT7,PRV-R6UGAZC4XJ,,,,2024-01-17,2024-01-23,paid,generator,
CLM-4JYA2G8WDV,laboratory,MBR-B9S4DFFU5V,PRV-TTYMZNZQCD,,,,2024-08-13,2024-08-24,paid,generator,
CLM-84HQK8LMS2,home_health,MBR-63JAR5TFRQ,PRV-GQ36BNJZ2W,,,,2024-04-28,2024-05-10,paid,generator,
CLM-FP3C5FHKB7,professional,MBR-B8UH9BQB22,PRV-DVP5UVKXMG,,,,2024-05-06,2024-05-18,paid,generator,
CLM-ZTVTMF9XZ8,facility,MBR-FR9SUZRQYE,PRV-GZWKQRABYX,FAC-HG5AVAWJLS,2024-03-28,2024-04-01,2024-05-06,2024-05-17,paid,generator,
CLM-7R8WWP5TNJ,facility,MBR-BDY6GKJ6LW,PRV-GZWKQRABYX,FAC-HG5AVAWJLS,2024-02-21,2024-02-23,2024-03-16,2024-03-22,paid,generator,
CLM-KFY7KLZNHX,laboratory,MBR-PSVVP9RXXN,PRV-6LZYWNNT2J,,,,2024-06-14,2024-06-18,paid,generator,
CLM-NKA46CA9N5,pharmacy,MBR-V9VF74MPX3,PRV-Z84M5CG5BX,,,,2024-08-02,2024-08-09,paid,generator,
CLM-6K2QEWZJYV,home_health,MBR-XVAD9JHUZ8,PRV-GQ36BNJZ2W,,,,2024-09-13,2024-09-25,paid,generator,
CLM-KJZMBWWY9H,behavioral_health,MBR-XPGBTT2ECZ,PRV-F63QP3FKES,,,,2024-08-08,2024-08-10,paid,generator,
CLM-2GWXR46RS7,professional,MBR-L3J58QSDDG,PRV-52P4GQD2DS,,,,2024-04-21,2024-04-26,paid,generator,
CLM-S46A75CW5T,professional,MBR-9NLNH78NEA,PRV-CYX8UDJJ75,,,,2024-04-16,2024-04-19,paid,generator,
CLM-FDQ6RWD7BA,professional,MBR-R5AEQFFAJ2,PRV-HC5CWNTSHD,,,,2024-05-01,2024-05-03,paid,generator,
CLM-HZGT7JLUMJ,home_health,MBR-ARSHMU22CN,PRV-R6UGAZC4XJ,,,,2024-09-29,2024-10-02,paid,generator,
CLM-DF8ERAXELF,professional,MBR-4VYBTHF64D,PRV-CYX8UDJJ75,,,,2024-06-24,2024-07-01,paid,generator,
CLM-LTZ6SWES5Q,professional,MBR-BJJYH8G9UH,PRV-DVP5UVKXMG,,,,2024-01-25,2024-01-31,paid,generator,
CLM-MUJSDKASMJ,professional,MBR-4VB4MXWWPN,PRV-52P4GQD2DS,,,,2024-07-10,2024-07-16,paid,generator,
CLM-2FYU6JL4S8,professional,MBR-UCEQYHF3V4,PRV-52P4GQD2DS,,,,2024-01-04,2024-01-10,paid,generator,
CLM-JNKVJX3QA6,professional,MBR-J39SZ2P3P6,PRV-EWJD2QDPA6,,,,2024-05-04,2024-05-05,paid,generator,
CLM-X7286URGB2,professional,MBR-FV7G6UXLBA,PRV-52P4GQD2DS,,,,2024-05-06,2024-05-14,paid,generator,
CLM-7544MY4Q6B,pharmacy,MBR-XPGBTT2ECZ,PRV-P8SZX5BYHL,,,,2024-08-11,2024-08-13,paid,generator,
CLM-PLWWD3JSWN,behavioral_health,MBR-P42BUQXM3S,PRV-9HWCXGYGRP,,,,2024-06-17,2024-06-30,paid,generator,
CLM-48CVNXAZQS,laboratory,MBR-6SBLF43NN5,PRV-DLK2K6289C,,,,2024-08-06,2024-08-12,paid,generator,
CLM-85QG8TZAJF,ambulance,MBR-YQDXZC2T45,PRV-LJD3M755ZS,,,,2024-04-20,2024-04-29,paid,generator,
CLM-UDRU6TGCH8,ambulance,MBR-3ULHAGK6SG,PRV-2RBJKMU8EL,,,,2024-03-07,2024-03-17,paid,generator,
CLM-JNSJBVDFMM,behavioral_health,MBR-KQZHQZB89K,PRV-F63QP3FKES,,,,2024-01-25,2024-02-07,paid,generator,
CLM-5QRTBZTK3Z,home_health,MBR-P78M8HDWEL,PRV-R6UGAZC4XJ,,,,2024-02-22,2024-03-02,paid,generator,
CLM-QZB5Y2G7NQ,home_health,MBR-4VB4MXWWPN,PRV-ZU6YL2HNHH,,,,2024-06-21,2024-06-30,paid,generator,
CLM-U85C5Y49KR,professional,MBR-3ULHAGK6SG,PRV-CYX8UDJJ75,,,,2024-03-29,2024-04-06,paid,generator,
CLM-AD9MAM9B44,pharmacy,MBR-7XEPY4R5EL,PRV-P8SZX5BYHL,,,,2024-03-01,2024-03-09,paid,generator,
CLM-VXDV3EASZR,facility,MBR-6RGUUNWJV3,PRV-GZWKQRABYX,FAC-FZ5P22Z29H,2024-01-27,2024-01-30,2024-02-18,2024-02-26,paid,generator,
CLM-WYQ7T5TVRG,professional,MBR-23FN74V9L5,PRV-HC5CWNTSHD,,,,2024-06-01,2024-06-06,paid,generator,
CLM-JH47VMRQEQ,ambulance,MBR-GQPNSUNUD8,PRV-AEV55VW98C,,,,2024-06-02,2024-06-08,paid,generator,
CLM-KCWKGQ9Y95,behavioral_health,MBR-4KTNS62BW2,PRV-EGMCSQWZE2,,,,2024-06-10,2024-06-15,paid,generator,
CLM-LH2HS2DZ57,professional,MBR-3ULHAGK6SG,PRV-DVP5UVKXMG,,,,2024-04-23,2024-05-03,paid,generator,
CLM-MPGMLKVHTQ,home_health,MBR-26AVMXYZBB,PRV-ZU6YL2HNHH,,,,2024-05-12,2024-05-24,paid,generator,
CLM-SHPMXFPZUJ,home_health,MBR-VPC7RKBDT2,PRV-GQ36BNJZ2W,,,,2024-03-22,2024-03-30,paid,generator,
CLM-G6FX2AFEPH,home_health,MBR-LJX3UFVHQR,PRV-ZU6YL2HNHH,,,,2024-06-28,2024-07-11,paid,generator,
CLM-SRJHGTXYAU,ambulance,MBR-SYWRT9N83F,PRV-KGZA99WKKT,,,,2024-03-15,2024-03-28,paid,generator,
CLM-AKGDA2PZME,home_health,MBR-E5G8EVQHMP,PRV-R6UGAZC4XJ,,,,2024-03-20,2024-03-30,paid,generator,
CLM-RS44GKDEMZ,laboratory,MBR-69CJDM2UQG,PRV-96KL4VD67A,,,,2024-04-13,2024-04-19,paid,generator,
CLM-D3UAUV7MCS,laboratory,MBR-U8Q725GQ72,PRV-6LZYWNNT2J,,,,2024-06-08,2024-06-18,paid,generator,
CLM-43J4GWG4CE,home_health,MBR-79KLVNZGFB,PRV-GQ36BNJZ2W,,,,2024-02-26,2024-03-10,paid,generator,
CLM-WZGSCGN4FZ,professional,MBR-YTRN8M4CTJ,PRV-HC5CWNTSHD,,,,2024-07-25,2024-08-04,paid,generator,
CLM-ZKHKK4M78D,home_health,MBR-5C38HCEB3B,PRV-R6UGAZC4XJ,,,,2024-08-15,2024-08-19,paid,generator,
CLM-S7RVGDJGTV,home_health,MBR-NHZFV5F7YB,PRV-5AE63K9XH5,,,,2024-02-19,2024-03-01,paid,generator,
CLM-NSD8QFNR25,professional,MBR-4VB4MXWWPN,PRV-CYX8UDJJ75,,,,2024-03-04,2024-03-12,paid,generator,
CLM-7YNC55YJ88,dme,MBR-ARSHMU22CN,PRV-KB3DDTGVSY,,,,2024-05-04,2024-05-17,paid,generator,
CLM-3BQFCJA697,professional,MBR-UCEQYHF3V4,PRV-HC5CWNTSHD,,,,2024-03-09,2024-03-21,paid,generator,
CLM-2PTKJHQ2FE,professional,MBR-6R667HJXAJ,PRV-CYX8UDJJ75,,,,2024-03-26,2024-04-05,paid,generator,
CLM-DPNE87WH3J,professional,MBR-6SBLF43NN5,PRV-EWJD2QDPA6,,,,2024-02-02,2024-02-07,paid,generator,
CLM-5Z369F5ZEB,home_health,MBR-4VYBTHF64D,PRV-ZU6YL2HNHH,,,,2024-07-28,2024-08-10,paid,generator,
CLM-AF58CERLJF,behavioral_health,MBR-26AVMXYZBB,PRV-9HWCXGYGRP,,,,2024-06-05,2024-06-12,paid,generator,
CLM-7LXWS8ANWX,ambulance,MBR-DJLLB54X78,PRV-KGZA99WKKT,,,,2024-08-30,2024-09-02,paid,generator,
CLM-5GEMMASMHC,laboratory,MBR-2NR27KXVV3,PRV-96KL4VD67A,,,,2024-08-04,2024-08-16,paid,generator,
CLM-SUPFV9UWXJ,professional,MBR-3DKU3QY3W4,PRV-52P4GQD2DS,,,,2024-07-24,2024-07-31,paid,generator,
CLM-Y88DGHA39Q,professional,MBR-R5AEQFFAJ2,PRV-DVP5UVKXMG,,,,2024-05-30,2024-06-12,paid,generator,
CLM-9CT97PAP9D,laboratory,MBR-ZLNPJ2MYTP,PRV-TTYMZNZQCD,,,,2024-06-12,2024-06-24,paid,generator,
CLM-5JSG2PACLK,facility,MBR-N22Z5YSZ3U,PRV-LEVZRZGE33,FAC-HG5AVAWJLS,2024-07-06,2024-07-08,2024-07-23,2024-08-02,paid,generator,
CLM-KPXGA2JLZ5,home_health,MBR-EL4SD7SMBU,PRV-R6UGAZC4XJ,,,,2024-04-25,2024-05-02,paid,generator,
CLM-U5D98LHKS7,behavioral_health,MBR-KXFLG7CTRT,PRV-EGMCSQWZE2,,,,2024-04-30,2024-05-02,paid,generator,
CLM-4Q8RNHKPS8,professional,MBR-9VKQVB9R83,PRV-DVP5UVKXMG,,,,2024-05-21,2024-05-25,paid,generator,
CLM-YF7PS2KJN6,professional,MBR-BZNAEFCCUH,PRV-DVP5UVKXMG,,,,2024-08-10,2024-08-18,paid,generator,
CLM-9874BVLTY8,professional,MBR-VPC7RKBDT2,PRV-HC5CWNTSHD,,,,2024-03-21,2024-03-22,paid,generator,
CLM-T9VMALHU9H,professional,MBR-ZQX5ZKU3UK,PRV-HC5CWNTSHD,,,,2024-04-28,2024-04-30,paid,generator,
CLM-TPU2ZKE7PP,pharmacy,MBR-DJLLB54X78,PRV-P8SZX5BYHL,,,,2024-05-13,2024-05-16,paid,generator,
CLM-XLJDAT9BXG,pharmacy,MBR-DJLLB54X78,PRV-P8SZX5BYHL,,,,2024-05-01,2024-05-04,paid,generator,
CLM-N66JKFQQ4U,pharmacy,MBR-4MXTKGTLSY,PRV-P8SZX5BYHL,,,,2024-06-08,2024-06-11,paid,generator,
CLM-V6X4GXWRRF,pharmacy,MBR-4MXTKGTLSY,PRV-P8SZX5BYHL,,,,2024-06-13,2024-06-16,paid,generator,
CLM-9YZW99CKKN,professional,MBR-3DKU3QY3W4,PRV-52P4GQD2DS,,,,2024-04-20,2024-04-23,paid,generator,
CLM-GELLTUEU4W,professional,MBR-Y46Z4D77Y3,PRV-52P4GQD2DS,,,,2024-07-09,2024-07-12,paid,generator,
CLM-YTLT4URYBM,professional,MBR-P78M8HDWEL,PRV-52P4GQD2DS,,,,2024-06-07,2024-06-10,paid,generator,
CLM-ZYHLW7S3PU,professional,MBR-ZLNPJ2MYTP,PRV-52P4GQD2DS,,,,2024-07-24,2024-07-27,paid,generator,
CLM-34P4DE2F9L,professional,MBR-5C38HCEB3B,PRV-52P4GQD2DS,,,,2024-08-09,2024-08-12,paid,generator,
CLM-R3U7MFJBXY,professional,MBR-UCEQYHF3V4,PRV-52P4GQD2DS,,,,2024-06-16,2024-06-19,paid,generator,
CLM-EQM684GMNB,professional,MBR-BZNAEFCCUH,PRV-52P4GQD2DS,,,,2024-03-29,2024-04-01,paid,generator,
CLM-QBZGLYZKFF,professional,MBR-8QYV5748M9,PRV-52P4GQD2DS,,,,2024-05-25,2024-05-28,paid,generator,
CLM-3LUYNMDBYM,professional,MBR-U8Q725GQ72,PRV-52P4GQD2DS,,,,2024-08-18,2024-08-21,paid,generator,
CLM-NAQ3UGBEAJ,professional,MBR-63JAR5TFRQ,PRV-52P4GQD2DS,,,,2024-05-14,2024-05-17,paid,generator,
CLM-MEUBC2SLNW,professional,MBR-BL5PTDN9TA,PRV-52P4GQD2DS,,,,2024-04-10,2024-04-13,paid,generator,
CLM-6V225VHEJN,professional,MBR-UC38TQGQU2,PRV-52P4GQD2DS,,,,2024-07-07,2024-07-10,paid,generator,
CLM-DBCLQKJJLP,professional,MBR-DJLLB54X78,PRV-52P4GQD2DS,,,,2024-04-17,2024-04-20,paid,generator,
CLM-YYLPBQ69VH,professional,MBR-JZTGZW6TE6,PRV-52P4GQD2DS,,,,2024-02-22,2024-02-25,paid,generator,
CLM-ZCQLHLVESQ,professional,MBR-UQYW382EA8,PRV-52P4GQD2DS,,,,2024-02-05,2024-02-08,paid,generator,
CLM-YTH59WSSB5,professional,MBR-P78M8HDWEL,PRV-52P4GQD2DS,,,,2024-08-14,2024-08-17,paid,generator,
CLM-DSVN499GLY,professional,MBR-ETZVH7W6AB,PRV-52P4GQD2DS,,,,2024-07-11,2024-07-14,paid,generator,
CLM-74JSCK4HCZ,professional,MBR-69CJDM2UQG,PRV-52P4GQD2DS,,,,2024-03-22,2024-03-25,paid,generator,
CLM-FTN4LTDP5M,professional,MBR-BJJYH8G9UH,PRV-HC5CWNTSHD,,,,2024-02-11,2024-02-14,paid,generator,
CLM-DQN3RU8WXH,professional,MBR-ECH5HLTRCG,PRV-HC5CWNTSHD,,,,2024-02-22,2024-02-25,paid,generator,
CLM-6Y7ZGYSE6L,professional,MBR-PSVVP9RXXN,PRV-HC5CWNTSHD,,,,2024-02-28,2024-03-02,paid,generator,
CLM-QCLVBWD6H2,professional,MBR-BUL4LEDKWE,PRV-HC5CWNTSHD,,,,2024-03-17,2024-03-20,paid,generator,
CLM-TFBDREGMQK,professional,MBR-P42BUQXM3S,PRV-HC5CWNTSHD,,,,2024-03-08,2024-03-11,paid,generator,
CLM-WHSM6CY9LM,professional,MBR-KURT4X2XJU,PRV-HC5CWNTSHD,,,,2024-03-12,2024-03-15,paid,generator,
CLM-C564Z6P34J,professional,MBR-Y46Z4D77Y3,PRV-HC5CWNTSHD,,,,2024-03-20,2024-03-23,paid,generator,
CLM-RAK98HNKFU,professional,MBR-UQYW382EA8,PRV-HC5CWNTSHD,,,,2024-03-26,2024-03-29,paid,generator,
CLM-62422YQLNM,professional,MBR-ETZVH7W6AB,PRV-HC5CWNTSHD,,,,2024-04-17,2024-04-20,paid,generator,
CLM-ZNKLNVL55L,professional,MBR-QFQ7K875L3,PRV-HC5CWNTSHD,,,,2024-04-08,2024-04-11,paid,generator,
CLM-LPSXLSDJ4J,professional,MBR-Q56D234924,PRV-HC5CWNTSHD,,,,2024-04-21,2024-04-24,paid,generator,
CLM-MR3RVPBSXP,professional,MBR-AEENY3383J,PRV-HC5CWNTSHD,,,,2024-05-04,2024-05-07,paid,generator,
CLM-T8X3VLGD6F,professional,MBR-FYPQ73DHJX,PRV-HC5CWNTSHD,,,,2024-05-02,2024-05-05,paid,generator,
CLM-FV2ARBM3JS,professional,MBR-UQYW382EA8,PRV-HC5CWNTSHD,,,,2024-05-07,2024-05-10,paid,generator,
CLM-YRWYMJ2NPV,professional,MBR-ARSHMU22CN,PRV-HC5CWNTSHD,,,,2024-05-17,2024-05-20,paid,generator,
CLM-XZB6Y4M2F9,professional,MBR-UCEQYHF3V4,PRV-HC5CWNTSHD,,,,2024-05-15,2024-05-18,paid,generator,
CLM-RXEECWL46G,laboratory,MBR-Y4DRB8SKCE,PRV-DLK2K6289C,,,,2024-05-02,2024-05-05,paid,generator,
CLM-AKEJ4CZZDP,laboratory,MBR-Y4DRB8SKCE,PRV-DLK2K6289C,,,,2024-04-29,2024-05-02,paid,generator,
CLM-2RXZLRP9ST,ambulance,MBR-P42BUQXM3S,PRV-AEV55VW98C,,,,2024-06-11,2024-06-14,paid,generator,
CLM-HTG4NXM6BB,ambulance,MBR-Y4DRB8SKCE,PRV-AEV55VW98C,,,,2024-08-07,2024-08-10,paid,generator,
CLM-3UJDRWPQZY,ambulance,MBR-Y4DRB8SKCE,PRV-AEV55VW98C,,,,2024-07-30,2024-08-02,paid,generator,
CLM-67GKGWVFP3,dme,MBR-MPY7DCHPFS,PRV-FYQT8W8H8G,,,,2024-03-19,2024-03-22,paid,generator,
CLM-ALUSAXPCAM,ambulance,MBR-BL5PTDN9TA,PRV-AEV55VW98C,,,,2024-08-14,2024-08-17,paid,generator,
CLM-5MM5APWULW,ambulance,MBR-BJJYH8G9UH,PRV-AEV55VW98C,,,,2024-08-27,2024-08-30,paid,generator,
CLM-XF5PWP6GVR,behavioral_health,MBR-ECH5HLTRCG,PRV-9HWCXGYGRP,,,,2024-04-29,2024-05-02,paid,generator,
CLM-6L7ETQWDSQ,behavioral_health,MBR-PETFJK9QT7,PRV-9HWCXGYGRP,,,,2024-04-27,2024-04-30,paid,generator,
CLM-7RBQ7YX4HX,behavioral_health,MBR-UCEQYHF3V4,PRV-9HWCXGYGRP,,,,2024-04-25,2024-04-28,paid,generator,
CLM-QZTTQDFKKQ,behavioral_health,MBR-YTRN8M4CTJ,PRV-9HWCXGYGRP,,,,2024-04-17,2024-04-20,paid,generator,
CLM-HVQDTCYZS8,behavioral_health,MBR-23FN74V9L5,PRV-9HWCXGYGRP,,,,2024-04-17,2024-04-20,paid,generator,
CLM-LDNDRUQK49,behavioral_health,MBR-NP25PG6T7N,PRV-9HWCXGYGRP,,,,2024-04-30,2024-05-03,paid,generator,
CLM-X4MYW9KXYF,behavioral_health,MBR-NDAL8TYHG6,PRV-9HWCXGYGRP,,,,2024-04-30,2024-05-03,paid,generator,
CLM-59EYWF6J58,behavioral_health,MBR-26AVMXYZBB,PRV-9HWCXGYGRP,,,,2024-04-21,2024-04-24,paid,generator,
CLM-SKCNZZKRM4,behavioral_health,MBR-QN2SK6VX4D,PRV-9HWCXGYGRP,,,,2024-04-16,2024-04-19,paid,generator,
CLM-Y6B9UXYB2T,behavioral_health,MBR-XVAD9JHUZ8,PRV-9HWCXGYGRP,,,,2024-04-22,2024-04-25,paid,generator,
CLM-4SUF6LL3HA,behavioral_health,MBR-4EXUHMWNNJ,PRV-9HWCXGYGRP,,,,2024-04-14,2024-04-17,paid,generator,
CLM-AKJU6QZ4Q2,behavioral_health,MBR-JJNSJXSGYB,PRV-9HWCXGYGRP,,,,2024-04-25,2024-04-28,paid,generator,
CLM-LE58MHHJ3E,behavioral_health,MBR-2NR27KXVV3,PRV-9HWCXGYGRP,,,,2024-04-14,2024-04-17,paid,generator,
CLM-MWZQJAYU2A,behavioral_health,MBR-S483KN937H,PRV-9HWCXGYGRP,,,,2024-04-29,2024-05-02,paid,generator,
CLM-7SVAGKXBB7,behavioral_health,MBR-P42BUQXM3S,PRV-9HWCXGYGRP,,,,2024-04-17,2024-04-20,paid,generator,
CLM-GJYYPN89ER,behavioral_health,MBR-ZQX5ZKU3UK,PRV-9HWCXGYGRP,,,,2024-04-26,2024-04-29,paid,generator,
CLM-MJEH5PVAGE,behavioral_health,MBR-FVQXNKE82Q,PRV-9HWCXGYGRP,,,,2024-04-19,2024-04-22,paid,generator,
CLM-CEG65GE793,behavioral_health,MBR-6R667HJXAJ,PRV-9HWCXGYGRP,,,,2024-04-29,2024-05-02,paid,generator,
CLM-CV6DRUCGWM,behavioral_health,MBR-FR9SUZRQYE,PRV-9HWCXGYGRP,,,,2024-04-27,2024-04-30,paid,generator,
CLM-P8BW8MV45T,behavioral_health,MBR-4EXUHMWNNJ,PRV-9HWCXGYGRP,,,,2024-04-21,2024-04-24,paid,generator,
CLM-6N3UW4SWFZ,behavioral_health,MBR-S7Z8C8UNTB,PRV-9HWCXGYGRP,,,,2024-04-18,2024-04-21,paid,generator,
CLM-ZGYKJNQ24N,behavioral_health,MBR-W33FF9PGW5,PRV-9HWCXGYGRP,,,,2024-04-17,2024-04-20,paid,generator,
CLM-S6SFYF4M2V,behavioral_health,MBR-YQDXZC2T45,PRV-9HWCXGYGRP,,,,2024-04-15,2024-04-18,paid,generator,
CLM-Q5NSSVKNXL,behavioral_health,MBR-EL4SD7SMBU,PRV-9HWCXGYGRP,,,,2024-04-27,2024-04-30,paid,generator,
CLM-MLATU9KQ4P,behavioral_health,MBR-PETFJK9QT7,PRV-9HWCXGYGRP,,,,2024-04-21,2024-04-24,paid,generator,
CLM-XK3WP83TMV,behavioral_health,MBR-63JAR5TFRQ,PRV-9HWCXGYGRP,,,,2024-05-01,2024-05-04,paid,generator,
CLM-N464K82X9K,behavioral_health,MBR-S483KN937H,PRV-9HWCXGYGRP,,,,2024-04-15,2024-04-18,paid,generator,
CLM-FAE2TSMQJY,behavioral_health,MBR-EFTCWLP65R,PRV-9HWCXGYGRP,,,,2024-04-17,2024-04-20,paid,generator,
CLM-43V7CYGRHV,behavioral_health,MBR-UQYW382EA8,PRV-9HWCXGYGRP,,,,2024-01-11,2024-01-14,paid,generator,
CLM-7P45NMQXFU,home_health,MBR-KQZHQZB89K,PRV-5AE63K9XH5,,,,2024-05-25,2024-05-28,paid,generator,
CLM-BPRELW7PAQ,home_health,MBR-ZQX5ZKU3UK,PRV-5AE63K9XH5,,,,2024-03-15,2024-03-18,paid,generator,
CLM-WSSLMUBMX8,home_health,MBR-ZQX5ZKU3UK,PRV-5AE63K9XH5,,,,2024-03-19,2024-03-22,paid,generator,
CLM-P66W3VKKG6,home_health,MBR-ZQX5ZKU3UK,PRV-5AE63K9XH5,,,,2024-03-11,2024-03-14,paid,generator,
CLM-DDJPE4WZZX,home_health,MBR-ZQX5ZKU3UK,PRV-5AE63K9XH5,,,,2024-03-16,2024-03-19,paid,generator,
CLM-5QK28PFEA6,home_health,MBR-ZQX5ZKU3UK,PRV-5AE63K9XH5,,,,2024-03-23,2024-03-26,paid,generator,
CLM-X4ZUKU6MQE,home_health,MBR-ZQX5ZKU3UK,PRV-5AE63K9XH5,,,,2024-03-24,2024-03-27,paid,generator,
CLM-M42LGV2SY5,home_health,MBR-ZQX5ZKU3UK,PRV-5AE63K9XH5,,,,2024-03-16,2024-03-19,paid,generator,
CLM-9XF66QHRMQ,home_health,MBR-ZQX5ZKU3UK,PRV-5AE63K9XH5,,,,2024-03-24,2024-03-27,paid,generator,
CLM-96R7L5WWNR,home_health,MBR-ZQX5ZKU3UK,PRV-5AE63K9XH5,,,,2024-03-17,2024-03-20,paid,generator,
CLM-KYWT5TELEM,home_health,MBR-ZQX5ZKU3UK,PRV-5AE63K9XH5,,,,2024-03-13,2024-03-16,paid,generator,
CLM-4PYJCZLB95,home_health,MBR-ZQX5ZKU3UK,PRV-5AE63K9XH5,,,,2024-03-15,2024-03-18,paid,generator,
CLM-WTEEMU5BPB,home_health,MBR-ZQX5ZKU3UK,PRV-5AE63K9XH5,,,,2024-03-24,2024-03-27,paid,generator,
CLM-MGLX79QXY7,home_health,MBR-ZQX5ZKU3UK,PRV-5AE63K9XH5,,,,2024-03-22,2024-03-25,paid,generator,
CLM-4HL83TT2R9,home_health,MBR-ZQX5ZKU3UK,PRV-5AE63K9XH5,,,,2024-03-20,2024-03-23,paid,generator,
CLM-U6AZMJECV4,home_health,MBR-ZQX5ZKU3UK,PRV-5AE63K9XH5,,,,2024-03-23,2024-03-26,paid,generator,
CLM-MUHSYHWRR3,home_health,MBR-ZQX5ZKU3UK,PRV-5AE63K9XH5,,,,2024-04-02,2024-04-05,paid,generator,
CLM-7GKU45QZ95,home_health,MBR-ZQX5ZKU3UK,PRV-5AE63K9XH5,,,,2024-03-24,2024-03-27,paid,generator,
CLM-JH9Y6DEHT3,home_health,MBR-ZQX5ZKU3UK,PRV-5AE63K9XH5,,,,2024-03-20,2024-03-23,paid,generator,
CLM-XRZVWWM5PL,home_health,MBR-ZQX5ZKU3UK,PRV-5AE63K9XH5,,,,2024-04-05,2024-04-08,paid,generator,
CLM-EGUD6WUAVE,home_health,MBR-ZQX5ZKU3UK,PRV-5AE63K9XH5,,,,2024-03-24,2024-03-27,paid,generator,
CLM-G863ZRB962,home_health,MBR-ZQX5ZKU3UK,PRV-5AE63K9XH5,,,,2024-04-08,2024-04-11,paid,generator,
CLM-VWXVCGN89N,home_health,MBR-ZQX5ZKU3UK,PRV-5AE63K9XH5,,,,2024-03-24,2024-03-27,paid,generator,
CLM-ESWC2PLPZC,home_health,MBR-ZQX5ZKU3UK,PRV-5AE63K9XH5,,,,2024-04-07,2024-04-10,paid,generator,
CLM-DAUKY384UX,home_health,MBR-ZQX5ZKU3UK,PRV-5AE63K9XH5,,,,2024-04-07,2024-04-10,paid,generator,
CLM-PJA2XY4Y74,home_health,MBR-ZQX5ZKU3UK,PRV-5AE63K9XH5,,,,2024-04-05,2024-04-08,paid,generator,
CLM-ES6MTWQCUS,home_health,MBR-ZQX5ZKU3UK,PRV-5AE63K9XH5,,,,2024-04-10,2024-04-13,paid,generator,
CLM-PJ45YGUXC9,home_health,MBR-ZQX5ZKU3UK,PRV-5AE63K9XH5,,,,2024-04-05,2024-04-08,paid,generator,
CLM-K67H5Q87L8,home_health,MBR-ZQX5ZKU3UK,PRV-5AE63K9XH5,,,,2024-03-30,2024-04-02,paid,generator,
CLM-FD99XEJQNS,professional,MBR-BJJYH8G9UH,PRV-GG7BBL7G9L,,,,2024-04-22,2024-04-25,paid,generator,
CLM-S5YN337FBX,dme,MBR-LKW3FJD9YF,PRV-4GHMRGCDAW,,,,2024-02-19,2024-02-22,paid,generator,
CLM-KF2TJCNG9L,dme,MBR-4LB87BN7MV,PRV-ZVARQVCWQQ,,,,2024-03-01,2024-03-04,paid,generator,
CLM-DWNQHD5SV8,dme,MBR-B8UH9BQB22,PRV-HUT9JJ4X7T,,,,2024-02-26,2024-02-29,paid,generator,
CLM-6ZJKDRZBT3,dme,MBR-XMN8XNZMG2,PRV-4GHMRGCDAW,,,,2024-02-24,2024-02-27,paid,generator,
CLM-YEY6BC86YS,dme,MBR-LSWYAWLX8N,PRV-ZVARQVCWQQ,,,,2024-02-27,2024-03-01,paid,generator,
CLM-MZTJA7ZBA4,dme,MBR-L3J58QSDDG,PRV-HUT9JJ4X7T,,,,2024-03-03,2024-03-06,paid,generator,
CLM-BFRGRD97YB,dme,MBR-KH7EQQUK24,PRV-4GHMRGCDAW,,,,2024-02-20,2024-02-23,paid,generator,
CLM-RYY3JXRQUM,dme,MBR-NHZFV5F7YB,PRV-ZVARQVCWQQ,,,,2024-02-24,2024-02-27,paid,generator,
CLM-BEPRBFVS5K,dme,MBR-QBR4HDNJC7,PRV-HUT9JJ4X7T,,,,2024-02-26,2024-02-29,paid,generator,
CLM-6Y9UGPX89M,dme,MBR-8QYV5748M9,PRV-4GHMRGCDAW,,,,2024-02-23,2024-02-26,paid,generator,
CLM-A24ETYZ5X8,dme,MBR-VPC7RKBDT2,PRV-ZVARQVCWQQ,,,,2024-03-03,2024-03-06,paid,generator,
CLM-2EDVKQADMQ,dme,MBR-KSC4HVJFFY,PRV-HUT9JJ4X7T,,,,2024-03-03,2024-03-06,paid,generator,
CLM-BF3CVMVAAL,dme,MBR-J39SZ2P3P6,PRV-4GHMRGCDAW,,,,2024-03-10,2024-03-13,paid,generator,
CLM-W2936QX99Y,dme,MBR-85TW3PXGVH,PRV-ZVARQVCWQQ,,,,2024-03-01,2024-03-04,paid,generator,
CLM-DGCZ2D4BBY,dme,MBR-69CJDM2UQG,PRV-HUT9JJ4X7T,,,,2024-02-26,2024-02-29,paid,generator,
CLM-WWQ468M66P,dme,MBR-V9VF74MPX3,PRV-4GHMRGCDAW,,,,2024-03-11,2024-03-14,paid,generator,
CLM-7CFXZKF9LX,dme,MBR-ARSHMU22CN,PRV-ZVARQVCWQQ,,,,2024-03-14,2024-03-17,paid,generator,
CLM-WCTGANT8NG,dme,MBR-R5AEQFFAJ2,PRV-HUT9JJ4X7T,,,,2024-02-29,2024-03-03,paid,generator,
CLM-DYGV8N8PSK,dme,MBR-QFQ7K875L3,PRV-4GHMRGCDAW,,,,2024-03-04,2024-03-07,paid,generator,
CLM-CDM38GVLZJ,dme,MBR-4EXUHMWNNJ,PRV-ZVARQVCWQQ,,,,2024-03-16,2024-03-19,paid,generator,
CLM-UUVP6EZ93V,dme,MBR-FZQYV4SKXX,PRV-HUT9JJ4X7T,,,,2024-03-03,2024-03-06,paid,generator,
CLM-D34MP4Q9NX,dme,MBR-4KTNS62BW2,PRV-4GHMRGCDAW,,,,2024-03-19,2024-03-22,paid,generator,
CLM-J62FRA486G,dme,MBR-SMLQ7MHU28,PRV-ZVARQVCWQQ,,,,2024-03-15,2024-03-18,paid,generator,
CLM-BYZLTY53EM,dme,MBR-6R667HJXAJ,PRV-HUT9JJ4X7T,,,,2024-03-07,2024-03-10,paid,generator,
CLM-XUVTVQZ9D8,behavioral_health,MBR-KQZHQZB89K,PRV-M7GH4K66H3,,,,2024-02-13,2024-02-16,paid,generator,
CLM-T5U9HMCCFP,behavioral_health,MBR-EFTCWLP65R,PRV-BFHL3Y49ZW,,,,2024-02-17,2024-02-20,paid,generator,
CLM-H6A2TGEAUF,behavioral_health,MBR-B8UH9BQB22,PRV-RC658LCB76,,,,2024-02-20,2024-02-23,paid,generator,
CLM-MSUU47SNHT,behavioral_health,MBR-PETFJK9QT7,PRV-M7GH4K66H3,,,,2024-02-26,2024-02-29,paid,generator,
CLM-22GMJMQAAX,behavioral_health,MBR-6SBLF43NN5,PRV-BFHL3Y49ZW,,,,2024-02-24,2024-02-27,paid,generator,
CLM-5XQYMJRUEA,behavioral_health,MBR-3DKU3QY3W4,PRV-RC658LCB76,,,,2024-02-23,2024-02-26,paid,generator,
CLM-NFZAB8XXJL,behavioral_health,MBR-R5AEQFFAJ2,PRV-M7GH4K66H3,,,,2024-03-04,2024-03-07,paid,generator,
CLM-MRVNXR6N3T,behavioral_health,MBR-R5AEQFFAJ2,PRV-BFHL3Y49ZW,,,,2024-03-02,2024-03-05,paid,generator,
CLM-SGY285PXEM,behavioral_health,MBR-ECH5HLTRCG,PRV-RC658LCB76,,,,2024-02-29,2024-03-03,paid,generator,
CLM-DHRPRSJP9S,behavioral_health,MBR-PETFJK9QT7,PRV-M7GH4K66H3,,,,2024-02-26,2024-02-29,paid,generator,
CLM-XJCNGD3QUG,behavioral_health,MBR-Y46Z4D77Y3,PRV-BFHL3Y49ZW,,,,2024-03-06,2024-03-09,paid,generator,
CLM-6HGQC7UWH4,behavioral_health,MBR-ARSHMU22CN,PRV-RC658LCB76,,,,2024-03-11,2024-03-14,paid,generator,
CLM-AF82NZR6BE,behavioral_health,MBR-B8UH9BQB22,PRV-M7GH4K66H3,,,,2024-02-25,2024-02-28,paid,generator,
CLM-MBXGK58AR5,behavioral_health,MBR-P78M8HDWEL,PRV-BFHL3Y49ZW,,,,2024-02-29,2024-03-03,paid,generator,
CLM-S8U8JSJ2XZ,behavioral_health,MBR-L3J58QSDDG,PRV-RC658LCB76,,,,2024-03-14,2024-03-17,paid,generator,
CLM-PDG23DCSYR,behavioral_health,MBR-SYWRT9N83F,PRV-M7GH4K66H3,,,,2024-03-15,2024-03-18,paid,generator,
CLM-V864SCJCPB,behavioral_health,MBR-E5G8EVQHMP,PRV-BFHL3Y49ZW,,,,2024-03-08,2024-03-11,paid,generator,
CLM-5GPDEHBVKR,behavioral_health,MBR-QFQ7K875L3,PRV-RC658LCB76,,,,2024-03-08,2024-03-11,paid,generator,
CLM-QSTH9BN8VL,behavioral_health,MBR-BUL4LEDKWE,PRV-M7GH4K66H3,,,,2024-03-07,2024-03-10,paid,generator,
CLM-NWREXKNR26,behavioral_health,MBR-L3J58QSDDG,PRV-BFHL3Y49ZW,,,,2024-03-18,2024-03-21,paid,generator,
CLM-597NV64U2G,behavioral_health,MBR-4LB87BN7MV,PRV-RC658LCB76,,,,2024-03-06,2024-03-09,paid,generator,
CLM-SZWXUUFBHL,behavioral_health,MBR-23FN74V9L5,PRV-M7GH4K66H3,,,,2024-03-09,2024-03-12,paid,generator,
CLM-8B3SYEZD69,behavioral_health,MBR-B9S4DFFU5V,PRV-BFHL3Y49ZW,,,,2024-03-15,2024-03-18,paid,generator,
CLM-NHVRR8E7FF,behavioral_health,MBR-Y4DRB8SKCE,PRV-RC658LCB76,,,,2024-03-05,2024-03-08,paid,generator,
CLM-XGXXUQ8QSW,home_health,MBR-MPY7DCHPFS,PRV-ETLZN7DU4U,,,,2024-02-03,2024-02-06,paid,generator,
CLM-4LTT9PMJDC,home_health,MBR-79KLVNZGFB,PRV-ND2J7LZBRF,,,,2024-01-31,2024-02-03,paid,generator,
CLM-LRSREUCE8Y,home_health,MBR-FVQXNKE82Q,PRV-ACK8NC3876,,,,2024-02-02,2024-02-05,paid,generator,
CLM-VWG4Y8LT2P,home_health,MBR-Y46Z4D77Y3,PRV-6FDZ2H9Z97,,,,2024-01-28,2024-01-31,paid,generator,
CLM-PHQJY5ETGP,home_health,MBR-BJJYH8G9UH,PRV-DTZPX9JP99,,,,2024-02-09,2024-02-12,paid,generator,
CLM-PYMCNK6RPJ,home_health,MBR-85TW3PXGVH,PRV-ETLZN7DU4U,,,,2024-02-02,2024-02-05,paid,generator,
CLM-H3JQX27CYW,home_health,MBR-BUL4LEDKWE,PRV-ND2J7LZBRF,,,,2024-02-07,2024-02-10,paid,generator,
CLM-KRD2XCHF2R,home_health,MBR-6RGUUNWJV3,PRV-ACK8NC3876,,,,2024-02-15,2024-02-18,paid,generator,
CLM-JRFP7YCMJG,home_health,MBR-ZL5Q6EFMAR,PRV-6FDZ2H9Z97,,,,2024-02-09,2024-02-12,paid,generator,
CLM-XLUUPNAXQ6,home_health,MBR-Q9XVDUN4EG,PRV-DTZPX9JP99,,,,2024-02-05,2024-02-08,paid,generator,
CLM-RUZPL4C444,home_health,MBR-HGL5QVCM22,PRV-ETLZN7DU4U,,,,2024-02-09,2024-02-12,paid,generator,
CLM-EU7XJYQFH6,home_health,MBR-EWCZ7ZJ4K2,PRV-ND2J7LZBRF,,,,2024-02-06,2024-02-09,paid,generator,
CLM-JCEW76WWRS,home_health,MBR-YQDXZC2T45,PRV-ACK8NC3876,,,,2024-02-05,2024-02-08,paid,generator,
CLM-P3DHQAQNL4,home_health,MBR-JZTGZW6TE6,PRV-6FDZ2H9Z97,,,,2024-02-04,2024-02-07,paid,generator,
CLM-MP7K4AXRKM,home_health,MBR-4C2VNKWGF5,PRV-DTZPX9JP99,,,,2024-02-06,2024-02-09,paid,generator,
CLM-E7VNZMUE32,home_health,MBR-NP25PG6T7N,PRV-R6UGAZC4XJ,,,,2024-04-07,2024-04-10,paid,generator,
CLM-K2ZH5C8NDG,home_health,MBR-J39SZ2P3P6,PRV-R6UGAZC4XJ,,,,2024-04-18,2024-04-21,paid,generator,
CLM-BHC7L3CSU3,home_health,MBR-85TW3PXGVH,PRV-R6UGAZC4XJ,,,,2024-04-21,2024-04-24,paid,generator,
CLM-W378ZAK2X7,home_health,MBR-LYUPA4MC8N,PRV-R6UGAZC4XJ,,,,2024-04-08,2024-04-11,paid,generator,
CLM-EJR77JXTJ3,home_health,MBR-4VYBTHF64D,PRV-R6UGAZC4XJ,,,,2024-04-19,2024-04-22,paid,generator,
CLM-SMGSN5SMFW,home_health,MBR-KSC4HVJFFY,PRV-R6UGAZC4XJ,,,,2024-04-17,2024-04-20,paid,generator,
CLM-YB8ZNK7AK4,home_health,MBR-NDAL8TYHG6,PRV-R6UGAZC4XJ,,,,2024-05-01,2024-05-04,paid,generator,
CLM-N2KSCHZR5H,home_health,MBR-W33FF9PGW5,PRV-R6UGAZC4XJ,,,,2024-04-25,2024-04-28,paid,generator,
CLM-U6Y9HABJRU,home_health,MBR-YYH7PZ5M5C,PRV-R6UGAZC4XJ,,,,2024-05-02,2024-05-05,paid,generator,
CLM-YM38D6CEBN,home_health,MBR-FZQYV4SKXX,PRV-R6UGAZC4XJ,,,,2024-04-20,2024-04-23,paid,generator,
CLM-JJ5NM8KUZ6,home_health,MBR-7FN4J7TSLE,PRV-R6UGAZC4XJ,,,,2024-04-27,2024-04-30,paid,generator,
CLM-SNAU2TFL7T,home_health,MBR-S483KN937H,PRV-R6UGAZC4XJ,,,,2024-05-04,2024-05-07,paid,generator,
CLM-WJ6US8QWFW,home_health,MBR-8MK5KHJNCW,PRV-R6UGAZC4XJ,,,,2024-05-08,2024-05-11,paid,generator,
CLM-KXFJGGZLVA,home_health,MBR-YTRN8M4CTJ,PRV-R6UGAZC4XJ,,,,2024-05-09,2024-05-12,paid,generator,
CLM-JSN5JA2VNK,professional,MBR-Q9XVDUN4EG,PRV-52P4GQD2DS,,,,2024-02-15,2024-02-18,paid,generator,
CLM-XAAVQ68Z4Z,professional,MBR-79KLVNZGFB,PRV-52P4GQD2DS,,,,2024-08-17,2024-08-20,paid,generator,
CLM-YL282A8SRU,professional,MBR-8MK5KHJNCW,PRV-52P4GQD2DS,,,,2024-01-31,2024-02-03,paid,generator,
CLM-ZGG8DRCFJ6,professional,MBR-JJNSJXSGYB,PRV-52P4GQD2DS,,,,2024-02-03,2024-02-06,paid,generator,
CLM-U9U7AZNRLU,professional,MBR-GQPNSUNUD8,PRV-52P4GQD2DS,,,,2024-02-20,2024-02-23,paid,generator,
CLM-T2BP6B249S,professional,MBR-W33FF9PGW5,PRV-52P4GQD2DS,,,,2024-02-25,2024-02-28,paid,generator,
CLM-6CZZC5UZ4K,professional,MBR-4VYBTHF64D,PRV-52P4GQD2DS,,,,2024-02-22,2024-02-25,paid,generator,
CLM-CTD87GHFV4,professional,MBR-23FN74V9L5,PRV-52P4GQD2DS,,,,2024-02-27,2024-03-01,paid,generator,
CLM-N4DJPW92X2,professional,MBR-9NLNH78NEA,PRV-52P4GQD2DS,,,,2024-03-07,2024-03-10,paid,generator,
CLM-2XRCXQ7F27,professional,MBR-ETZVH7W6AB,PRV-52P4GQD2DS,,,,2024-03-24,2024-03-27,paid,generator,
CLM-ZSQHHJQ8B6,ambulance,MBR-KH7EQQUK24,PRV-AEV55VW98C,,,,2024-02-27,2024-03-01,paid,generator,
CLM-H9U5VGKD5M,professional,MBR-6RGUUNWJV3,PRV-52P4GQD2DS,,,,2024-08-03,2024-08-06,paid,generator,
CLM-FVW6LHF5AR,professional,MBR-GQPNSUNUD8,PRV-52P4GQD2DS,,,,2024-08-05,2024-08-08,paid,generator,
CLM-LEE9PP89ZN,professional,MBR-KXFLG7CTRT,PRV-52P4GQD2DS,,,,2024-08-14,2024-08-17,paid,generator,
CLM-NYKBVJUETQ,professional,MBR-Q56D234924,PRV-52P4GQD2DS,,,,2024-08-16,2024-08-19,paid,generator,
CLM-DDR8URMGFC,professional,MBR-U8Q725GQ72,PRV-52P4GQD2DS,,,,2024-08-08,2024-08-11,paid,generator,
CLM-L7HGR7HUAN,professional,MBR-3ULHAGK6SG,PRV-52P4GQD2DS,,,,2024-08-08,2024-08-11,paid,generator,
CLM-UEMY4VBV78,professional,MBR-UC38TQGQU2,PRV-52P4GQD2DS,,,,2024-08-06,2024-08-09,paid,generator,
CLM-M5M7ZBVASY,professional,MBR-HX94GZSQRT,PRV-52P4GQD2DS,,,,2024-08-19,2024-08-22,paid,generator,
CLM-CXN4BHBTVC,professional,MBR-6KDHMRRDDG,PRV-52P4GQD2DS,,,,2024-08-06,2024-08-09,paid,generator,
CLM-8SL983JXVJ,professional,MBR-7XEPY4R5EL,PRV-52P4GQD2DS,,,,2024-08-04,2024-08-07,paid,generator,
CLM-EMG3TEV5TT,professional,MBR-63JAR5TFRQ,PRV-52P4GQD2DS,,,,2024-08-13,2024-08-16,paid,generator,
CLM-YR7SBY5NK5,professional,MBR-KSC4HVJFFY,PRV-52P4GQD2DS,,,,2024-08-19,2024-08-22,paid,generator,
CLM-2E96GKA5LC,facility,MBR-KSC4HVJFFY,PRV-GZWKQRABYX,,,,2024-05-01,2024-05-04,paid,generator,
CLM-97PRUZWDHH,professional,MBR-FZQYV4SKXX,PRV-52P4GQD2DS,,,,2024-03-25,2024-03-28,paid,generator,
CLM-SHVKUN9QHJ,laboratory,MBR-FR9SUZRQYE,PRV-DLK2K6289C,,,,2024-03-01,2024-03-04,paid,generator,
CLM-5889MVRMEV,laboratory,MBR-6RGUUNWJV3,PRV-DLK2K6289C,,,,2024-03-10,2024-03-13,paid,generator,
CLM-6FX7X5DTT5,laboratory,MBR-VPC7RKBDT2,PRV-DLK2K6289C,,,,2024-03-12,2024-03-15,paid,generator,
CLM-HL986QNSN9,laboratory,MBR-26AVMXYZBB,PRV-DLK2K6289C,,,,2024-03-09,2024-03-12,paid,generator,
CLM-6PS86VF2N3,laboratory,MBR-2NR27KXVV3,PRV-DLK2K6289C,,,,2024-02-28,2024-03-02,paid,generator,
CLM-PYSDLQTYA5,laboratory,MBR-8QYV5748M9,PRV-DLK2K6289C,,,,2024-02-26,2024-02-29,paid,generator,
CLM-WEQ4LF2FHE,laboratory,MBR-XPGBTT2ECZ,PRV-DLK2K6289C,,,,2024-03-07,2024-03-10,paid,generator,
CLM-ZRTED7LJYC,laboratory,MBR-Q56D234924,PRV-DLK2K6289C,,,,2024-02-28,2024-03-02,paid,generator,
CLM-Y5WS6XVQXS,laboratory,MBR-LSWYAWLX8N,PRV-DLK2K6289C,,,,2024-03-06,2024-03-09,paid,generator,
CLM-26E3Z9GUX6,laboratory,MBR-26AVMXYZBB,PRV-DLK2K6289C,,,,2024-03-10,2024-03-13,paid,generator,
CLM-4954HGLJD6,laboratory,MBR-LYUPA4MC8N,PRV-DLK2K6289C,,,,2024-03-20,2024-03-23,paid,generator,
CLM-DML4GKPHT8,laboratory,MBR-QN2SK6VX4D,PRV-DLK2K6289C,,,,2024-03-13,2024-03-16,paid,generator,
CLM-ZE8DJ6FGWN,laboratory,MBR-EL4SD7SMBU,PRV-DLK2K6289C,,,,2024-03-10,2024-03-13,paid,generator,
CLM-6TZ2PR7GW7,laboratory,MBR-B9S4DFFU5V,PRV-DLK2K6289C,,,,2024-03-18,2024-03-21,paid,generator,
CLM-GBE3NHTD87,laboratory,MBR-DEXWGDJEY6,PRV-DLK2K6289C,,,,2024-03-11,2024-03-14,paid,generator,
CLM-6NF38F3C89,laboratory,MBR-QFQ7K875L3,PRV-DLK2K6289C,,,,2024-03-19,2024-03-22,paid,generator,
CLM-HDPDXPM5CN,laboratory,MBR-7XEPY4R5EL,PRV-DLK2K6289C,,,,2024-03-15,2024-03-18,paid,generator,
CLM-HEDZDQ6PD5,laboratory,MBR-9PQ5QXMXV9,PRV-DLK2K6289C,,,,2024-03-11,2024-03-14,paid,generator,
CLM-AKAELKZUVU,laboratory,MBR-FYPQ73DHJX,PRV-DLK2K6289C,,,,2024-03-18,2024-03-21,paid,generator,
CLM-LF39X56AHE,laboratory,MBR-6KDHMRRDDG,PRV-DLK2K6289C,,,,2024-03-25,2024-03-28,paid,generator,
CLM-PQWL7D7MUP,laboratory,MBR-79KLVNZGFB,PRV-DLK2K6289C,,,,2024-03-14,2024-03-17,paid,generator,
CLM-2SAKHS4J9A,laboratory,MBR-GQPNSUNUD8,PRV-DLK2K6289C,,,,2024-03-30,2024-04-02,paid,generator,
CLM-Z6RWAV4QJF,professional,MBR-8QYV5748M9,PRV-CYX8UDJJ75,,,,2024-08-07,2024-08-10,paid,generator,
CLM-8TZMRVJJYJ,professional,MBR-5Y93Z8WGHW,PRV-CYX8UDJJ75,,,,2024-06-18,2024-06-21,paid,generator,
CLM-RUFJVP4KJ7,professional,MBR-LUWMQY57KY,PRV-CYX8UDJJ75,,,,2024-05-26,2024-05-29,paid,generator,
CLM-DRSD59WR25,professional,MBR-FV7G6UXLBA,PRV-CYX8UDJJ75,,,,2024-07-15,2024-07-18,paid,generator,
CLM-HWD7PUAFP3,professional,MBR-V2LNSJANZJ,PRV-CYX8UDJJ75,,,,2024-04-10,2024-04-13,paid,generator,
CLM-ECE57KZFQM,professional,MBR-ENQHWRE4EM,PRV-CYX8UDJJ75,,,,2024-07-03,2024-07-06,paid,generator,
CLM-ZP9CJV3N5K,professional,MBR-E5G8EVQHMP,PRV-CYX8UDJJ75,,,,2024-07-22,2024-07-25,paid,generator,
CLM-RRQ3RESQVA,professional,MBR-KQZHQZB89K,PRV-CYX8UDJJ75,,,,2024-07-04,2024-07-07,paid,generator,
CLM-FEGV3VJRCD,professional,MBR-Y46Z4D77Y3,PRV-CYX8UDJJ75,,,,2024-06-16,2024-06-19,paid,generator,
CLM-X6TMPM9UMX,professional,MBR-ZQX5ZKU3UK,PRV-CYX8UDJJ75,,,,2024-02-25,2024-02-28,paid,generator,
CLM-LMMDDVKKW4,professional,MBR-LKW3FJD9YF,PRV-CYX8UDJJ75,,,,2024-06-11,2024-06-14,paid,generator,
CLM-MFAUQ673WB,professional,MBR-9NLNH78NEA,PRV-CYX8UDJJ75,,,,2024-04-15,2024-04-18,paid,generator,
CLM-VGY44WXUJG,professional,MBR-EKUMPKKR4M,PRV-CYX8UDJJ75,,,,2024-08-03,2024-08-06,paid,generator,
CLM-L9PR974MDR,professional,MBR-6SBLF43NN5,PRV-CYX8UDJJ75,,,,2024-06-23,2024-06-26,paid,generator,
CLM-6J5B3VE3EY,professional,MBR-5Y93Z8WGHW,PRV-CYX8UDJJ75,,,,2024-04-16,2024-04-19,paid,generator,
CLM-R2HPLEY4A4,professional,MBR-S483KN937H,PRV-CYX8UDJJ75,,,,2024-05-10,2024-05-13,paid,generator,
CLM-8D56R2KJ2K,professional,MBR-4KTNS62BW2,PRV-CYX8UDJJ75,,,,2024-05-19,2024-05-22,paid,generator,
CLM-WFV2NWVJEJ,professional,MBR-TJZA2TZN6S,PRV-CYX8UDJJ75,,,,2024-08-05,2024-08-08,paid,generator,
CLM-7GU9NRMQPK,professional,MBR-XVAD9JHUZ8,PRV-CYX8UDJJ75,,,,2024-04-30,2024-05-03,paid,generator,
CLM-PHSFPZL77A,professional,MBR-4MXTKGTLSY,PRV-CYX8UDJJ75,,,,2024-02-14,2024-02-17,paid,generator,
CLM-C5PWMTE5VV,professional,MBR-XMN8XNZMG2,PRV-CYX8UDJJ75,,,,2024-03-17,2024-03-20,paid,generator,
CLM-SWX22MHUB7,professional,MBR-XMN8XNZMG2,PRV-CYX8UDJJ75,,,,2024-04-28,2024-05-01,paid,generator,
CLM-RHTQNJBXD8,professional,MBR-4KTNS62BW2,PRV-CYX8UDJJ75,,,,2024-07-27,2024-07-30,paid,generator,
CLM-F9B6FTP86B,professional,MBR-LSWYAWLX8N,PRV-CYX8UDJJ75,,,,2024-06-28,2024-07-01,paid,generator,
CLM-L7MHRFBM68,professional,MBR-N22Z5YSZ3U,PRV-CYX8UDJJ75,,,,2024-03-13,2024-03-16,paid,generator,
CLM-YZT3XXJL8Q,professional,MBR-BJJYH8G9UH,PRV-CYX8UDJJ75,,,,2024-07-04,2024-07-07,paid,generator,
CLM-GSYGSY4GSK,professional,MBR-UCEQYHF3V4,PRV-CYX8UDJJ75,,,,2024-04-01,2024-04-04,paid,generator,
CLM-MFWTP2AFSZ,professional,MBR-VK3KCQ836K,PRV-CYX8UDJJ75,,,,2024-06-25,2024-06-28,paid,generator,
CLM-JZ3S6YWBVQ,professional,MBR-NDAL8TYHG6,PRV-CYX8UDJJ75,,,,2024-06-20,2024-06-23,paid,generator,
CLM-P7JZKDVM73,professional,MBR-EWCZ7ZJ4K2,PRV-CYX8UDJJ75,,,,2024-07-27,2024-07-30,paid,generator,
CLM-75EN2MQX3T,professional,MBR-N22Z5YSZ3U,PRV-CYX8UDJJ75,,,,2024-02-18,2024-02-21,paid,generator,
CLM-KTCUKHWDKN,professional,MBR-KSC4HVJFFY,PRV-CYX8UDJJ75,,,,2024-05-17,2024-05-20,paid,generator,
CLM-CBFEQYLUTH,professional,MBR-KXFLG7CTRT,PRV-CYX8UDJJ75,,,,2024-03-01,2024-03-04,paid,generator,
CLM-5ETGW4F9ZM,professional,MBR-8QYV5748M9,PRV-CYX8UDJJ75,,,,2024-07-09,2024-07-12,paid,generator,
CLM-LTAXBZDD44,professional,MBR-NP25PG6T7N,PRV-CYX8UDJJ75,,,,2024-07-31,2024-08-03,paid,generator,
CLM-VPUUMX233R,professional,MBR-4VYBTHF64D,PRV-CYX8UDJJ75,,,,2024-02-24,2024-02-27,paid,generator,
CLM-WV2XG43PTF,laboratory,MBR-9PQ5QXMXV9,PRV-DLK2K6289C,,,,2024-05-27,2024-05-30,paid,generator,
CLM-T5A7C6ARRE,laboratory,MBR-9PQ5QXMXV9,PRV-DLK2K6289C,,,,2024-05-17,2024-05-20,paid,generator,
